run_accession	paired_reads_match	num_read_pairs_r12	num_seqs_r12	sum_len_r12	avg_len_r12	min_len_r12	max_len_r12	gc_percent_r12	q20_percent_r12	q30_percent_r12	avg_qual_r12	sum_n_r12	sum_gap_r12	file_r1	file_r2	format_r1	format_r2	type_r1	type_r2	num_seqs_r1	num_seqs_r2	sum_len_r1	sum_len_r2	min_len_r1	min_len_r2	avg_len_r1	avg_len_r2	max_len_r1	max_len_r2	q1_r1	q1_r2	q2_r1	q2_r2	q3_r1	q3_r2	sum_gap_r1	sum_gap_r2	n50_r1	n50_r2	n50_num_r1	n50_num_r2	q20_percent_r1	q20_percent_r2	q30_percent_r1	q30_percent_r2	avg_qual_r1	avg_qual_r2	gc_percent_r1	gc_percent_r2	sum_n_r1	sum_n_r2	q1_mean_r12	q2_mean_r12	q3_mean_r12	n50_mean_r12	n50_num_r12
SRR5935746	TRUE	10285129	20570258	1970572364	95.80000000000001	60	101	45.085042575736644	99	97	31.0056386360496	155508	0	workflow/work/clean/SRR5935746_R1.fastq.gz	workflow/work/clean/SRR5935746_R2.fastq.gz	FASTQ	FASTQ	DNA	DNA	10285129	10285129	988082801	982489563	60	60	96.1	95.5	101	101	100	99	101	101	101	101	0	0	101	101	1	1	99	99	97	97	31.23	30.78	45.1	45.07	21319	134189	99.5	101	101	101	2
SRR5935750	TRUE	5887263	11774526	1103544900	93.75	60	101	50.12017768465968	98	94	29.47512437926178	5309	0	workflow/work/clean/SRR5935750_R1.fastq.gz	workflow/work/clean/SRR5935750_R2.fastq.gz	FASTQ	FASTQ	DNA	DNA	5887263	5887263	553733280	549811620	60	60	94.1	93.4	101	101	91	88	101	101	101	101	0	0	101	101	1	1	98	98	94	94	29.51	29.44	50.17	50.07	4671	638	89.5	101	101	101	2
SRR5935751	TRUE	17220530	34441060	3280162925	95.25	60	101	43.46001842567318	99	96.5009212836585	31.115340874953645	72709	0	workflow/work/clean/SRR5935751_R1.fastq.gz	workflow/work/clean/SRR5935751_R2.fastq.gz	FASTQ	FASTQ	DNA	DNA	17220530	17220530	1643103423	1637059502	60	60	95.4	95.1	101	101	100	99	101	101	101	101	0	0	101	101	1	1	99	99	97	96	31.3	30.93	43.47	43.45	64706	8003	99.5	101	101	101	2
SRR5935754	TRUE	9575237	19150474	1810066748	94.55	60	101	47.365069854109045	99	96.49860291781903	31.129748525207425	23481	0	workflow/work/clean/SRR5935754_R1.fastq.gz	workflow/work/clean/SRR5935754_R2.fastq.gz	FASTQ	FASTQ	DNA	DNA	9575237	9575237	907562186	902504562	60	60	94.8	94.3	101	101	98	92	101	101	101	101	0	0	101	101	1	1	99	99	96	97	31.04	31.22	47.39	47.34	21233	2248	95	101	101	101	2
SRR5935777	TRUE	7263305	14526610	1352864186	93.15	60	101	48.99005954271007	98	95	29.75023817084031	6777	0	workflow/work/clean/SRR5935777_R1.fastq.gz	workflow/work/clean/SRR5935777_R2.fastq.gz	FASTQ	FASTQ	DNA	DNA	7263305	7263305	678445923	674418263	60	60	93.4	92.9	101	101	88	86	101	101	101	101	0	0	101	101	1	1	98	98	95	95	29.83	29.67	49.01	48.97	6005	772	87	101	101	101	2
SRR5935787	TRUE	15261729	30523458	2932058505	96.05	60	101	43.94499007215751	98.4990072157513	95.4990072157513	30.389106494176183	54663	0	workflow/work/clean/SRR5935787_R1.fastq.gz	workflow/work/clean/SRR5935787_R2.fastq.gz	FASTQ	FASTQ	DNA	DNA	15261729	15261729	1468940154	1463118351	60	60	96.2	95.9	101	101	101	100	101	101	101	101	0	0	101	101	1	1	98	99	95	96	29.94	30.84	43.94	43.95	48333	6330	100.5	101	101	101	2
SRR5935790	TRUE	8525551	17051102	1630308414	95.60000000000001	60	101	44.95	99	96.50097104632866	31.130407839458037	35844	0	workflow/work/clean/SRR5935790_R1.fastq.gz	workflow/work/clean/SRR5935790_R2.fastq.gz	FASTQ	FASTQ	DNA	DNA	8525551	8525551	816737312	813571102	60	60	95.8	95.4	101	101	100	100	101	101	101	101	0	0	101	101	1	1	99	99	97	96	31.34	30.92	44.95	44.95	32085	3759	100	101	101	101	2
SRR5935792	TRUE	10480625	20961250	1983655260	94.65	60	101	44.57001344728619	99	97	31.619946210855208	29220	0	workflow/work/clean/SRR5935792_R1.fastq.gz	workflow/work/clean/SRR5935792_R2.fastq.gz	FASTQ	FASTQ	DNA	DNA	10480625	10480625	993161369	990493891	60	60	94.8	94.5	101	101	97	93	101	101	101	101	0	0	101	101	1	1	99	99	97	97	31.58	31.66	44.58	44.56	26275	2945	95	101	101	101	2
SRR5935794	TRUE	12407833	24815666	2363683301	95.25	60	101	45.805025138919824	99	97	31.249899444320693	35110	0	workflow/work/clean/SRR5935794_R1.fastq.gz	workflow/work/clean/SRR5935794_R2.fastq.gz	FASTQ	FASTQ	DNA	DNA	12407833	12407833	1183822332	1179860969	60	60	95.4	95.1	101	101	99	98	101	101	101	101	0	0	101	101	1	1	99	99	97	97	31.19	31.31	45.82	45.79	32145	2965	98.5	101	101	101	2
SRR5935799	TRUE	8296482	16592964	1567128359	94.45	60	101	49.275052116059626	99	97	30.950903345033524	111670	0	workflow/work/clean/SRR5935799_R1.fastq.gz	workflow/work/clean/SRR5935799_R2.fastq.gz	FASTQ	FASTQ	DNA	DNA	8296482	8296482	786286598	780841761	60	60	94.8	94.1	101	101	98	91	101	101	101	101	0	0	101	101	1	1	99	99	97	97	31.21	30.69	49.29	49.26	17299	94371	94.5	101	101	101	2
SRR5935800	TRUE	13791047	27582094	2614566418	94.75	60	101	46.585013561177774	98	95	29.824926769640008	15025	0	workflow/work/clean/SRR5935800_R1.fastq.gz	workflow/work/clean/SRR5935800_R2.fastq.gz	FASTQ	FASTQ	DNA	DNA	13791047	13791047	1307992341	1306574077	60	60	94.8	94.7	101	101	97	96	101	101	101	101	0	0	101	101	1	1	98	98	95	95	29.69	29.96	46.61	46.56	13338	1687	96.5	101	101	101	2
SRR5935804	TRUE	12086402	24172804	2277332975	94.2	60	101	46.88505031454612	99	96.49899370907761	31.22486918218009	30165	0	workflow/work/clean/SRR5935804_R1.fastq.gz	workflow/work/clean/SRR5935804_R2.fastq.gz	FASTQ	FASTQ	DNA	DNA	12086402	12086402	1140958147	1136374828	60	60	94.4	94	101	101	92	91	101	101	101	101	0	0	101	101	1	1	99	99	96	97	31.16	31.29	46.91	46.86	27580	2585	91.5	101	101	101	2
SRR5935814	TRUE	4672170	9344340	896569770	95.95	60	101	45.95007375564313	99	96	31.055012292607188	11396	0	workflow/work/clean/SRR5935814_R1.fastq.gz	workflow/work/clean/SRR5935814_R2.fastq.gz	FASTQ	FASTQ	DNA	DNA	4672170	4672170	449387003	447182767	60	60	96.2	95.7	101	101	100	99	101	101	101	101	0	0	101	101	1	1	99	99	96	96	31.06	31.05	45.98	45.92	10401	995	99.5	101	101	101	2
SRR5935826	TRUE	8025101	16050202	1520600141	94.75	60	101	44.16	98.49912389624065	95.9982477924813	30.633747171624126	17317	0	workflow/work/clean/SRR5935826_R1.fastq.gz	workflow/work/clean/SRR5935826_R2.fastq.gz	FASTQ	FASTQ	DNA	DNA	8025101	8025101	761632274	758967867	60	60	94.9	94.6	101	101	98	93	101	101	101	101	0	0	101	101	1	1	98	99	95	97	29.92	31.35	44.16	44.16	16164	1153	95.5	101	101	101	2
SRR5935830	TRUE	13197254	26394508	2504869307	94.89999999999999	60	101	45.08	99	97	31.490378229853093	35649	0	workflow/work/clean/SRR5935830_R1.fastq.gz	workflow/work/clean/SRR5935830_R2.fastq.gz	FASTQ	FASTQ	DNA	DNA	13197254	13197254	1255592708	1249276599	60	60	95.1	94.7	101	101	99	94	101	101	101	101	0	0	101	101	1	1	99	99	97	97	31.64	31.34	45.08	45.08	32456	3193	96.5	101	101	101	2
SRR5935831	TRUE	11775619	23551238	2236399722	94.95	60	101	45.91505927214116	99	96.50197573803848	31.22600762639963	29877	0	workflow/work/clean/SRR5935831_R1.fastq.gz	workflow/work/clean/SRR5935831_R2.fastq.gz	FASTQ	FASTQ	DNA	DNA	11775619	11775619	1122618401	1113781321	60	60	95.3	94.6	101	101	100	94	101	101	101	101	0	0	101	101	1	1	99	99	97	96	31.48	30.97	45.93	45.9	27103	2774	97	101	101	101	2
SRR5935832	TRUE	6225285	12450570	1168370410	93.85	60	101	44.55011948498422	99	97	31.001991416403637	82360	0	workflow/work/clean/SRR5935832_R1.fastq.gz	workflow/work/clean/SRR5935832_R2.fastq.gz	FASTQ	FASTQ	DNA	DNA	6225285	6225285	586511917	581858493	60	60	94.2	93.5	101	101	91	89	101	101	101	101	0	0	101	101	1	1	99	99	97	97	31.5	30.5	44.58	44.52	11463	70897	90	101	101	101	2
SRR5935835	TRUE	1099596	2199192	213446704	97.05	60	101	44.86008660625651	98.50144343760867	96	30.725534071915206	4072	0	workflow/work/clean/SRR5935835_R1.fastq.gz	workflow/work/clean/SRR5935835_R2.fastq.gz	FASTQ	FASTQ	DNA	DNA	1099596	1099596	107031449	106415255	60	60	97.3	96.8	101	101	101	100	101	101	101	101	0	0	101	101	1	1	99	98	96	96	30.91	30.54	44.89	44.83	3552	520	100.5	101	101	101	2
SRR5935837	TRUE	8458473	16916946	1589168377	93.94999999999999	60	101	47.09012239120336	99	96	31.09542836921175	20197	0	workflow/work/clean/SRR5935837_R1.fastq.gz	workflow/work/clean/SRR5935837_R2.fastq.gz	FASTQ	FASTQ	DNA	DNA	8458473	8458473	797825859	791342518	60	60	94.3	93.6	101	101	92	89	101	101	101	101	0	0	101	101	1	1	99	99	96	96	31.2	30.99	47.12	47.06	18517	1680	90.5	101	101	101	2
SRR5935845	TRUE	11493561	22987122	2150769838	93.6	60	101	45.49497659268365	98	95.0009362926541	29.9954447390107	12558	0	workflow/work/clean/SRR5935845_R1.fastq.gz	workflow/work/clean/SRR5935845_R2.fastq.gz	FASTQ	FASTQ	DNA	DNA	11493561	11493561	1074378044	1076391794	60	60	93.5	93.7	101	101	88	89	101	101	101	101	0	0	101	101	1	1	98	98	94	96	29.52	30.47	45.52	45.47	11102	1456	88.5	101	101	101	2
SRR5935847	TRUE	4573036	9146072	863503498	94.39999999999999	60	101	45.17003392122911	98	94.49966078770882	29.704847354468967	4114	0	workflow/work/clean/SRR5935847_R1.fastq.gz	workflow/work/clean/SRR5935847_R2.fastq.gz	FASTQ	FASTQ	DNA	DNA	4573036	4573036	432044660	431458838	60	60	94.5	94.3	101	101	93	92	101	101	101	101	0	0	101	101	1	1	98	98	94	95	29.48	29.93	45.22	45.12	3548	566	92.5	101	101	101	2
SRR5935858	TRUE	10375521	20751042	1975591842	95.2	60	101	44.73498651806034	99	97	31.065471867887982	148754	0	workflow/work/clean/SRR5935858_R1.fastq.gz	workflow/work/clean/SRR5935858_R2.fastq.gz	FASTQ	FASTQ	DNA	DNA	10375521	10375521	990459402	985132440	60	60	95.5	94.9	101	101	100	95	101	101	101	101	0	0	101	101	1	1	99	99	97	97	31.24	30.89	44.73	44.74	19306	129448	97.5	101	101	101	2
SRR5935863	TRUE	11314460	22628920	2149863610	95	60	101	45.53004994739178	99	96.49916754347035	31.144741938475807	27446	0	workflow/work/clean/SRR5935863_R1.fastq.gz	workflow/work/clean/SRR5935863_R2.fastq.gz	FASTQ	FASTQ	DNA	DNA	11314460	11314460	1076721473	1073142137	60	60	95.2	94.8	101	101	99	97	101	101	101	101	0	0	101	101	1	1	99	99	96	97	30.99	31.3	45.56	45.5	25038	2408	98	101	101	101	2
SRR5935869	TRUE	13398491	26796982	2532870718	94.5	60	101	46.08518733945504	99	96.50267627792915	31.012087496784748	32913	0	workflow/work/clean/SRR5935869_R1.fastq.gz	workflow/work/clean/SRR5935869_R2.fastq.gz	FASTQ	FASTQ	DNA	DNA	13398491	13398491	1273214025	1259656693	60	60	95	94	101	101	99	91	101	101	101	101	0	0	101	101	1	1	99	99	97	96	31.4	30.62	46.12	46.05	30300	2613	95	101	101	101	2
SRR5935884	TRUE	10861645	21723290	2075456043	95.55	60	101	48.39027294255733	98.5034117819666	96.5034117819666	30.690561204605576	145677	0	workflow/work/clean/SRR5935884_R1.fastq.gz	workflow/work/clean/SRR5935884_R2.fastq.gz	FASTQ	FASTQ	DNA	DNA	10861645	10861645	1044809025	1030647018	60	60	96.2	94.9	101	101	100	95	101	101	101	101	0	0	101	101	1	1	99	98	97	96	31.5	29.87	48.43	48.35	17801	127876	97.5	101	101	101	2
SRR5935888	TRUE	13010297	26020594	2472700895	95.05	60	101	45.59498566252592	99	97	31.025530486541115	184868	0	workflow/work/clean/SRR5935888_R1.fastq.gz	workflow/work/clean/SRR5935888_R2.fastq.gz	FASTQ	FASTQ	DNA	DNA	13010297	13010297	1239895676	1232805219	60	60	95.3	94.8	101	101	100	94	101	101	101	101	0	0	101	101	1	1	99	99	97	97	31.21	30.84	45.59	45.6	24047	160821	97	101	101	101	2
SRR5935890	TRUE	7904474	15808948	1506950689	95.3	60	101	45.89500521471941	99	96.4998957056119	31.119906135050716	21986	0	workflow/work/clean/SRR5935890_R1.fastq.gz	workflow/work/clean/SRR5935890_R2.fastq.gz	FASTQ	FASTQ	DNA	DNA	7904474	7904474	753632511	753318178	60	60	95.3	95.3	101	101	99	99	101	101	101	101	0	0	101	101	1	1	99	99	96	97	30.67	31.57	45.92	45.87	20258	1728	99	101	101	101	2
SRR5935894	TRUE	10876165	21752330	2067999071	95.1	60	101	47.83008135495918	99	96.50203387397943	31.081098291948894	27011	0	workflow/work/clean/SRR5935894_R1.fastq.gz	workflow/work/clean/SRR5935894_R2.fastq.gz	FASTQ	FASTQ	DNA	DNA	10876165	10876165	1038205585	1029793486	60	60	95.5	94.7	101	101	100	95	101	101	101	101	0	0	101	101	1	1	99	99	97	96	31.35	30.81	47.85	47.81	24643	2368	97.5	101	101	101	2
SRR5935898	TRUE	4647794	9295588	881557234	94.8	60	101	49.10524274022349	98	94.50269711359432	29.437238604283294	4295	0	workflow/work/clean/SRR5935898_R1.fastq.gz	workflow/work/clean/SRR5935898_R2.fastq.gz	FASTQ	FASTQ	DNA	DNA	4647794	4647794	443156277	438400957	60	60	95.3	94.3	101	101	100	92	101	101	101	101	0	0	101	101	1	1	98	98	95	94	29.85	29.02	49.15	49.06	3729	566	96	101	101	101	2
SRR5935899	TRUE	10667163	21334326	2022431397	94.8	60	101	47.44004631643879	99	96.49884208903032	30.865057895548485	154314	0	workflow/work/clean/SRR5935899_R1.fastq.gz	workflow/work/clean/SRR5935899_R2.fastq.gz	FASTQ	FASTQ	DNA	DNA	10667163	10667163	1013557494	1008873903	60	60	95	94.6	101	101	99	93	101	101	101	101	0	0	101	101	1	1	99	99	96	97	30.89	30.84	47.46	47.42	22005	132309	96	101	101	101	2
SRR5935903	TRUE	7112979	14225958	1353767603	95.14999999999999	60	101	47.37	98.4982615557539	95.4982615557539	30.463696166815424	14746	0	workflow/work/clean/SRR5935903_R1.fastq.gz	workflow/work/clean/SRR5935903_R2.fastq.gz	FASTQ	FASTQ	DNA	DNA	7112979	7112979	679237251	674530352	60	60	95.5	94.8	101	101	100	96	101	101	101	101	0	0	101	101	1	1	98	99	95	96	30.09	30.84	47.37	47.37	13802	944	98	101	101	101	2
SRR5935904	TRUE	14202656	28405312	2682842091	94.44999999999999	60	101	43.53001783772148	99	97	31.50481270392444	41128	0	workflow/work/clean/SRR5935904_R1.fastq.gz	workflow/work/clean/SRR5935904_R2.fastq.gz	FASTQ	FASTQ	DNA	DNA	14202656	14202656	1343813835	1339028256	60	60	94.6	94.3	101	101	95	92	101	101	101	101	0	0	101	101	1	1	99	99	97	97	31.4	31.61	43.54	43.52	37587	3541	93.5	101	101	101	2
SRR5935907	TRUE	9035396	18070792	1723370951	95.39999999999999	60	101	44.460030651653945	99	97	31.040980852926072	131772	0	workflow/work/clean/SRR5935907_R1.fastq.gz	workflow/work/clean/SRR5935907_R2.fastq.gz	FASTQ	FASTQ	DNA	DNA	9035396	9035396	864326684	859044267	60	60	95.7	95.1	101	101	100	96	101	101	101	101	0	0	101	101	1	1	99	99	97	97	31.36	30.72	44.47	44.45	18943	112829	98	101	101	101	2
SRR5935908	TRUE	8579575	17159150	1629606727	95	59	101	45.1600640180163	99	96	31.02490397297556	20828	0	workflow/work/clean/SRR5935908_R1.fastq.gz	workflow/work/clean/SRR5935908_R2.fastq.gz	FASTQ	FASTQ	DNA	DNA	8579575	8579575	816542100	813064627	59	59	95.2	94.8	101	101	99	96	101	101	101	101	0	0	101	101	1	1	99	99	96	96	30.98	31.07	45.19	45.13	19167	1661	97.5	101	101	101	2
SRR5935909	TRUE	11003130	22006260	2094918421	95.15	60	101	48.185013203590515	99	97	31.244960389228446	30372	0	workflow/work/clean/SRR5935909_R1.fastq.gz	workflow/work/clean/SRR5935909_R2.fastq.gz	FASTQ	FASTQ	DNA	DNA	11003130	11003130	1050225255	1044693166	60	60	95.4	94.9	101	101	100	97	101	101	101	101	0	0	101	101	1	1	99	99	97	97	31.23	31.26	48.19	48.18	27810	2562	98.5	101	101	101	2
SRR5935917	TRUE	6285620	12571240	1201465545	95.6	60	101	45.66997838315871	98.49891915793557	96	30.41911370950717	22984	0	workflow/work/clean/SRR5935917_R1.fastq.gz	workflow/work/clean/SRR5935917_R2.fastq.gz	FASTQ	FASTQ	DNA	DNA	6285620	6285620	602031367	599434178	60	60	95.8	95.4	101	101	100	100	101	101	101	101	0	0	101	101	1	1	98	99	96	96	30.01	30.83	45.66	45.68	20345	2639	100	101	101	101	2
SRR5935923	TRUE	12062338	24124676	2286791798	94.79999999999998	60	101	44.140003007838324	98	95.49984960808399	29.9498947256588	12596	0	workflow/work/clean/SRR5935923_R1.fastq.gz	workflow/work/clean/SRR5935923_R2.fastq.gz	FASTQ	FASTQ	DNA	DNA	12062338	12062338	1143739814	1143051984	60	60	94.8	94.8	101	101	97	96	101	101	101	101	0	0	101	101	1	1	98	98	95	96	29.6	30.3	44.15	44.13	11279	1317	96.5	101	101	101	2
SRR5935926	TRUE	12630206	25260412	2389445901	94.6	59	101	49.724983487952166	99	97	31.20640352406539	175171	0	workflow/work/clean/SRR5935926_R1.fastq.gz	workflow/work/clean/SRR5935926_R2.fastq.gz	FASTQ	FASTQ	DNA	DNA	12630206	12630206	1198668415	1190777486	59	59	94.9	94.3	101	101	99	91	101	101	101	101	0	0	101	101	1	1	99	99	97	97	31.63	30.78	49.72	49.73	25294	149877	95	101	101	101	2
SRR5935931	TRUE	8138589	16277178	1538652222	94.5	60	101	44.77003653039926	99	96.49939116001225	31.119671226406613	19387	0	workflow/work/clean/SRR5935931_R1.fastq.gz	workflow/work/clean/SRR5935931_R2.fastq.gz	FASTQ	FASTQ	DNA	DNA	8138589	8138589	770262904	768389318	60	60	94.6	94.4	101	101	95	93	101	101	101	101	0	0	101	101	1	1	99	99	96	97	30.85	31.39	44.8	44.74	17699	1688	94	101	101	101	2
SRR5935932	TRUE	11771670	23543340	2236205854	95	60	101	44.870113071075075	99	96.49886928924926	30.684943464462464	165778	0	workflow/work/clean/SRR5935932_R1.fastq.gz	workflow/work/clean/SRR5935932_R2.fastq.gz	FASTQ	FASTQ	DNA	DNA	11771670	11771670	1120631429	1115574425	60	60	95.2	94.8	101	101	100	94	101	101	101	101	0	0	101	101	1	1	99	99	96	97	30.66	30.71	44.92	44.82	19057	146721	97	101	101	101	2
SRR5935933	TRUE	8697585	17395170	1608983044	92.5	60	101	45.46503466945796	99	97	31.524849765682184	22610	0	workflow/work/clean/SRR5935933_R1.fastq.gz	workflow/work/clean/SRR5935933_R2.fastq.gz	FASTQ	FASTQ	DNA	DNA	8697585	8697585	806350941	802632103	60	60	92.7	92.3	101	101	85	84	101	101	101	101	0	0	101	101	1	1	99	99	97	97	31.46	31.59	45.48	45.45	20390	2220	84.5	101	101	101	2
SRR5935943	TRUE	3839626	7679252	742667687	96.75	60	101	42.465024358519045	99	96	30.810000000000002	15227	0	workflow/work/clean/SRR5935943_R1.fastq.gz	workflow/work/clean/SRR5935943_R2.fastq.gz	FASTQ	FASTQ	DNA	DNA	3839626	3839626	371936853	370730834	60	60	96.9	96.6	101	101	101	100	101	101	101	101	0	0	101	101	1	1	99	99	96	96	30.81	30.81	42.48	42.45	13588	1639	100.5	101	101	101	2
SRR5935944	TRUE	11917901	23835802	2265837716	95.05000000000001	60	101	46.745009941029686	99	96.50099410296868	31.22053681560308	46694	0	workflow/work/clean/SRR5935944_R1.fastq.gz	workflow/work/clean/SRR5935944_R2.fastq.gz	FASTQ	FASTQ	DNA	DNA	11917901	11917901	1135171334	1130666382	60	60	95.2	94.9	101	101	100	98	101	101	101	101	0	0	101	101	1	1	99	99	97	96	31.49	30.95	46.75	46.74	41884	4810	99	101	101	101	2
SRR5935945	TRUE	12919351	25838702	2466924509	95.5	60	101	44.07519135633186	98.50273366188361	96.50273366188361	30.927214266125723	31118	0	workflow/work/clean/SRR5935945_R1.fastq.gz	workflow/work/clean/SRR5935945_R2.fastq.gz	FASTQ	FASTQ	DNA	DNA	12919351	12919351	1240205992	1226718517	60	60	96	95	101	101	100	97	101	101	101	101	0	0	101	101	1	1	99	98	97	96	31.33	30.52	44.11	44.04	28513	2605	98.5	101	101	101	2
SRR5935946	TRUE	12287481	24574962	2327560744	94.75	60	101	46.90501324826864	98.49867517313653	95.99735034627307	30.7136619248679	26709	0	workflow/work/clean/SRR5935946_R1.fastq.gz	workflow/work/clean/SRR5935946_R2.fastq.gz	FASTQ	FASTQ	DNA	DNA	12287481	12287481	1166863987	1160696757	60	60	95	94.5	101	101	98	93	101	101	101	101	0	0	101	101	1	1	98	99	95	97	30.21	31.22	46.91	46.9	24767	1942	95.5	101	101	101	2
SRR5935954	TRUE	8231214	16462428	1553284905	94.35000000000001	60	101	46.2300804606802	98	94.4989942414975	29.59507040309517	7519	0	workflow/work/clean/SRR5935954_R1.fastq.gz	workflow/work/clean/SRR5935954_R2.fastq.gz	FASTQ	FASTQ	DNA	DNA	8231214	8231214	778204682	775080223	60	60	94.5	94.2	101	101	93	91	101	101	101	101	0	0	101	101	1	1	98	98	94	95	29.63	29.56	46.27	46.19	6560	959	92	101	101	101	2
SRR5935967	TRUE	5832774	11665548	1102583101	94.5	60	101	45.620020555747665	99	97	31.30477902571264	16486	0	workflow/work/clean/SRR5935967_R1.fastq.gz	workflow/work/clean/SRR5935967_R2.fastq.gz	FASTQ	FASTQ	DNA	DNA	5832774	5832774	551858161	550724940	60	60	94.6	94.4	101	101	94	93	101	101	101	101	0	0	101	101	1	1	99	99	97	97	31.09	31.52	45.64	45.6	15110	1376	93.5	101	101	101	2
SRR5935974	TRUE	10268412	20536824	1926539559	93.8	60	101	45.10500998835706	99	97	31.665289662354656	28822	0	workflow/work/clean/SRR5935974_R1.fastq.gz	workflow/work/clean/SRR5935974_R2.fastq.gz	FASTQ	FASTQ	DNA	DNA	10268412	10268412	965194076	961345483	60	60	94	93.6	101	101	91	89	101	101	101	101	0	0	101	101	1	1	99	99	97	97	31.81	31.52	45.11	45.1	26167	2655	90	101	101	101	2
SRR5935978	TRUE	6375579	12751158	1215027236	95.30000000000001	60	101	49.05507668926855	99	97	30.87061351414842	90700	0	workflow/work/clean/SRR5935978_R1.fastq.gz	workflow/work/clean/SRR5935978_R2.fastq.gz	FASTQ	FASTQ	DNA	DNA	6375579	6375579	609377209	605650027	60	60	95.6	95	101	101	100	95	101	101	101	101	0	0	101	101	1	1	99	99	97	97	31.07	30.67	49.08	49.03	13216	77484	97.5	101	101	101	2
SRR5935980	TRUE	11298731	22597462	2144734505	94.95	60	101	48.13504058128164	99	97	31.560676354694074	30728	0	workflow/work/clean/SRR5935980_R1.fastq.gz	workflow/work/clean/SRR5935980_R2.fastq.gz	FASTQ	FASTQ	DNA	DNA	11298731	11298731	1075268455	1069466050	60	60	95.2	94.7	101	101	99	94	101	101	101	101	0	0	101	101	1	1	99	99	97	97	31.81	31.31	48.15	48.12	27918	2810	96.5	101	101	101	2
SRR5935988	TRUE	12225679	24451358	2322092528	94.95	60	101	48.015006347231996	98	95	29.925082514015998	12561	0	workflow/work/clean/SRR5935988_R1.fastq.gz	workflow/work/clean/SRR5935988_R2.fastq.gz	FASTQ	FASTQ	DNA	DNA	12225679	12225679	1162520150	1159572378	60	60	95.1	94.8	101	101	99	97	101	101	101	101	0	0	101	101	1	1	98	98	95	95	29.99	29.86	48.02	48.01	11178	1383	98	101	101	101	2
SRR5935992	TRUE	6816368	13632736	1284131892	94.2	60	101	48.12520147332343	98.50287819033467	96	30.852360116074436	16112	0	workflow/work/clean/SRR5935992_R1.fastq.gz	workflow/work/clean/SRR5935992_R2.fastq.gz	FASTQ	FASTQ	DNA	DNA	6816368	6816368	645761922	638369970	60	60	94.7	93.7	101	101	98	89	101	101	101	101	0	0	101	101	1	1	99	98	96	96	31.26	30.44	48.16	48.09	14884	1228	93.5	101	101	101	2
SRR5935996	TRUE	12601204	25202408	2422137851	96.15	60	101	43.359974725951304	98.49873629756509	95.49873629756509	30.303976401027718	30912	0	workflow/work/clean/SRR5935996_R1.fastq.gz	workflow/work/clean/SRR5935996_R2.fastq.gz	FASTQ	FASTQ	DNA	DNA	12601204	12601204	1214129787	1208008064	60	60	96.4	95.9	101	101	101	100	101	101	101	101	0	0	101	101	1	1	98	99	95	96	29.9	30.71	43.35	43.37	27320	3592	100.5	101	101	101	2
SRR5936002	TRUE	7118612	14237224	1331202338	93.5	60	101	47.2	98.4991030108903	95.99820602178059	30.70364554644435	15215	0	workflow/work/clean/SRR5936002_R1.fastq.gz	workflow/work/clean/SRR5936002_R2.fastq.gz	FASTQ	FASTQ	DNA	DNA	7118612	7118612	666795243	664407095	60	60	93.7	93.3	101	101	89	88	101	101	101	101	0	0	101	101	1	1	98	99	95	97	29.95	31.46	47.2	47.2	14212	1003	88.5	101	101	101	2
SRR5936005	TRUE	9603628	19207256	1796648414	93.55000000000001	60	101	44.79001493075651	99	97	31.76007465378254	27256	0	workflow/work/clean/SRR5936005_R1.fastq.gz	workflow/work/clean/SRR5936005_R2.fastq.gz	FASTQ	FASTQ	DNA	DNA	9603628	9603628	899665473	896982941	60	60	93.7	93.4	101	101	89	88	101	101	101	101	0	0	101	101	1	1	99	99	97	97	31.81	31.71	44.8	44.78	24661	2595	88.5	101	101	101	2
SRR5936009	TRUE	11031859	22063718	2083660754	94.44999999999999	60	101	44.945006108916715	98.49938910832891	95.99877821665781	30.75896148415914	23758	0	workflow/work/clean/SRR5936009_R1.fastq.gz	workflow/work/clean/SRR5936009_R2.fastq.gz	FASTQ	FASTQ	DNA	DNA	11031859	11031859	1043103268	1040557486	60	60	94.6	94.3	101	101	93	92	101	101	101	101	0	0	101	101	1	1	98	99	95	97	29.91	31.61	44.95	44.94	22205	1553	92.5	101	101	101	2
SRR5936018	TRUE	5733282	11466564	1087092389	94.8	60	101	45.65503246009755	98	95	29.785032460097554	6381	0	workflow/work/clean/SRR5936018_R1.fastq.gz	workflow/work/clean/SRR5936018_R2.fastq.gz	FASTQ	FASTQ	DNA	DNA	5733282	5733282	544251937	542840452	60	60	94.9	94.7	101	101	98	95	101	101	101	101	0	0	101	101	1	1	98	98	95	95	29.81	29.76	45.68	45.63	5666	715	96.5	101	101	101	2
SRR5936026	TRUE	4909820	9819640	922468449	93.9	60	101	47.73496874242687	98	95	29.975406348450626	4942	0	workflow/work/clean/SRR5936026_R1.fastq.gz	workflow/work/clean/SRR5936026_R2.fastq.gz	FASTQ	FASTQ	DNA	DNA	4909820	4909820	462195362	460273087	60	60	94.1	93.7	101	101	91	89	101	101	101	101	0	0	101	101	1	1	98	98	95	95	30.17	29.78	47.72	47.75	4379	563	90	101	101	101	2
SRR5936030	TRUE	13856026	27712052	2655220507	95.8	60	101	43.06	99	97	31.3756240870657	37983	0	workflow/work/clean/SRR5936030_R1.fastq.gz	workflow/work/clean/SRR5936030_R2.fastq.gz	FASTQ	FASTQ	DNA	DNA	13856026	13856026	1331292673	1323927834	60	60	96.1	95.5	101	101	100	99	101	101	101	101	0	0	101	101	1	1	99	99	97	97	31.6	31.15	43.06	43.06	34648	3335	99.5	101	101	101	2
SRR5936038	TRUE	12191887	24383774	2308670562	94.7	60	101	46.0551843882696	99	96.50263411813712	30.838187282945917	162231	0	workflow/work/clean/SRR5936038_R1.fastq.gz	workflow/work/clean/SRR5936038_R2.fastq.gz	FASTQ	FASTQ	DNA	DNA	12191887	12191887	1160416592	1148253970	60	60	95.2	94.2	101	101	100	91	101	101	101	101	0	0	101	101	1	1	99	99	97	96	31.44	30.23	46.09	46.02	19874	142357	95.5	101	101	101	2
SRR5936051	TRUE	11337166	22674332	2131974515	94.05000000000001	60	101	46.03502175365825	99	97	31.449637439029143	32125	0	workflow/work/clean/SRR5936051_R1.fastq.gz	workflow/work/clean/SRR5936051_R2.fastq.gz	FASTQ	FASTQ	DNA	DNA	11337166	11337166	1067533199	1064441316	60	60	94.2	93.9	101	101	91	90	101	101	101	101	0	0	101	101	1	1	99	99	97	97	31.2	31.7	46.05	46.02	29463	2662	90.5	101	101	101	2
SRR5936053	TRUE	15097459	30194918	2889971709	95.7	60	101	44.27003940863146	98.49802956842717	95.49802956842717	30.24474384389553	206316	0	workflow/work/clean/SRR5936053_R1.fastq.gz	workflow/work/clean/SRR5936053_R2.fastq.gz	FASTQ	FASTQ	DNA	DNA	15097459	15097459	1450680346	1439291363	60	60	96.1	95.3	101	101	100	98	101	101	101	101	0	0	101	101	1	1	98	99	95	96	30.18	30.31	44.28	44.26	20078	186238	99	101	101	101	2
SRR5936062	TRUE	10784833	21569666	2038835089	94.5	60	101	47.07000000000001	99	97	31.500398857178	29677	0	workflow/work/clean/SRR5936062_R1.fastq.gz	workflow/work/clean/SRR5936062_R2.fastq.gz	FASTQ	FASTQ	DNA	DNA	10784833	10784833	1021809321	1017025768	60	60	94.7	94.3	101	101	97	92	101	101	101	101	0	0	101	101	1	1	99	99	97	97	31.67	31.33	47.07	47.07	26951	2726	94.5	101	101	101	2
SRR5936063	TRUE	8310800	16621600	1573651025	94.7	60	101	45.900012974293325	98	95	30.02012974293332	8684	0	workflow/work/clean/SRR5936063_R1.fastq.gz	workflow/work/clean/SRR5936063_R2.fastq.gz	FASTQ	FASTQ	DNA	DNA	8310800	8310800	787846363	785804662	60	60	94.8	94.6	101	101	97	93	101	101	101	101	0	0	101	101	1	1	98	98	95	95	30.12	29.92	45.91	45.89	7611	1073	95	101	101	101	2
SRR5936064	TRUE	4808373	9616746	897445241	93.35	60	101	49.145038070450916	99	97	31.01027918330674	64104	0	workflow/work/clean/SRR5936064_R1.fastq.gz	workflow/work/clean/SRR5936064_R2.fastq.gz	FASTQ	FASTQ	DNA	DNA	4808373	4808373	449861492	447583749	60	60	93.6	93.1	101	101	88	87	101	101	101	101	0	0	101	101	1	1	99	99	97	97	31.12	30.9	49.16	49.13	10033	54071	87.5	101	101	101	2
SRR5936075	TRUE	4572065	9144130	860772399	94.15	60	101	45.780141461053056	99	96	30.99108453474006	11145	0	workflow/work/clean/SRR5936075_R1.fastq.gz	workflow/work/clean/SRR5936075_R2.fastq.gz	FASTQ	FASTQ	DNA	DNA	4572065	4572065	432415629	428356770	60	60	94.6	93.7	101	101	94	89	101	101	101	101	0	0	101	101	1	1	99	99	96	96	31.22	30.76	45.81	45.75	10208	937	91.5	101	101	101	2
SRR5936076	TRUE	10433091	20866182	1980937110	94.95	60	101	45.77010997053814	99	96.4986253682733	30.88531616529714	143889	0	workflow/work/clean/SRR5936076_R1.fastq.gz	workflow/work/clean/SRR5936076_R2.fastq.gz	FASTQ	FASTQ	DNA	DNA	10433091	10433091	993191614	987745496	60	60	95.2	94.7	101	101	100	93	101	101	101	101	0	0	101	101	1	1	99	99	96	97	31	30.77	45.81	45.73	17145	126744	96.5	101	101	101	2
SRR5936079	TRUE	5784559	11569118	1098026836	94.9	60	101	48.72006892836998	99	97	30.86608562182719	80254	0	workflow/work/clean/SRR5936079_R1.fastq.gz	workflow/work/clean/SRR5936079_R2.fastq.gz	FASTQ	FASTQ	DNA	DNA	5784559	5784559	550905548	547121288	60	60	95.2	94.6	101	101	100	93	101	101	101	101	0	0	101	101	1	1	99	99	97	97	31.18	30.55	48.74	48.7	11992	68262	96.5	101	101	101	2
SRR5936080	TRUE	10262603	20525206	1947710952	94.9	60	101	44.90504609357456	99	96.49934152036333	31.229710268959867	25518	0	workflow/work/clean/SRR5936080_R1.fastq.gz	workflow/work/clean/SRR5936080_R2.fastq.gz	FASTQ	FASTQ	DNA	DNA	10262603	10262603	975138004	972572948	60	60	95	94.8	101	101	98	96	101	101	101	101	0	0	101	101	1	1	99	99	96	97	31.01	31.45	44.94	44.87	23187	2331	97	101	101	101	2
SRR5936082	TRUE	7168896	14337792	1378323383	96.14999999999999	60	101	44.44001697367271	99	96.50084868363581	31.260390394472473	30535	0	workflow/work/clean/SRR5936082_R1.fastq.gz	workflow/work/clean/SRR5936082_R2.fastq.gz	FASTQ	FASTQ	DNA	DNA	7168896	7168896	690331452	687991931	60	60	96.3	96	101	101	101	100	101	101	101	101	0	0	101	101	1	1	99	99	97	96	31.49	31.03	44.45	44.43	27075	3460	100.5	101	101	101	2
SRR5936087	TRUE	9670868	19341736	1842651222	95.25	60	101	44.28	99	97	31.260145415039375	41326	0	workflow/work/clean/SRR5936087_R1.fastq.gz	workflow/work/clean/SRR5936087_R2.fastq.gz	FASTQ	FASTQ	DNA	DNA	9670868	9670868	922665357	919985865	60	60	95.4	95.1	101	101	100	99	101	101	101	101	0	0	101	101	1	1	99	99	97	97	31.36	31.16	44.28	44.28	36942	4384	99.5	101	101	101	2
SRR5936088	TRUE	8281937	16563874	1560584383	94.20000000000002	60	101	44.735012035315236	99	97	31.49539716540275	22283	0	workflow/work/clean/SRR5936088_R1.fastq.gz	workflow/work/clean/SRR5936088_R2.fastq.gz	FASTQ	FASTQ	DNA	DNA	8281937	8281937	782170404	778413979	60	60	94.4	94	101	101	93	91	101	101	101	101	0	0	101	101	1	1	99	99	97	97	31.66	31.33	44.74	44.73	20350	1933	92	101	101	101	2
SRR5936092	TRUE	10160133	20320266	1927334392	94.85	60	101	46.48506527860476	98	95	29.729927468216943	9548	0	workflow/work/clean/SRR5936092_R1.fastq.gz	workflow/work/clean/SRR5936092_R2.fastq.gz	FASTQ	FASTQ	DNA	DNA	10160133	10160133	965065126	962269266	60	60	95	94.7	101	101	98	95	101	101	101	101	0	0	101	101	1	1	98	98	95	95	29.68	29.78	46.53	46.44	8335	1213	96.5	101	101	101	2
SRR5936109	TRUE	14228631	28457262	2707561422	95.15	60	101	46.510196752397064	99	96	30.785909979836465	33827	0	workflow/work/clean/SRR5936109_R1.fastq.gz	workflow/work/clean/SRR5936109_R2.fastq.gz	FASTQ	FASTQ	DNA	DNA	14228631	14228631	1360439701	1347121721	60	60	95.6	94.7	101	101	100	94	101	101	101	101	0	0	101	101	1	1	99	99	96	96	30.97	30.6	46.55	46.47	31101	2726	97	101	101	101	2
SRR5936119	TRUE	9765036	19530072	1855905861	95	60	101	45.395010741172506	98.49892588274983	95.99785176549965	30.468539200539762	20057	0	workflow/work/clean/SRR5936119_R1.fastq.gz	workflow/work/clean/SRR5936119_R2.fastq.gz	FASTQ	FASTQ	DNA	DNA	9765036	9765036	929946391	925959470	60	60	95.2	94.8	101	101	99	97	101	101	101	101	0	0	101	101	1	1	98	99	95	97	29.79	31.15	45.4	45.39	18797	1260	98	101	101	101	2
SRR5936140	TRUE	9224830	18449660	1766286888	95.75	60	101	48.68513516151969	99	96.49806912114721	30.801081292157562	130301	0	workflow/work/clean/SRR5936140_R1.fastq.gz	workflow/work/clean/SRR5936140_R2.fastq.gz	FASTQ	FASTQ	DNA	DNA	9224830	9224830	886553930	879732958	60	60	96.1	95.4	101	101	100	98	101	101	101	101	0	0	101	101	1	1	99	99	96	97	31.08	30.52	48.72	48.65	16192	114109	99	101	101	101	2
SRR5936148	TRUE	6920076	13840152	1320671844	95.45	60	101	46.1453173492279	98	94.5028849929809	29.482654193542423	6542	0	workflow/work/clean/SRR5936148_R1.fastq.gz	workflow/work/clean/SRR5936148_R2.fastq.gz	FASTQ	FASTQ	DNA	DNA	6920076	6920076	664146051	656525793	60	60	96	94.9	101	101	100	97	101	101	101	101	0	0	101	101	1	1	98	98	95	94	29.94	29.02	46.2	46.09	5774	768	98.5	101	101	101	2
SRR5936153	TRUE	9158059	18316118	1765653805	96.4	60	101	42.84002614047549	99	96	30.710287545230308	33692	0	workflow/work/clean/SRR5936153_R1.fastq.gz	workflow/work/clean/SRR5936153_R2.fastq.gz	FASTQ	FASTQ	DNA	DNA	9158059	9158059	885134654	880519151	60	60	96.7	96.1	101	101	101	100	101	101	101	101	0	0	101	101	1	1	99	99	96	96	30.82	30.6	42.85	42.83	30256	3436	100.5	101	101	101	2
SRR5936157	TRUE	9580269	19160538	1819724195	95	60	101	44.685010110436	99	97	31.375010110435994	25467	0	workflow/work/clean/SRR5936157_R1.fastq.gz	workflow/work/clean/SRR5936157_R2.fastq.gz	FASTQ	FASTQ	DNA	DNA	9580269	9580269	911701918	908022277	60	60	95.2	94.8	101	101	99	96	101	101	101	101	0	0	101	101	1	1	99	99	97	97	31.38	31.37	44.69	44.68	23225	2242	97.5	101	101	101	2
SRR5936163	TRUE	7175855	14351710	1351735618	94.2	60	101	46.35000938258919	99	97	31.53963407902151	20164	0	workflow/work/clean/SRR5936163_R1.fastq.gz	workflow/work/clean/SRR5936163_R2.fastq.gz	FASTQ	FASTQ	DNA	DNA	7175855	7175855	676501948	675233670	60	60	94.3	94.1	101	101	92	91	101	101	101	101	0	0	101	101	1	1	99	99	97	97	31.15	31.93	46.36	46.34	18364	1800	91.5	101	101	101	2
SRR5936166	TRUE	8324587	16649174	1567161478	94.10000000000001	60	101	47.28002153287997	99	97	31.409849269840205	23172	0	workflow/work/clean/SRR5936166_R1.fastq.gz	workflow/work/clean/SRR5936166_R2.fastq.gz	FASTQ	FASTQ	DNA	DNA	8324587	8324587	785268014	781893464	60	60	94.3	93.9	101	101	92	90	101	101	101	101	0	0	101	101	1	1	99	99	97	97	31.34	31.48	47.29	47.27	21139	2033	91	101	101	101	2
SRR5936167	TRUE	10990805	21981610	2096286748	95.4	60	101	46.74997898825624	98	95	29.90536770551583	11023	0	workflow/work/clean/SRR5936167_R1.fastq.gz	workflow/work/clean/SRR5936167_R2.fastq.gz	FASTQ	FASTQ	DNA	DNA	10990805	10990805	1050345706	1045941042	60	60	95.6	95.2	101	101	100	99	101	101	101	101	0	0	101	101	1	1	98	98	95	95	30.08	29.73	46.74	46.76	9727	1296	99.5	101	101	101	2
SRR5936176	TRUE	12296206	24592412	2327155147	94.65	60	101	45.38	99	97	31.510520435864176	33073	0	workflow/work/clean/SRR5936176_R1.fastq.gz	workflow/work/clean/SRR5936176_R2.fastq.gz	FASTQ	FASTQ	DNA	DNA	12296206	12296206	1166605411	1160549736	60	60	94.9	94.4	101	101	98	93	101	101	101	101	0	0	101	101	1	1	99	99	97	97	31.71	31.31	45.38	45.38	30235	2838	95.5	101	101	101	2
SRR5936179	TRUE	3993514	7987028	758657952	95	60	101	44.08500955673104	99	97	31.344952216344794	10643	0	workflow/work/clean/SRR5936179_R1.fastq.gz	workflow/work/clean/SRR5936179_R2.fastq.gz	FASTQ	FASTQ	DNA	DNA	3993514	3993514	380054005	378603947	60	60	95.2	94.8	101	101	99	97	101	101	101	101	0	0	101	101	1	1	99	99	97	97	31.32	31.37	44.09	44.08	9724	919	98	101	101	101	2
SRR5936182	TRUE	6133118	12266236	1184512728	96.55000000000001	60	101	43.89502340775185	99	96.500780258395	31.080171656846904	22993	0	workflow/work/clean/SRR5936182_R1.fastq.gz	workflow/work/clean/SRR5936182_R2.fastq.gz	FASTQ	FASTQ	DNA	DNA	6133118	6133118	593180590	591332138	60	60	96.7	96.4	101	101	101	100	101	101	101	101	0	0	101	101	1	1	99	99	97	96	31.19	30.97	43.91	43.88	20662	2331	100.5	101	101	101	2
SRR5936186	TRUE	10923088	21846176	2066329235	94.6	60	101	43.410137139234735	99	96.50228565391227	31.02109711387789	26652	0	workflow/work/clean/SRR5936186_R1.fastq.gz	workflow/work/clean/SRR5936186_R2.fastq.gz	FASTQ	FASTQ	DNA	DNA	10923088	10923088	1037887531	1028441704	60	60	95	94.2	101	101	99	91	101	101	101	101	0	0	101	101	1	1	99	99	97	96	31.26	30.78	43.44	43.38	24382	2270	95	101	101	101	2
SRR5936199	TRUE	14969515	29939030	2860033381	95.5	60	101	45.15	98	95	29.939989082291767	15209	0	workflow/work/clean/SRR5936199_R1.fastq.gz	workflow/work/clean/SRR5936199_R2.fastq.gz	FASTQ	FASTQ	DNA	DNA	14969515	14969515	1431577941	1428455440	60	60	95.6	95.4	101	101	100	100	101	101	101	101	0	0	101	101	1	1	98	98	95	95	29.93	29.95	45.15	45.15	13486	1723	100	101	101	101	2
SRR5936207	TRUE	14164262	28328524	2690466691	94.94999999999999	60	101	48.6300448926539	99	96.49925178910159	30.934618412441814	33546	0	workflow/work/clean/SRR5936207_R1.fastq.gz	workflow/work/clean/SRR5936207_R2.fastq.gz	FASTQ	FASTQ	DNA	DNA	14164262	14164262	1347246382	1343220309	60	60	95.1	94.8	101	101	99	96	101	101	101	101	0	0	101	101	1	1	99	99	96	97	30.68	31.19	48.66	48.6	30635	2911	97.5	101	101	101	2
SRR5936216	TRUE	6665871	13331742	1267113332	95.05000000000001	60	101	44.76	99	97	31.439929006255614	17971	0	workflow/work/clean/SRR5936216_R1.fastq.gz	workflow/work/clean/SRR5936216_R2.fastq.gz	FASTQ	FASTQ	DNA	DNA	6665871	6665871	634681130	632432202	60	60	95.2	94.9	101	101	99	97	101	101	101	101	0	0	101	101	1	1	99	99	97	97	31.4	31.48	44.76	44.76	16431	1540	98	101	101	101	2
SRR5936219	TRUE	7790754	15581508	1500060420	96.25	60	101	43.40505891352696	99	96.50117827053926	30.935294567634813	29355	0	workflow/work/clean/SRR5936219_R1.fastq.gz	workflow/work/clean/SRR5936219_R2.fastq.gz	FASTQ	FASTQ	DNA	DNA	7790754	7790754	751797687	748262733	60	60	96.5	96	101	101	101	100	101	101	101	101	0	0	101	101	1	1	99	99	97	96	31.06	30.81	43.43	43.38	25766	3589	100.5	101	101	101	2
SRR5936222	TRUE	14767876	29535752	2824940348	95.65	60	101	45.950111304898954	99	96	31.01051942286181	36380	0	workflow/work/clean/SRR5936222_R1.fastq.gz	workflow/work/clean/SRR5936222_R2.fastq.gz	FASTQ	FASTQ	DNA	DNA	14767876	14767876	1417710669	1407229679	60	60	96	95.3	101	101	100	99	101	101	101	101	0	0	101	101	1	1	99	99	96	96	31.15	30.87	45.98	45.92	33094	3286	99.5	101	101	101	2
SRR5936224	TRUE	12184688	24369376	2304781779	94.54999999999998	60	101	45.1150134102826	98.49865897173947	95.99731794347893	30.723779664282915	27109	0	workflow/work/clean/SRR5936224_R1.fastq.gz	workflow/work/clean/SRR5936224_R2.fastq.gz	FASTQ	FASTQ	DNA	DNA	12184688	12184688	1155481667	1149300112	60	60	94.8	94.3	101	101	98	92	101	101	101	101	0	0	101	101	1	1	98	99	95	97	30.27	31.18	45.12	45.11	25272	1837	95	101	101	101	2
SRR5936237	TRUE	2614544	5229088	505089411	96.60000000000001	60	101	43.22002505993934	98.50125299696691	96	30.580150359636026	9183	0	workflow/work/clean/SRR5936237_R1.fastq.gz	workflow/work/clean/SRR5936237_R2.fastq.gz	FASTQ	FASTQ	DNA	DNA	2614544	2614544	253177581	251911830	60	60	96.8	96.4	101	101	101	100	101	101	101	101	0	0	101	101	1	1	99	98	96	96	30.64	30.52	43.23	43.21	8190	993	100.5	101	101	101	2
SRR5936239	TRUE	10813810	21627620	2053797025	94.95	60	101	47.745014781239156	99	96.50147812391539	31.37572428071854	29240	0	workflow/work/clean/SRR5936239_R1.fastq.gz	workflow/work/clean/SRR5936239_R2.fastq.gz	FASTQ	FASTQ	DNA	DNA	10813810	10813810	1029934279	1023862746	60	60	95.2	94.7	101	101	99	95	101	101	101	101	0	0	101	101	1	1	99	99	97	96	31.62	31.13	47.75	47.74	26633	2607	97	101	101	101	2
SRR5946605	TRUE	6201943	12403886	1172119839	94.5	60	101	41.995010986662436	99	96	30.68008789329945	32474	0	workflow/work/clean/SRR5946605_R1.fastq.gz	workflow/work/clean/SRR5946605_R2.fastq.gz	FASTQ	FASTQ	DNA	DNA	6201943	6201943	587347688	584772151	60	60	94.7	94.3	101	101	96	92	101	101	101	101	0	0	101	101	1	1	99	99	96	96	30.72	30.64	42	41.99	27991	4483	94	101	101	101	2
SRR5946606	TRUE	8006470	16012940	1543267331	96.4	60	101	44.60998159413509	99	96	30.76519326158146	16446	0	workflow/work/clean/SRR5946606_R1.fastq.gz	workflow/work/clean/SRR5946606_R2.fastq.gz	FASTQ	FASTQ	DNA	DNA	8006470	8006470	773053924	770213407	60	60	96.6	96.2	101	101	101	100	101	101	101	101	0	0	101	101	1	1	99	99	96	96	30.87	30.66	44.6	44.62	12959	3487	100.5	101	101	101	2
SRR5946607	TRUE	9482798	18965596	1801752736	95	60	101	46.200133317882745	98	95.50222196471248	30.130844346590745	39551	0	workflow/work/clean/SRR5946607_R1.fastq.gz	workflow/work/clean/SRR5946607_R2.fastq.gz	FASTQ	FASTQ	DNA	DNA	9482798	9482798	904879799	896872937	60	60	95.4	94.6	101	101	100	93	101	101	101	101	0	0	101	101	1	1	98	98	96	95	30.32	29.94	46.23	46.17	33197	6354	96.5	101	101	101	2
SRR5946615	TRUE	8118097	16236194	1578430974	97.2	60	101	46.36500540934645	99	98.5005409346459	34.180302923401705	28007	0	workflow/work/clean/SRR5946615_R1.fastq.gz	workflow/work/clean/SRR5946615_R2.fastq.gz	FASTQ	FASTQ	DNA	DNA	8118097	8118097	790069315	788361659	60	60	97.3	97.1	101	101	101	101	101	101	101	101	0	0	101	101	1	1	99	99	99	98	34.46	33.9	46.37	46.36	22350	5657	101	101	101	101	2
SRR5946617	TRUE	12738328	25476656	2452864987	96.30000000000001	60	101	46.46511629431563	98	94.9978855578976	29.949175367580068	19880	0	workflow/work/clean/SRR5946617_R1.fastq.gz	workflow/work/clean/SRR5946617_R2.fastq.gz	FASTQ	FASTQ	DNA	DNA	12738328	12738328	1229025714	1223839273	60	60	96.5	96.1	101	101	101	100	101	101	101	101	0	0	101	101	1	1	98	98	94	96	29.56	30.34	46.52	46.41	15182	4698	100.5	101	101	101	2
SRR5946621	TRUE	13703290	27406580	2605972329	95.05	60	101	44.92007499288762	98	96	30.36960003793271	76703	0	workflow/work/clean/SRR5946621_R1.fastq.gz	workflow/work/clean/SRR5946621_R2.fastq.gz	FASTQ	FASTQ	DNA	DNA	13703290	13703290	1306243321	1299729008	60	60	95.3	94.8	101	101	100	97	101	101	101	101	0	0	101	101	1	1	98	98	96	96	30.21	30.53	44.95	44.89	66523	10180	98.5	101	101	101	2
SRR5946627	TRUE	11217107	22434214	2157545897	96.15000000000002	60	101	43.314990174440766	99	96.49967248135904	30.77984279105234	22597	0	workflow/work/clean/SRR5946627_R1.fastq.gz	workflow/work/clean/SRR5946627_R2.fastq.gz	FASTQ	FASTQ	DNA	DNA	11217107	11217107	1079479585	1078066312	60	60	96.2	96.1	101	101	101	100	101	101	101	101	0	0	101	101	1	1	99	99	96	97	30.54	31.02	43.3	43.33	18012	4585	100.5	101	101	101	2
SRR5946628	TRUE	17215505	34431010	3306305836	96.05	60	101	45.8703363918933	98	95.5028032657775	30.0212334369421	76995	0	workflow/work/clean/SRR5946628_R1.fastq.gz	workflow/work/clean/SRR5946628_R2.fastq.gz	FASTQ	FASTQ	DNA	DNA	17215505	17215505	1662421372	1643884464	60	60	96.6	95.5	101	101	101	99	101	101	101	101	0	0	101	101	1	1	98	98	96	95	30.24	29.8	45.93	45.81	65153	11842	100	101	101	101	2
SRR5946630	TRUE	10138804	20277608	1905130145	93.94999999999999	60	101	45.37	97.49922554608467	93.99845109216935	29.234140356153986	7377	0	workflow/work/clean/SRR5946630_R1.fastq.gz	workflow/work/clean/SRR5946630_R2.fastq.gz	FASTQ	FASTQ	DNA	DNA	10138804	10138804	954040508	951089637	60	60	94.1	93.8	101	101	91	89	101	101	101	101	0	0	101	101	1	1	97	98	93	95	28.68	29.79	45.37	45.37	6379	998	90	101	101	101	2
SRR5946632	TRUE	5944253	11888506	1103215020	92.80000000000001	60	101	45.72509836409769	99	96.5019672819538	31.150550838947066	14705	0	workflow/work/clean/SRR5946632_R1.fastq.gz	workflow/work/clean/SRR5946632_R2.fastq.gz	FASTQ	FASTQ	DNA	DNA	5944253	5944253	553777845	549437175	60	60	93.2	92.4	101	101	87	84	101	101	101	101	0	0	101	101	1	1	99	99	97	96	31.29	31.01	45.75	45.7	13448	1257	85.5	101	101	101	2
SRR5946639	TRUE	15434082	30868164	2896910468	93.85000000000001	60	101	44.58499034600817	98	94.50019307983666	29.83512936349057	16679	0	workflow/work/clean/SRR5946639_R1.fastq.gz	workflow/work/clean/SRR5946639_R2.fastq.gz	FASTQ	FASTQ	DNA	DNA	15434082	15434082	1447895899	1449014569	60	60	93.8	93.9	101	101	89	90	101	101	101	101	0	0	101	101	1	1	98	98	94	95	29.5	30.17	44.61	44.56	14781	1898	89.5	101	101	101	2
SRR5946645	TRUE	7521556	15043112	1449244053	96.30000000000001	60	101	48.84000000000001	99	98.50052864560556	34.10526960925883	26066	0	workflow/work/clean/SRR5946645_R1.fastq.gz	workflow/work/clean/SRR5946645_R2.fastq.gz	FASTQ	FASTQ	DNA	DNA	7521556	7521556	725388163	723855890	60	60	96.4	96.2	101	101	101	100	101	101	101	101	0	0	101	101	1	1	99	99	99	98	34.36	33.85	48.84	48.84	20750	5316	100.5	101	101	101	2
SRR5946646	TRUE	9866891	19733782	1880685294	95.35000000000001	60	101	46.570021150162724	98	94.49973562296596	29.61989953672706	26158	0	workflow/work/clean/SRR5946646_R1.fastq.gz	workflow/work/clean/SRR5946646_R2.fastq.gz	FASTQ	FASTQ	DNA	DNA	9866891	9866891	940839857	939845437	60	60	95.4	95.3	101	101	99	99	101	101	101	101	0	0	101	101	1	1	98	98	94	95	29.43	29.81	46.61	46.53	16208	9950	99	101	101	101	2
SRR5946648	TRUE	11337892	22675784	2201674550	97.10000000000001	60	101	43.3450072347205	99	98.50072347204994	34.29081028869594	39152	0	workflow/work/clean/SRR5946648_R1.fastq.gz	workflow/work/clean/SRR5946648_R2.fastq.gz	FASTQ	FASTQ	DNA	DNA	11337892	11337892	1102430125	1099244425	60	60	97.2	97	101	101	101	101	101	101	101	101	0	0	101	101	1	1	99	99	99	98	34.85	33.73	43.35	43.34	31138	8014	101	101	101	101	2
SRR5946650	TRUE	10697281	21394562	2023987799	94.60000000000001	57	101	50.140076133650645	98	95.50190334126614	30.07011420047597	58110	0	workflow/work/clean/SRR5946650_R1.fastq.gz	workflow/work/clean/SRR5946650_R2.fastq.gz	FASTQ	FASTQ	DNA	DNA	10697281	10697281	1015846239	1008141560	57	57	95	94.2	101	101	99	91	101	101	101	101	0	0	101	101	1	1	98	98	96	95	30.1	30.04	50.16	50.12	50727	7383	95	101	101	101	2
SRR5946655	TRUE	287282	574564	53910082	93.85000000000001	60	101	43.785163882889286	100	100	30	223	0	workflow/work/clean/SRR5946655_R1.fastq.gz	workflow/work/clean/SRR5946655_R2.fastq.gz	FASTQ	FASTQ	DNA	DNA	287282	287282	27053207	26856875	60	60	94.2	93.5	101	101	91	88	101	101	101	101	0	0	101	101	1	1	100	100	100	100	30	30	43.83	43.74	190	33	89.5	101	101	101	2
SRR5946657	TRUE	10741062	21482124	2074267435	96.55	60	101	44.9950065848862	99	98.50065848861962	34.23057946998527	37581	0	workflow/work/clean/SRR5946657_R1.fastq.gz	workflow/work/clean/SRR5946657_R2.fastq.gz	FASTQ	FASTQ	DNA	DNA	10741062	10741062	1038499599	1035767836	60	60	96.7	96.4	101	101	101	101	101	101	101	101	0	0	101	101	1	1	99	99	99	98	34.67	33.79	45	44.99	29966	7615	101	101	101	101	2
SRR5946659	TRUE	10039638	20079276	1896922663	94.5	60	101	46.41499923177417	98.50002560752789	96.50002560752789	30.755025351452613	22775	0	workflow/work/clean/SRR5946659_R1.fastq.gz	workflow/work/clean/SRR5946659_R2.fastq.gz	FASTQ	FASTQ	DNA	DNA	10039638	10039638	948412756	948509907	60	60	94.5	94.5	101	101	92	92	101	101	101	101	0	0	101	101	1	1	98	99	96	97	30.26	31.25	46.43	46.4	18146	4629	92	101	101	101	2
SRR5946660	TRUE	8958826	17917652	1737249074	96.94999999999999	60	101	48.075006125408365	99	98.50061254083593	34.125385900726634	31445	0	workflow/work/clean/SRR5946660_R1.fastq.gz	workflow/work/clean/SRR5946660_R2.fastq.gz	FASTQ	FASTQ	DNA	DNA	8958826	8958826	869688673	867560401	60	60	97.1	96.8	101	101	101	101	101	101	101	101	0	0	101	101	1	1	99	99	99	98	34.44	33.81	48.08	48.07	25025	6420	101	101	101	101	2
SRR5946662	TRUE	10511770	21023540	1983956158	94.35	60	101	50.015003575809864	98	95	29.704932059612577	26804	0	workflow/work/clean/SRR5946662_R1.fastq.gz	workflow/work/clean/SRR5946662_R2.fastq.gz	FASTQ	FASTQ	DNA	DNA	10511770	10511770	992687504	991268654	60	60	94.4	94.3	101	101	92	92	101	101	101	101	0	0	101	101	1	1	98	98	95	95	29.61	29.8	50.02	50.01	16487	10317	92	101	101	101	2
SRR5946664	TRUE	7230673	14461346	1372773883	94.94999999999999	60	101	44.64010885235496	98	95.49818579408391	30.17970972705343	30525	0	workflow/work/clean/SRR5946664_R1.fastq.gz	workflow/work/clean/SRR5946664_R2.fastq.gz	FASTQ	FASTQ	DNA	DNA	7230673	7230673	688877436	683896447	60	60	95.3	94.6	101	101	100	93	101	101	101	101	0	0	101	101	1	1	98	98	95	96	30.1	30.26	44.67	44.61	25390	5135	96.5	101	101	101	2
SRR5946668	TRUE	13315704	26631408	2568931422	96.45000000000002	60	101	44.755199508034984	98	95	29.974933497321675	54853	0	workflow/work/clean/SRR5946668_R1.fastq.gz	workflow/work/clean/SRR5946668_R2.fastq.gz	FASTQ	FASTQ	DNA	DNA	13315704	13315704	1290160405	1278771017	60	60	96.9	96	101	101	101	100	101	101	101	101	0	0	101	101	1	1	98	98	95	95	29.96	29.99	44.8	44.71	45718	9135	100.5	101	101	101	2
SRR5946670	TRUE	15059865	30119730	2861085815	95	60	101	45.245267313839726	98	94.5024301258157	29.606676786812844	14362	0	workflow/work/clean/SRR5946670_R1.fastq.gz	workflow/work/clean/SRR5946670_R2.fastq.gz	FASTQ	FASTQ	DNA	DNA	15059865	15059865	1437495706	1423590109	60	60	95.5	94.5	101	101	100	93	101	101	101	101	0	0	101	101	1	1	98	98	95	94	29.95	29.26	45.3	45.19	12629	1733	96.5	101	101	101	2
SRR5946671	TRUE	7963041	15926082	1509062562	94.75	60	101	46.9700730693364	98	96	30.22951287109063	43672	0	workflow/work/clean/SRR5946671_R1.fastq.gz	workflow/work/clean/SRR5946671_R2.fastq.gz	FASTQ	FASTQ	DNA	DNA	7963041	7963041	756369051	752693511	60	60	95	94.5	101	101	99	93	101	101	101	101	0	0	101	101	1	1	98	98	96	96	30.03	30.43	47	46.94	37943	5729	96	101	101	101	2
SRR5946672	TRUE	13161555	26323110	2492899147	94.7	60	101	43.49	97.49914228038364	93.99828456076727	29.144150857579795	9296	0	workflow/work/clean/SRR5946672_R1.fastq.gz	workflow/work/clean/SRR5946672_R2.fastq.gz	FASTQ	FASTQ	DNA	DNA	13161555	13161555	1248587782	1244311365	60	60	94.9	94.5	101	101	97	93	101	101	101	101	0	0	101	101	1	1	97	98	93	95	28.65	29.64	43.49	43.49	8045	1251	95	101	101	101	2
SRR5946674	TRUE	8499222	16998444	1641224565	96.55	60	101	45.540000000000006	99	98.50057551265083	34.23039134860256	29791	0	workflow/work/clean/SRR5946674_R1.fastq.gz	workflow/work/clean/SRR5946674_R2.fastq.gz	FASTQ	FASTQ	DNA	DNA	8499222	8499222	821556828	819667737	60	60	96.7	96.4	101	101	101	101	101	101	101	101	0	0	101	101	1	1	99	99	99	98	34.57	33.89	45.54	45.54	23855	5936	101	101	101	101	2
SRR5946679	TRUE	7834276	15668552	1501253548	95.80000000000001	60	101	45.71523148217066	98	94	29.365568183509797	6909	0	workflow/work/clean/SRR5946679_R1.fastq.gz	workflow/work/clean/SRR5946679_R2.fastq.gz	FASTQ	FASTQ	DNA	DNA	7834276	7834276	753785987	747467561	60	60	96.2	95.4	101	101	100	99	101	101	101	101	0	0	101	101	1	1	98	98	94	94	29.5	29.23	45.77	45.66	6012	897	99.5	101	101	101	2
SRR5946685	TRUE	10432404	20864808	2019237700	96.80000000000001	60	101	44.98500536227112	99	98.50053622711185	34.22530564945375	36345	0	workflow/work/clean/SRR5946685_R1.fastq.gz	workflow/work/clean/SRR5946685_R2.fastq.gz	FASTQ	FASTQ	DNA	DNA	10432404	10432404	1010701620	1008536080	60	60	96.9	96.7	101	101	101	101	101	101	101	101	0	0	101	101	1	1	99	99	99	98	34.51	33.94	44.99	44.98	29068	7277	101	101	101	101	2
SRR5946686	TRUE	6283040	12566080	1193557725	95	60	101	47.78501597511758	98	96	30.219520746472483	28967	0	workflow/work/clean/SRR5946686_R1.fastq.gz	workflow/work/clean/SRR5946686_R2.fastq.gz	FASTQ	FASTQ	DNA	DNA	6283040	6283040	598685585	594872140	60	60	95.3	94.7	101	101	100	93	101	101	101	101	0	0	101	101	1	1	98	98	96	96	30.07	30.37	47.79	47.78	24689	4278	96.5	101	101	101	2
SRR5946688	TRUE	17557028	35114056	3393393672	96.64999999999999	60	101	45.490049369314676	98.4993828835666	95.4993828835666	30.414672928290294	30535	0	workflow/work/clean/SRR5946688_R1.fastq.gz	workflow/work/clean/SRR5946688_R2.fastq.gz	FASTQ	FASTQ	DNA	DNA	17557028	17557028	1698790955	1694602717	60	60	96.8	96.5	101	101	101	100	101	101	101	101	0	0	101	101	1	1	98	99	95	96	30.15	30.68	45.53	45.45	23665	6870	100.5	101	101	101	2
SRR5946691	TRUE	21779223	43558446	4187439870	96.1	60	101	44.22498876872947	98.50112312705281	96	30.755460482091653	45003	0	workflow/work/clean/SRR5946691_R1.fastq.gz	workflow/work/clean/SRR5946691_R2.fastq.gz	FASTQ	FASTQ	DNA	DNA	21779223	21779223	2098422962	2089016908	60	60	96.3	95.9	101	101	101	100	101	101	101	101	0	0	101	101	1	1	99	98	96	96	30.96	30.55	44.22	44.23	35664	9339	100.5	101	101	101	2
SRR5946693	TRUE	12898793	25797586	2463361171	95.5	60	101	44.250070881701006	98	96	30.244681032345454	71174	0	workflow/work/clean/SRR5946693_R1.fastq.gz	workflow/work/clean/SRR5946693_R2.fastq.gz	FASTQ	FASTQ	DNA	DNA	12898793	12898793	1234590706	1228770465	60	60	95.7	95.3	101	101	100	99	101	101	101	101	0	0	101	101	1	1	98	98	96	96	30.11	30.38	44.28	44.22	61656	9518	99.5	101	101	101	2
SRR5946694	TRUE	10482213	20964426	2034894727	97.1	60	101	44.940000000000005	99	98.50055786595982	34.34536261287388	37062	0	workflow/work/clean/SRR5946694_R1.fastq.gz	workflow/work/clean/SRR5946694_R2.fastq.gz	FASTQ	FASTQ	DNA	DNA	10482213	10482213	1018582562	1016312165	60	60	97.2	97	101	101	101	101	101	101	101	101	0	0	101	101	1	1	99	99	99	98	34.67	34.02	44.94	44.94	29591	7471	101	101	101	101	2
SRR5946701	TRUE	16946844	33893688	3228100304	95.25	60	101	43.59502009066135	98.50200906613465	96	30.526466618278292	83994	0	workflow/work/clean/SRR5946701_R1.fastq.gz	workflow/work/clean/SRR5946701_R2.fastq.gz	FASTQ	FASTQ	DNA	DNA	16946844	16946844	1620535619	1607564685	60	60	95.6	94.9	101	101	100	97	101	101	101	101	0	0	101	101	1	1	99	98	96	96	30.89	30.16	43.6	43.59	72068	11926	98.5	101	101	101	2
SRR5946703	TRUE	15205420	30410840	2874054799	94.5	60	101	46.58023810880024	98	94	29.325218266400213	33957	0	workflow/work/clean/SRR5946703_R1.fastq.gz	workflow/work/clean/SRR5946703_R2.fastq.gz	FASTQ	FASTQ	DNA	DNA	15205420	15205420	1442730214	1431324585	60	60	94.9	94.1	101	101	97	91	101	101	101	101	0	0	101	101	1	1	98	98	94	94	29.38	29.27	46.64	46.52	19819	14138	94	101	101	101	2
SRR5946706	TRUE	10488143	20976286	1962000344	93.55	60	101	45.84	98	95	29.964944248363494	10485	0	workflow/work/clean/SRR5946706_R1.fastq.gz	workflow/work/clean/SRR5946706_R2.fastq.gz	FASTQ	FASTQ	DNA	DNA	10488143	10488143	981841593	980158751	60	60	93.6	93.5	101	101	89	88	101	101	101	101	0	0	101	101	1	1	98	98	95	95	29.9	30.03	45.84	45.84	9246	1239	88.5	101	101	101	2
SRR5946707	TRUE	10059996	20119992	1888026995	93.80000000000001	60	101	45.15004276085046	98	94.49946548936923	29.639871717448617	9261	0	workflow/work/clean/SRR5946707_R1.fastq.gz	workflow/work/clean/SRR5946707_R2.fastq.gz	FASTQ	FASTQ	DNA	DNA	10059996	10059996	945022668	943004327	60	60	93.9	93.7	101	101	90	89	101	101	101	101	0	0	101	101	1	1	98	98	94	95	29.52	29.76	45.19	45.11	8034	1227	89.5	101	101	101	2
SRR5946711	TRUE	7005072	14010144	1298220331	92.64999999999999	60	101	46.8600277713799	98	95	29.819842628847258	6438	0	workflow/work/clean/SRR5946711_R1.fastq.gz	workflow/work/clean/SRR5946711_R2.fastq.gz	FASTQ	FASTQ	DNA	DNA	7005072	7005072	649711055	648509276	60	60	92.7	92.6	101	101	85	85	101	101	101	101	0	0	101	101	1	1	98	98	95	95	29.65	29.99	46.89	46.83	5574	864	85	101	101	101	2
SRR5946713	TRUE	6853085	13706170	1269451753	92.6	60	101	43.99000096757517	98	95.49995162124134	30.139984518797224	7280	0	workflow/work/clean/SRR5946713_R1.fastq.gz	workflow/work/clean/SRR5946713_R2.fastq.gz	FASTQ	FASTQ	DNA	DNA	6853085	6853085	634787291	634664462	60	60	92.6	92.6	101	101	85	85	101	101	101	101	0	0	101	101	1	1	98	98	95	96	29.98	30.3	44	43.98	6363	917	85	101	101	101	2
SRR5946714	TRUE	11341503	22683006	2147642089	94.69999999999999	60	101	43.42999045766979	97.49952288348918	93.99904576697836	29.184394062031256	8167	0	workflow/work/clean/SRR5946714_R1.fastq.gz	workflow/work/clean/SRR5946714_R2.fastq.gz	FASTQ	FASTQ	DNA	DNA	11341503	11341503	1074845720	1072796369	60	60	94.8	94.6	101	101	96	93	101	101	101	101	0	0	101	101	1	1	97	98	93	95	28.55	29.82	43.42	43.44	6954	1213	94.5	101	101	101	2
SRR5946715	TRUE	3765818	7531636	716614076	95.14999999999999	60	101	43.51490676190681	98	95.00207195762647	29.606315693092803	9898	0	workflow/work/clean/SRR5946715_R1.fastq.gz	workflow/work/clean/SRR5946715_R2.fastq.gz	FASTQ	FASTQ	DNA	DNA	3765818	3765818	357564641	359049435	60	60	95	95.3	101	101	97	99	101	101	101	101	0	0	101	101	1	1	98	98	94	96	28.97	30.24	43.56	43.47	6067	3831	98	101	101	101	2
SRR5946716	TRUE	14304403	28608806	2758264504	96.44999999999999	60	101	44.9050080500619	99	96	30.840161001238044	31885	0	workflow/work/clean/SRR5946716_R1.fastq.gz	workflow/work/clean/SRR5946716_R2.fastq.gz	FASTQ	FASTQ	DNA	DNA	14304403	14304403	1381352672	1376911832	60	60	96.6	96.3	101	101	101	100	101	101	101	101	0	0	101	101	1	1	99	99	96	96	30.94	30.74	44.91	44.9	25166	6719	100.5	101	101	101	2
SRR5946720	TRUE	205362	410724	39378675	95.89999999999999	60	101	48.43001708081849	98	94.49957297953779	29.719752328131914	213	0	workflow/work/clean/SRR5946720_R1.fastq.gz	workflow/work/clean/SRR5946720_R2.fastq.gz	FASTQ	FASTQ	DNA	DNA	205362	205362	19706153	19672522	60	60	96	95.8	101	101	100	100	101	101	101	101	0	0	101	101	1	1	98	98	94	95	29.43	30.01	48.45	48.41	193	20	100	101	101	101	2
SRR5946723	TRUE	6957609	13915218	1302233994	93.60000000000001	60	101	46.465006759023375	98	95	29.92483102441572	7327	0	workflow/work/clean/SRR5946723_R1.fastq.gz	workflow/work/clean/SRR5946723_R2.fastq.gz	FASTQ	FASTQ	DNA	DNA	6957609	6957609	651997180	650236814	60	60	93.7	93.5	101	101	89	88	101	101	101	101	0	0	101	101	1	1	98	98	95	95	29.8	30.05	46.47	46.46	6550	777	88.5	101	101	101	2
SRR5946725	TRUE	13665057	27330114	2583941986	94.5	60	101	43.75498944708893	98	95	29.975517092642647	14380	0	workflow/work/clean/SRR5946725_R1.fastq.gz	workflow/work/clean/SRR5946725_R2.fastq.gz	FASTQ	FASTQ	DNA	DNA	13665057	13665057	1294697804	1289244182	60	60	94.7	94.3	101	101	96	92	101	101	101	101	0	0	101	101	1	1	98	98	95	95	30.22	29.73	43.75	43.76	12698	1682	94	101	101	101	2
SRR5946731	TRUE	7851363	15702726	1451197818	92.4	60	101	47.600055738438265	98	94.49907102602879	29.769702728329214	6977	0	workflow/work/clean/SRR5946731_R1.fastq.gz	workflow/work/clean/SRR5946731_R2.fastq.gz	FASTQ	FASTQ	DNA	DNA	7851363	7851363	726947034	724250784	60	60	92.6	92.2	101	101	85	83	101	101	101	101	0	0	101	101	1	1	98	98	94	95	29.61	29.93	47.63	47.57	6141	836	84	101	101	101	2
SRR5946733	TRUE	14701106	29402212	2772537427	94.30000000000001	60	101	46.62498522127254	98	95.00059114909831	29.93023054814834	15967	0	workflow/work/clean/SRR5946733_R1.fastq.gz	workflow/work/clean/SRR5946733_R2.fastq.gz	FASTQ	FASTQ	DNA	DNA	14701106	14701106	1385449222	1387088205	60	60	94.2	94.4	101	101	91	92	101	101	101	101	0	0	101	101	1	1	98	98	94	96	29.54	30.32	46.65	46.6	14114	1853	91.5	101	101	101	2
SRR5946737	TRUE	19365381	38730762	3695984318	95.4	60	101	42.500009932185	98	94.49990067815001	29.659942393327007	17598	0	workflow/work/clean/SRR5946737_R1.fastq.gz	workflow/work/clean/SRR5946737_R2.fastq.gz	FASTQ	FASTQ	DNA	DNA	19365381	19365381	1848359251	1847625067	60	60	95.4	95.4	101	101	99	99	101	101	101	101	0	0	101	101	1	1	98	98	94	95	29.37	29.95	42.55	42.45	15163	2435	99	101	101	101	2
SRR5946740	TRUE	6427411	12854822	1238952649	96.39999999999999	60	101	45.79	99	98.50045956841083	34.175179231680225	22140	0	workflow/work/clean/SRR5946740_R1.fastq.gz	workflow/work/clean/SRR5946740_R2.fastq.gz	FASTQ	FASTQ	DNA	DNA	6427411	6427411	620045708	618906941	60	60	96.5	96.3	101	101	101	101	101	101	101	101	0	0	101	101	1	1	99	99	99	98	34.37	33.98	45.79	45.79	17642	4498	101	101	101	101	2
SRR5946742	TRUE	11151618	22303236	2119620003	95.05000000000001	60	101	44.645030546265325	98.4993890746935	95.4993890746935	30.30948682274254	61519	0	workflow/work/clean/SRR5946742_R1.fastq.gz	workflow/work/clean/SRR5946742_R2.fastq.gz	FASTQ	FASTQ	DNA	DNA	11151618	11151618	1061104931	1058515072	60	60	95.2	94.9	101	101	99	97	101	101	101	101	0	0	101	101	1	1	98	99	95	96	29.89	30.73	44.67	44.62	53254	8265	98	101	101	101	2
SRR5946747	TRUE	19536393	39072786	3746809708	95.9	60	101	46.36016440602752	98	95.4983559397247	30.0541286480541	79524	0	workflow/work/clean/SRR5946747_R1.fastq.gz	workflow/work/clean/SRR5946747_R2.fastq.gz	FASTQ	FASTQ	DNA	DNA	19536393	19536393	1879564835	1867244873	60	60	96.2	95.6	101	101	100	100	101	101	101	101	0	0	101	101	1	1	98	98	95	96	29.79	30.32	46.41	46.31	66113	13411	100	101	101	101	2
SRR5946749	TRUE	12898735	25797470	2506040727	97.15	60	101	43.98	99	98.50064487040557	34.2405674859569	45234	0	workflow/work/clean/SRR5946749_R1.fastq.gz	workflow/work/clean/SRR5946749_R2.fastq.gz	FASTQ	FASTQ	DNA	DNA	12898735	12898735	1254636435	1251404292	60	60	97.3	97	101	101	101	101	101	101	101	101	0	0	101	101	1	1	99	99	99	98	34.68	33.8	43.98	43.98	35992	9242	101	101	101	101	2
SRR5946750	TRUE	14651307	29302614	2847188993	97.19999999999999	60	101	44.39000880685127	99	98.50044034256352	34.31515411989723	51175	0	workflow/work/clean/SRR5946750_R1.fastq.gz	workflow/work/clean/SRR5946750_R2.fastq.gz	FASTQ	FASTQ	DNA	DNA	14651307	14651307	1424848235	1422340758	60	60	97.3	97.1	101	101	101	101	101	101	101	101	0	0	101	101	1	1	99	99	99	98	34.49	34.14	44.4	44.38	40736	10439	101	101	101	101	2
SRR5946754	TRUE	7659029	15318058	1489643470	97.25	60	101	44.47001059115172	99	98.50052955758602	34.27528066552059	27136	0	workflow/work/clean/SRR5946754_R1.fastq.gz	workflow/work/clean/SRR5946754_R2.fastq.gz	FASTQ	FASTQ	DNA	DNA	7659029	7659029	745610587	744032883	60	60	97.4	97.1	101	101	101	101	101	101	101	101	0	0	101	101	1	1	99	99	99	98	34.54	34.01	44.48	44.46	21574	5562	101	101	101	101	2
SRR5946756	TRUE	12881798	25763596	2430833339	94.35000000000001	60	101	44.835058665648816	98.49916191930261	95.49916191930261	30.259463628353668	70559	0	workflow/work/clean/SRR5946756_R1.fastq.gz	workflow/work/clean/SRR5946756_R2.fastq.gz	FASTQ	FASTQ	DNA	DNA	12881798	12881798	1217453904	1213379435	60	60	94.5	94.2	101	101	93	91	101	101	101	101	0	0	101	101	1	1	98	99	95	96	29.94	30.58	44.87	44.8	61325	9234	92	101	101	101	2
SRR5946760	TRUE	18933232	37866464	3624959231	95.75	60	101	45.335056559478865	98.50188531596206	96.50188531596206	30.596263161694576	99335	0	workflow/work/clean/SRR5946760_R1.fastq.gz	workflow/work/clean/SRR5946760_R2.fastq.gz	FASTQ	FASTQ	DNA	DNA	18933232	18933232	1819313809	1805645422	60	60	96.1	95.4	101	101	100	99	101	101	101	101	0	0	101	101	1	1	99	98	97	96	30.93	30.26	45.35	45.32	85492	13843	99.5	101	101	101	2
SRR5946762	TRUE	11412436	22824872	2174963675	95.25	60	101	46.29999382833371	98.49969141668538	96	30.71483027917696	22606	0	workflow/work/clean/SRR5946762_R1.fastq.gz	workflow/work/clean/SRR5946762_R2.fastq.gz	FASTQ	FASTQ	DNA	DNA	11412436	11412436	1088152995	1086810680	60	60	95.3	95.2	101	101	100	99	101	101	101	101	0	0	101	101	1	1	98	99	96	96	30.44	30.99	46.29	46.31	17866	4740	99.5	101	101	101	2
SRR5946774	TRUE	6514226	13028452	1264642630	97.05000000000001	60	101	46.24529527971867	98	95.50328088576296	29.852493473179848	27674	0	workflow/work/clean/SRR5946774_R1.fastq.gz	workflow/work/clean/SRR5946774_R2.fastq.gz	FASTQ	FASTQ	DNA	DNA	6514226	6514226	636470463	628172167	60	60	97.7	96.4	101	101	101	100	101	101	101	101	0	0	101	101	1	1	98	98	96	95	30.23	29.47	46.29	46.2	23262	4412	100.5	101	101	101	2
SRR5946776	TRUE	18342538	36685076	3513313366	95.80000000000001	60	101	45.405031800707306	98.49893997642339	96	30.339194382081775	84684	0	workflow/work/clean/SRR5946776_R1.fastq.gz	workflow/work/clean/SRR5946776_R2.fastq.gz	FASTQ	FASTQ	DNA	DNA	18342538	18342538	1760380878	1752932488	60	60	96	95.6	101	101	100	100	101	101	101	101	0	0	101	101	1	1	98	99	96	96	29.96	30.72	45.42	45.39	71576	13108	100	101	101	101	2
SRR5946780	TRUE	8621175	17242350	1676330637	97.2	60	101	46.6	98.49935118855673	96	30.4895847606763	17119	0	workflow/work/clean/SRR5946780_R1.fastq.gz	workflow/work/clean/SRR5946780_R2.fastq.gz	FASTQ	FASTQ	DNA	DNA	8621175	8621175	839252941	837077696	60	60	97.3	97.1	101	101	101	101	101	101	101	101	0	0	101	101	1	1	98	99	96	96	30.17	30.81	46.6	46.6	13588	3531	101	101	101	101	2
SRR5946782	TRUE	9682295	19364590	1851088871	95.6	60	101	46.420080528721414	98.50201321803527	96	30.446348856083638	49978	0	workflow/work/clean/SRR5946782_R1.fastq.gz	workflow/work/clean/SRR5946782_R2.fastq.gz	FASTQ	FASTQ	DNA	DNA	9682295	9682295	929271081	921817790	60	60	96	95.2	101	101	100	99	101	101	101	101	0	0	101	101	1	1	99	98	96	96	30.78	30.11	46.44	46.4	43032	6946	99.5	101	101	101	2
SRR5946785	TRUE	5977494	11954988	1114259549	93.19999999999999	60	101	48.95018612457052	98	95.50232655713144	30.100372249141028	25275	0	workflow/work/clean/SRR5946785_R1.fastq.gz	workflow/work/clean/SRR5946785_R2.fastq.gz	FASTQ	FASTQ	DNA	DNA	5977494	5977494	559722163	554537386	60	60	93.6	92.8	101	101	88	85	101	101	101	101	0	0	101	101	1	1	98	98	96	95	30.18	30.02	48.99	48.91	21233	4042	86.5	101	101	101	2
SRR5946786	TRUE	18787467	37574934	3555982717	94.64999999999999	60	101	43.88000899069049	98	95	29.75498426629164	49725	0	workflow/work/clean/SRR5946786_R1.fastq.gz	workflow/work/clean/SRR5946786_R2.fastq.gz	FASTQ	FASTQ	DNA	DNA	18787467	18787467	1778790627	1777192090	60	60	94.7	94.6	101	101	94	93	101	101	101	101	0	0	101	101	1	1	98	98	95	95	29.72	29.79	43.9	43.86	31002	18723	93.5	101	101	101	2
SRR5946790	TRUE	19617025	39234050	3784502513	96.5	60	101	42.645032835527154	98.49953092104077	95.49953092104077	30.43953092104077	34049	0	workflow/work/clean/SRR5946790_R1.fastq.gz	workflow/work/clean/SRR5946790_R2.fastq.gz	FASTQ	FASTQ	DNA	DNA	19617025	19617025	1894026487	1890476026	60	60	96.6	96.4	101	101	101	100	101	101	101	101	0	0	101	101	1	1	98	99	95	96	29.94	30.94	42.68	42.61	26326	7723	100.5	101	101	101	2
SRR5946791	TRUE	15135100	30270200	2893633542	95.6	60	101	46.16513623404425	98	95.498761508688645	30.03431882977876	59689	0	workflow/work/clean/SRR5946791_R1.fastq.gz	workflow/work/clean/SRR5946791_R2.fastq.gz	FASTQ	FASTQ	DNA	DNA	15135100	15135100	1450400511	1443233031	60	60	95.8	95.4	101	101	100	99	101	101	101	101	0	0	101	101	1	1	98	98	95	96	29.76	30.31	46.22	46.11	49305	10384	99.5	101	101	101	2
SRR5946794	TRUE	7154100	14308200	1343126751	93.85	60	101	46.565035995095	98	94.4996000545	29.369696041419996	16361	0	workflow/work/clean/SRR5946794_R1.fastq.gz	workflow/work/clean/SRR5946794_R2.fastq.gz	FASTQ	FASTQ	DNA	DNA	7154100	7154100	672100553	671026198	60	60	93.9	93.8	101	101	90	89	101	101	101	101	0	0	101	101	1	1	98	98	94	95	28.99	29.75	46.61	46.52	9777	6584	89.5	101	101	101	2
SRR5946801	TRUE	6870762	13741524	1326610098	96.5	60	101	44.7149943384797	98.49943384797	94.99886769594	29.929162094995608	8294	0	workflow/work/clean/SRR5946801_R1.fastq.gz	workflow/work/clean/SRR5946801_R2.fastq.gz	FASTQ	FASTQ	DNA	DNA	6870762	6870762	664056112	662553986	60	60	96.6	96.4	101	101	101	100	101	101	101	101	0	0	101	101	1	1	98	99	94	96	29.19	30.67	44.71	44.72	6134	2160	100.5	101	101	101	2
SRR5946808	TRUE	7511244	15022488	1396782412	93	60	101	44.71	97.49944760687607	93.99889521375216	29.329315032526342	5389	0	workflow/work/clean/SRR5946808_R1.fastq.gz	workflow/work/clean/SRR5946808_R2.fastq.gz	FASTQ	FASTQ	DNA	DNA	7511244	7511244	699162779	697619633	60	60	93.1	92.9	101	101	86	86	101	101	101	101	0	0	101	101	1	1	97	98	93	95	28.71	29.95	44.71	44.71	4668	721	86	101	101	101	2
SRR5946814	TRUE	15832529	31665058	3020337783	95.35000000000001	60	101	45.315265454390406	98	94	29.199823030406396	34109	0	workflow/work/clean/SRR5946814_R1.fastq.gz	workflow/work/clean/SRR5946814_R2.fastq.gz	FASTQ	FASTQ	DNA	DNA	15832529	15832529	1515513971	1504823812	60	60	95.7	95	101	101	100	97	101	101	101	101	0	0	101	101	1	1	98	98	94	94	29.15	29.25	45.39	45.24	19553	14556	98.5	101	101	101	2
SRR5946817	TRUE	14182322	28364644	2725091451	96.10000000000001	60	101	45.35	98	94.99690416591454	29.56811154120787	36428	0	workflow/work/clean/SRR5946817_R1.fastq.gz	workflow/work/clean/SRR5946817_R2.fastq.gz	FASTQ	FASTQ	DNA	DNA	14182322	14182322	1366763941	1358327510	60	60	96.4	95.8	101	101	101	100	101	101	101	101	0	0	101	101	1	1	98	98	94	96	28.96	30.18	45.35	45.35	26762	9666	100.5	101	101	101	2
SRR5946821	TRUE	6318636	12637272	1167372655	92.35000000000001	60	101	45.235162813883115	98	95.4981909568543	30.03938492533047	26925	0	workflow/work/clean/SRR5946821_R1.fastq.gz	workflow/work/clean/SRR5946821_R2.fastq.gz	FASTQ	FASTQ	DNA	DNA	6318636	6318636	585798155	581574500	60	60	92.7	92	101	101	85	83	101	101	101	101	0	0	101	101	1	1	98	98	95	96	29.87	30.21	45.28	45.19	22704	4221	84	101	101	101	2
SRR5946825	TRUE	9998378	19996756	1863032026	93.19999999999999	59	101	44.900009256094236	98	95	30.145041652424073	10743	0	workflow/work/clean/SRR5946825_R1.fastq.gz	workflow/work/clean/SRR5946825_R2.fastq.gz	FASTQ	FASTQ	DNA	DNA	9998378	9998378	932378233	930653793	59	59	93.3	93.1	101	101	87	86	101	101	101	101	0	0	101	101	1	1	98	98	95	95	30.19	30.1	44.91	44.89	9447	1296	86.5	101	101	101	2
SRR5946829	TRUE	9952369	19904738	1865649942	93.75	60	101	43.1601877554262	98	95	29.60052571519336	9170	0	workflow/work/clean/SRR5946829_R1.fastq.gz	workflow/work/clean/SRR5946829_R2.fastq.gz	FASTQ	FASTQ	DNA	DNA	9952369	9952369	936327830	929322112	60	60	94.1	93.4	101	101	91	88	101	101	101	101	0	0	101	101	1	1	98	98	95	95	29.74	29.46	43.21	43.11	7953	1217	89.5	101	101	101	2
SRR5946833	TRUE	7502255	15004510	1397299589	93.1	60	101	47.330040879565445	98	94.4994890054319	29.689642303802326	6636	0	workflow/work/clean/SRR5946833_R1.fastq.gz	workflow/work/clean/SRR5946833_R2.fastq.gz	FASTQ	FASTQ	DNA	DNA	7502255	7502255	699363807	697935782	60	60	93.2	93	101	101	87	86	101	101	101	101	0	0	101	101	1	1	98	98	94	95	29.34	30.04	47.37	47.29	5875	761	86.5	101	101	101	2
SRR5946834	TRUE	9576993	19153986	1798911678	93.95	60	101	46.12008313186346	98	95	29.72520782965866	8951	0	workflow/work/clean/SRR5946834_R1.fastq.gz	workflow/work/clean/SRR5946834_R2.fastq.gz	FASTQ	FASTQ	DNA	DNA	9576993	9576993	901948287	896963391	60	60	94.2	93.7	101	101	91	89	101	101	101	101	0	0	101	101	1	1	98	98	95	95	29.8	29.65	46.15	46.09	7948	1003	90	101	101	101	2
SRR5946836	TRUE	7099742	14199484	1383442362	97.45	60	101	44.20019402268383	98	95	30.095252229488985	12292	0	workflow/work/clean/SRR5946836_R1.fastq.gz	workflow/work/clean/SRR5946836_R2.fastq.gz	FASTQ	FASTQ	DNA	DNA	7099742	7099742	694405373	689036989	60	60	97.8	97.1	101	101	101	100	101	101	101	101	0	0	101	101	1	1	98	98	95	95	30.16	30.03	44.25	44.15	9446	2846	100.5	101	101	101	2
SRR5946843	TRUE	15940005	31880010	3069748388	96.3	60	101	46.460007483675234	99	96	30.699872777520945	33955	0	workflow/work/clean/SRR5946843_R1.fastq.gz	workflow/work/clean/SRR5946843_R2.fastq.gz	FASTQ	FASTQ	DNA	DNA	15940005	15940005	1536022844	1533725544	60	60	96.4	96.2	101	101	101	100	101	101	101	101	0	0	101	101	1	1	99	99	96	96	30.53	30.87	46.47	46.45	27028	6927	100.5	101	101	101	2
SRR5946844	TRUE	9734571	19469142	1863487384	95.75	60	101	47.56998657482727	98	94.50033562931812	29.550409467768095	23736	0	workflow/work/clean/SRR5946844_R1.fastq.gz	workflow/work/clean/SRR5946844_R2.fastq.gz	FASTQ	FASTQ	DNA	DNA	9734571	9734571	931118251	932369133	60	60	95.7	95.8	101	101	100	100	101	101	101	101	0	0	101	101	1	1	98	98	94	95	28.94	30.16	47.59	47.55	14669	9067	100	101	101	101	2
SRR5946847	TRUE	17318816	34637632	3294793421	95.15	60	101	46.555198648568016	98	95	30.024909705196357	69576	0	workflow/work/clean/SRR5946847_R1.fastq.gz	workflow/work/clean/SRR5946847_R2.fastq.gz	FASTQ	FASTQ	DNA	DNA	17318816	17318816	1653346765	1641446656	60	60	95.5	94.8	101	101	100	95	101	101	101	101	0	0	101	101	1	1	98	98	95	95	30	30.05	46.61	46.5	57958	11618	97.5	101	101	101	2
SRR5946848	TRUE	2259954	4519908	431103000	95.35000000000001	60	101	46.37536275941016	98	95.50329781281967	29.88244038148656	10092	0	workflow/work/clean/SRR5946848_R1.fastq.gz	workflow/work/clean/SRR5946848_R2.fastq.gz	FASTQ	FASTQ	DNA	DNA	2259954	2259954	216973197	214129803	60	60	96	94.7	101	101	101	94	101	101	101	101	0	0	101	101	1	1	98	98	96	95	30.25	29.51	46.43	46.32	8578	1514	97.5	101	101	101	2
SRR5946854	TRUE	8800099	17600198	1705431679	96.89999999999999	60	101	45.49500470859379	99	98.50047085937824	34.16517421796995	30315	0	workflow/work/clean/SRR5946854_R1.fastq.gz	workflow/work/clean/SRR5946854_R2.fastq.gz	FASTQ	FASTQ	DNA	DNA	8800099	8800099	853518858	851912821	60	60	97	96.8	101	101	101	101	101	101	101	101	0	0	101	101	1	1	99	99	99	98	34.35	33.98	45.5	45.49	24029	6286	101	101	101	101	2
SRR5946856	TRUE	13102876	26205752	2484519645	94.85	60	101	47.53500290537651	98	95	29.869814055903756	13208	0	workflow/work/clean/SRR5946856_R1.fastq.gz	workflow/work/clean/SRR5946856_R2.fastq.gz	FASTQ	FASTQ	DNA	DNA	13102876	13102876	1242981669	1241537976	60	60	94.9	94.8	101	101	97	96	101	101	101	101	0	0	101	101	1	1	98	98	95	95	29.55	30.19	47.54	47.53	11881	1327	96.5	101	101	101	2
SRR5946862	TRUE	16175555	32351110	3071902629	94.95	60	101	44.13	98	95	30.025426214126263	16976	0	workflow/work/clean/SRR5946862_R1.fastq.gz	workflow/work/clean/SRR5946862_R2.fastq.gz	FASTQ	FASTQ	DNA	DNA	16175555	16175555	1538996171	1532906458	60	60	95.1	94.8	101	101	99	96	101	101	101	101	0	0	101	101	1	1	98	98	95	95	30.24	29.81	44.13	44.13	14975	2001	97.5	101	101	101	2
SRR5946865	TRUE	13622062	27244124	2603510871	95.55000000000001	60	101	44.38003364130758	98	95	29.731110163150152	34151	0	workflow/work/clean/SRR5946865_R1.fastq.gz	workflow/work/clean/SRR5946865_R2.fastq.gz	FASTQ	FASTQ	DNA	DNA	13622062	13622062	1306134711	1297376160	60	60	95.9	95.2	101	101	100	99	101	101	101	101	0	0	101	101	1	1	98	98	95	95	30.06	29.4	44.39	44.37	21005	13146	99.5	101	101	101	2
SRR5946866	TRUE	5843300	11686600	1075605916	92	60	101	45.875004959939254	98	95	30.115044639453245	6154	0	workflow/work/clean/SRR5946866_R1.fastq.gz	workflow/work/clean/SRR5946866_R2.fastq.gz	FASTQ	FASTQ	DNA	DNA	5843300	5843300	538336452	537269464	60	60	92.1	91.9	101	101	83	83	101	101	101	101	0	0	101	101	1	1	98	98	95	95	30.16	30.07	45.88	45.87	5366	788	83	101	101	101	2
SRR5946867	TRUE	18876400	37752800	3629922963	96.15	60	101	45.61005001739481	98	95	29.704274747775134	54187	0	workflow/work/clean/SRR5946867_R1.fastq.gz	workflow/work/clean/SRR5946867_R2.fastq.gz	FASTQ	FASTQ	DNA	DNA	18876400	18876400	1824039446	1805883517	60	60	96.6	95.7	101	101	101	100	101	101	101	101	0	0	101	101	1	1	98	98	95	95	29.56	29.85	45.62	45.6	41723	12464	100.5	101	101	101	2
SRR5946868	TRUE	6066630	12133260	1169536350	96.4	60	101	45.64000854027325	98.49957298633771	96	30.474790763305478	13583	0	workflow/work/clean/SRR5946868_R1.fastq.gz	workflow/work/clean/SRR5946868_R2.fastq.gz	FASTQ	FASTQ	DNA	DNA	6066630	6066630	585267583	584268767	60	60	96.5	96.3	101	101	101	100	101	101	101	101	0	0	101	101	1	1	98	99	96	96	30.23	30.72	45.65	45.63	10887	2696	100.5	101	101	101	2
SRR5946873	TRUE	8642183	17284366	1673235318	96.80000000000001	60	101	45.17500530055749	99	98	33.86525972731709	29108	0	workflow/work/clean/SRR5946873_R1.fastq.gz	workflow/work/clean/SRR5946873_R2.fastq.gz	FASTQ	FASTQ	DNA	DNA	8642183	8642183	837504567	835730751	60	60	96.9	96.7	101	101	101	101	101	101	101	101	0	0	101	101	1	1	99	99	98	98	34.11	33.62	45.18	45.17	23252	5856	101	101	101	101	2
SRR5946876	TRUE	21448375	42896750	4072567226	94.95	60	101	46.22004935156839	98.49917747386007	95.49917747386007	30.289374880133654	117253	0	workflow/work/clean/SRR5946876_R1.fastq.gz	workflow/work/clean/SRR5946876_R2.fastq.gz	FASTQ	FASTQ	DNA	DNA	21448375	21448375	2039633406	2032933820	60	60	95.1	94.8	101	101	99	96	101	101	101	101	0	0	101	101	1	1	98	99	95	96	29.91	30.67	46.25	46.19	101664	15589	97.5	101	101	101	2
SRR5946881	TRUE	13114659	26229318	2491982901	95	60	101	44.88503826460244	98.49945336282225	95.49945336282225	30.49471028229579	23443	0	workflow/work/clean/SRR5946881_R1.fastq.gz	workflow/work/clean/SRR5946881_R2.fastq.gz	FASTQ	FASTQ	DNA	DNA	13114659	13114659	1247353661	1244629240	60	60	95.1	94.9	101	101	99	98	101	101	101	101	0	0	101	101	1	1	98	99	95	96	30.23	30.76	44.92	44.85	18159	5284	98.5	101	101	101	2
SRR5946883	TRUE	6516834	13033668	1230919468	94.44999999999999	59	101	46.27997913223353	98	94.50034779610782	29.615302582613797	17070	0	workflow/work/clean/SRR5946883_R1.fastq.gz	workflow/work/clean/SRR5946883_R2.fastq.gz	FASTQ	FASTQ	DNA	DNA	6516834	6516834	615031625	615887843	59	59	94.4	94.5	101	101	92	93	101	101	101	101	0	0	101	101	1	1	98	98	94	95	29.18	30.05	46.31	46.25	10591	6479	92.5	101	101	101	2
SRR5946887	TRUE	13455622	26911244	2543292696	94.5	60	101	46.54997956671677	98	95	29.93042909894788	13696	0	workflow/work/clean/SRR5946887_R1.fastq.gz	workflow/work/clean/SRR5946887_R2.fastq.gz	FASTQ	FASTQ	DNA	DNA	13455622	13455622	1274244739	1269047957	60	60	94.7	94.3	101	101	94	92	101	101	101	101	0	0	101	101	1	1	98	98	95	95	30.14	29.72	46.54	46.56	12095	1601	93	101	101	101	2
SRR5946889	TRUE	14071626	28143252	2630128841	93.45	60	101	45.62501821896489	98	95	30.009941699312364	15551	0	workflow/work/clean/SRR5946889_R1.fastq.gz	workflow/work/clean/SRR5946889_R2.fastq.gz	FASTQ	FASTQ	DNA	DNA	14071626	14071626	1316022785	1314106056	60	60	93.5	93.4	101	101	88	88	101	101	101	101	0	0	101	101	1	1	98	98	95	95	29.93	30.09	45.65	45.6	13642	1909	88	101	101	101	2
SRR5946891	TRUE	11528861	23057722	2171016466	94.19999999999999	60	101	45.535015506897594	99	97	31.339772565502045	33108	0	workflow/work/clean/SRR5946891_R1.fastq.gz	workflow/work/clean/SRR5946891_R2.fastq.gz	FASTQ	FASTQ	DNA	DNA	11528861	11528861	1086630424	1084386042	60	60	94.3	94.1	101	101	92	91	101	101	101	101	0	0	101	101	1	1	99	99	97	97	31.12	31.56	45.55	45.52	30272	2836	91.5	101	101	101	2
SRR5946892	TRUE	8882164	17764328	1656081310	93.19999999999999	60	101	46.02500470748626	98	95	29.87978345563238	9214	0	workflow/work/clean/SRR5946892_R1.fastq.gz	workflow/work/clean/SRR5946892_R2.fastq.gz	FASTQ	FASTQ	DNA	DNA	8882164	8882164	828820253	827261057	60	60	93.3	93.1	101	101	87	87	101	101	101	101	0	0	101	101	1	1	98	98	95	95	29.65	30.11	46.03	46.02	8213	1001	87	101	101	101	2
SRR5946902	TRUE	21291480	42582960	4039074018	94.85	60	101	45.05001170542549	98	95	30.030093643403983	22708	0	workflow/work/clean/SRR5946902_R1.fastq.gz	workflow/work/clean/SRR5946902_R2.fastq.gz	FASTQ	FASTQ	DNA	DNA	21291480	21291480	2021900963	2017173055	60	60	95	94.7	101	101	98	95	101	101	101	101	0	0	101	101	1	1	98	98	95	95	30.11	29.95	45.06	45.04	20024	2684	96.5	101	101	101	2
SRR5946903	TRUE	12960515	25921030	2435230200	93.95	60	101	45.394997369419116	98	95	29.984934235478025	12961	0	workflow/work/clean/SRR5946903_R1.fastq.gz	workflow/work/clean/SRR5946903_R2.fastq.gz	FASTQ	FASTQ	DNA	DNA	12960515	12960515	1218255707	1216974493	60	60	94	93.9	101	101	90	90	101	101	101	101	0	0	101	101	1	1	98	98	95	95	29.86	30.11	45.39	45.4	11481	1480	90	101	101	101	2
SRR5946905	TRUE	15494256	30988512	2919094724	94.19999999999999	60	101	45.75	98	95	29.935093476809012	15619	0	workflow/work/clean/SRR5946905_R1.fastq.gz	workflow/work/clean/SRR5946905_R2.fastq.gz	FASTQ	FASTQ	DNA	DNA	15494256	15494256	1461646344	1457448380	60	60	94.3	94.1	101	101	92	91	101	101	101	101	0	0	101	101	1	1	98	98	95	95	30	29.87	45.75	45.75	13862	1757	91.5	101	101	101	2
SRR5946907	TRUE	11779725	23559450	2271166286	96.4	60	101	44.22499763489797	98.49976348979672	96	30.72486991938819	23621	0	workflow/work/clean/SRR5946907_R1.fastq.gz	workflow/work/clean/SRR5946907_R2.fastq.gz	FASTQ	FASTQ	DNA	DNA	11779725	11779725	1136120297	1135045989	60	60	96.4	96.4	101	101	101	100	101	101	101	101	0	0	101	101	1	1	98	99	96	96	30.45	31	44.22	44.23	18632	4989	100.5	101	101	101	2
SRR5946908	TRUE	8430864	16861728	1627842189	96.5	60	101	45.415004891939184	99	98.50048919391904	34.335229921141945	29548	0	workflow/work/clean/SRR5946908_R1.fastq.gz	workflow/work/clean/SRR5946908_R2.fastq.gz	FASTQ	FASTQ	DNA	DNA	8430864	8430864	814717425	813124764	60	60	96.6	96.4	101	101	101	101	101	101	101	101	0	0	101	101	1	1	99	99	99	98	34.57	34.1	45.42	45.41	23520	6028	101	101	101	101	2
SRR5946910	TRUE	20929066	41858132	4030152647	96.3	60	101	44.73	98.49987696086392	96.49987696086392	30.734907720647932	41574	0	workflow/work/clean/SRR5946910_R1.fastq.gz	workflow/work/clean/SRR5946910_R2.fastq.gz	FASTQ	FASTQ	DNA	DNA	20929066	20929066	2015572190	2014580457	60	60	96.3	96.3	101	101	101	100	101	101	101	101	0	0	101	101	1	1	98	99	96	97	30.36	31.11	44.73	44.73	33005	8569	100.5	101	101	101	2
SRR5946913	TRUE	304321	608642	55213573	90.75	60	101	44.18500976254516	98.49980474909675	95.9996094981935	30.629734458771576	546	0	workflow/work/clean/SRR5946913_R1.fastq.gz	workflow/work/clean/SRR5946913_R2.fastq.gz	FASTQ	FASTQ	DNA	DNA	304321	304321	27617567	27596006	60	60	90.8	90.7	101	101	79	79	101	101	101	101	0	0	101	101	1	1	98	99	95	97	29.95	31.31	44.21	44.16	412	134	79	101	101	101	2
SRR5946914	TRUE	8697086	17394172	1666594450	95.8	60	101	46.20519501062181	98	94	29.089793518165145	18378	0	workflow/work/clean/SRR5946914_R1.fastq.gz	workflow/work/clean/SRR5946914_R2.fastq.gz	FASTQ	FASTQ	DNA	DNA	8697086	8697086	835209011	831385439	60	60	96	95.6	101	101	100	99	101	101	101	101	0	0	101	101	1	1	98	98	94	94	29	29.18	46.29	46.12	10358	8020	99.5	101	101	101	2
SRR5946921	TRUE	13953839	27907678	2666484518	95.54999999999998	60	101	46.34	98	94.49779058158401	29.653519689661294	37794	0	workflow/work/clean/SRR5946921_R1.fastq.gz	workflow/work/clean/SRR5946921_R2.fastq.gz	FASTQ	FASTQ	DNA	DNA	13953839	13953839	1339133639	1327350879	60	60	96	95.1	101	101	100	98	101	101	101	101	0	0	101	101	1	1	98	98	94	95	29.32	29.99	46.34	46.34	28680	9114	99	101	101	101	2
SRR5946923	TRUE	13089044	26178088	2476282719	94.54999999999998	60	101	46.07998383563811	98	95.00053881206284	29.865196666402937	14267	0	workflow/work/clean/SRR5946923_R1.fastq.gz	workflow/work/clean/SRR5946923_R2.fastq.gz	FASTQ	FASTQ	DNA	DNA	13089044	13089044	1237474234	1238808485	60	60	94.5	94.6	101	101	93	93	101	101	101	101	0	0	101	101	1	1	98	98	94	96	29.5	30.23	46.11	46.05	12671	1596	93	101	101	101	2
SRR5946924	TRUE	15706767	31413534	2979423647	94.85000000000001	60	101	45.20500983625307	97.49901637469281	93.99803274938564	29.214144245982755	11625	0	workflow/work/clean/SRR5946924_R1.fastq.gz	workflow/work/clean/SRR5946924_R2.fastq.gz	FASTQ	FASTQ	DNA	DNA	15706767	15706767	1492642460	1486781187	60	60	95	94.7	101	101	98	94	101	101	101	101	0	0	101	101	1	1	97	98	93	95	28.78	29.65	45.21	45.2	10031	1594	96	101	101	101	2
SRR5946925	TRUE	13272899	26545798	2486639351	93.7	60	101	45.35000170115944	98	95	30.024973632028715	13913	0	workflow/work/clean/SRR5946925_R1.fastq.gz	workflow/work/clean/SRR5946925_R2.fastq.gz	FASTQ	FASTQ	DNA	DNA	13272899	13272899	1243531184	1243108167	60	60	93.7	93.7	101	101	89	89	101	101	101	101	0	0	101	101	1	1	98	98	95	95	29.87	30.18	45.36	45.34	12182	1731	89	101	101	101	2
SRR5946927	TRUE	8695336	17390672	1658116069	95.3	60	101	47.179978887563635	98	95	29.94539058007284	8735	0	workflow/work/clean/SRR5946927_R1.fastq.gz	workflow/work/clean/SRR5946927_R2.fastq.gz	FASTQ	FASTQ	DNA	DNA	8695336	8695336	830808378	827307691	60	60	95.5	95.1	101	101	100	99	101	101	101	101	0	0	101	101	1	1	98	98	95	95	30.13	29.76	47.17	47.19	7762	973	99.5	101	101	101	2
SRR5946929	TRUE	7977792	15955584	1502192913	94.14999999999999	60	101	47.22522724187556	98	94.50252490972842	29.496742187712613	7447	0	workflow/work/clean/SRR5946929_R1.fastq.gz	workflow/work/clean/SRR5946929_R2.fastq.gz	FASTQ	FASTQ	DNA	DNA	7977792	7977792	754889358	747303555	60	60	94.6	93.7	101	101	93	89	101	101	101	101	0	0	101	101	1	1	98	98	95	94	29.84	29.15	47.27	47.18	6587	860	91	101	101	101	2
SRR5946930	TRUE	14766185	29532370	2824295591	95.65	59	101	46.07505637075507	98	96	30.25	69199	0	workflow/work/clean/SRR5946930_R1.fastq.gz	workflow/work/clean/SRR5946930_R2.fastq.gz	FASTQ	FASTQ	DNA	DNA	14766185	14766185	1417454718	1406840873	59	59	96	95.3	101	101	100	99	101	101	101	101	0	0	101	101	1	1	98	98	96	96	30.25	30.25	46.09	46.06	58981	10218	99.5	101	101	101	2
SRR5946933	TRUE	11527548	23055096	2201888257	95.5	60	101	43.25014129838288	98	95.49858701617119	30.24963262420451	19549	0	workflow/work/clean/SRR5946933_R1.fastq.gz	workflow/work/clean/SRR5946933_R2.fastq.gz	FASTQ	FASTQ	DNA	DNA	11527548	11527548	1104055361	1097832896	60	60	95.8	95.2	101	101	100	99	101	101	101	101	0	0	101	101	1	1	98	98	95	96	30.12	30.38	43.3	43.2	15039	4510	99.5	101	101	101	2
SRR5946935	TRUE	8742884	17485768	1643794791	94	60	101	46.45000000000001	97.49992414107851	93.49977242323553	28.984886970206976	15428	0	workflow/work/clean/SRR5946935_R1.fastq.gz	workflow/work/clean/SRR5946935_R2.fastq.gz	FASTQ	FASTQ	DNA	DNA	8742884	8742884	822022092	821772699	60	60	94	94	101	101	90	90	101	101	101	101	0	0	101	101	1	1	97	98	92	95	28.24	29.73	46.45	46.45	7301	8127	90	101	101	101	2
SRR5946938	TRUE	10263104	20526208	1947616249	94.89999999999999	60	101	45.2850746304746	98	94.49932154114	29.374748970221802	22146	0	workflow/work/clean/SRR5946938_R1.fastq.gz	workflow/work/clean/SRR5946938_R2.fastq.gz	FASTQ	FASTQ	DNA	DNA	10263104	10263104	975129502	972486747	60	60	95	94.8	101	101	98	94	101	101	101	101	0	0	101	101	1	1	98	98	94	95	29.19	29.56	45.34	45.23	12036	10110	96	101	101	101	2
SRR5946942	TRUE	8813734	17627468	1648785600	93.55	60	101	46.865151786023596	98	94.49883241520304	29.269486262689338	19195	0	workflow/work/clean/SRR5946942_R1.fastq.gz	workflow/work/clean/SRR5946942_R2.fastq.gz	FASTQ	FASTQ	DNA	DNA	8813734	8813734	826317897	822467703	60	60	93.8	93.3	101	101	89	87	101	101	101	101	0	0	101	101	1	1	98	98	94	95	29.05	29.49	46.93	46.8	11019	8176	88	101	101	101	2
SRR5946943	TRUE	12774494	25548988	2423477972	94.85000000000001	60	101	44.940054001406864	98.49909997655222	95.49909997655222	30.479513987338194	22612	0	workflow/work/clean/SRR5946943_R1.fastq.gz	workflow/work/clean/SRR5946943_R2.fastq.gz	FASTQ	FASTQ	DNA	DNA	12774494	12774494	1213920173	1209557799	60	60	95	94.7	101	101	99	94	101	101	101	101	0	0	101	101	1	1	98	99	95	96	30.21	30.75	44.97	44.91	17569	5043	96.5	101	101	101	2
SRR5946944	TRUE	7183122	14366244	1380948641	96.10000000000001	60	101	45.485013835043844	99	96	30.719815532748694	16651	0	workflow/work/clean/SRR5946944_R1.fastq.gz	workflow/work/clean/SRR5946944_R2.fastq.gz	FASTQ	FASTQ	DNA	DNA	7183122	7183122	691111170	689837471	60	60	96.2	96	101	101	101	100	101	101	101	101	0	0	101	101	1	1	99	99	96	96	30.52	30.92	45.5	45.47	13388	3263	100.5	101	101	101	2
SRR5946945	TRUE	10141768	20283536	1923330758	94.80000000000001	60	101	44.75	98.50197292378559	96	30.441262671222777	49296	0	workflow/work/clean/SRR5946945_R1.fastq.gz	workflow/work/clean/SRR5946945_R2.fastq.gz	FASTQ	FASTQ	DNA	DNA	10141768	10141768	965459964	957870794	60	60	95.2	94.4	101	101	100	92	101	101	101	101	0	0	101	101	1	1	99	98	96	96	30.76	30.12	44.75	44.75	42342	6954	96	101	101	101	2
SRR5946946	TRUE	11727685	23455370	2273854751	96.9	60	101	47.97	99	98.50049572889364	34.115183419690645	41334	0	workflow/work/clean/SRR5946946_R1.fastq.gz	workflow/work/clean/SRR5946946_R2.fastq.gz	FASTQ	FASTQ	DNA	DNA	11727685	11727685	1138054591	1135800160	60	60	97	96.8	101	101	101	101	101	101	101	101	0	0	101	101	1	1	99	99	99	98	34.3	33.93	47.97	47.97	32709	8625	101	101	101	101	2
SRR5946948	TRUE	5194342	10388684	995905110	95.85000000000001	60	101	45.23004169867147	98.49930502214212	95.49930502214212	30.184409268820804	28618	0	workflow/work/clean/SRR5946948_R1.fastq.gz	workflow/work/clean/SRR5946948_R2.fastq.gz	FASTQ	FASTQ	DNA	DNA	5194342	5194342	498644687	497260423	60	60	96	95.7	101	101	100	100	101	101	101	101	0	0	101	101	1	1	98	99	95	96	29.76	30.61	45.26	45.2	24814	3804	100	101	101	101	2
SRR5946952	TRUE	6779346	13558692	1265770011	93.35000000000001	60	101	46.32	97.49976723615077	93.99953447230153	29.284634560756707	4939	0	workflow/work/clean/SRR5946952_R1.fastq.gz	workflow/work/clean/SRR5946952_R2.fastq.gz	FASTQ	FASTQ	DNA	DNA	6779346	6779346	633179631	632590380	60	60	93.4	93.3	101	101	88	87	101	101	101	101	0	0	101	101	1	1	97	98	93	95	28.5	30.07	46.32	46.32	4184	755	87.5	101	101	101	2
SRR5946955	TRUE	14494799	28989598	2762671647	95.29999999999998	60	101	45.47	99	97	31.414965294643284	41170	0	workflow/work/clean/SRR5946955_R1.fastq.gz	workflow/work/clean/SRR5946955_R2.fastq.gz	FASTQ	FASTQ	DNA	DNA	14494799	14494799	1384531807	1378139840	60	60	95.5	95.1	101	101	100	98	101	101	101	101	0	0	101	101	1	1	99	99	97	97	31.4	31.43	45.47	45.47	37489	3681	99	101	101	101	2
SRR5946958	TRUE	12018125	24036250	2300171020	95.7	60	101	46.855007378299206	99	96.49985243401598	31.084868666274215	32958	0	workflow/work/clean/SRR5946958_R1.fastq.gz	workflow/work/clean/SRR5946958_R2.fastq.gz	FASTQ	FASTQ	DNA	DNA	12018125	12018125	1150424937	1149746083	60	60	95.7	95.7	101	101	100	100	101	101	101	101	0	0	101	101	1	1	99	99	96	97	30.64	31.53	46.88	46.83	30097	2861	100	101	101	101	2
SRR5946961	TRUE	14296618	28593236	2694734933	94.19999999999999	60	101	45.980021572726606	98	95	29.849946068183474	15923	0	workflow/work/clean/SRR5946961_R1.fastq.gz	workflow/work/clean/SRR5946961_R2.fastq.gz	FASTQ	FASTQ	DNA	DNA	14296618	14296618	1348820786	1345914147	60	60	94.3	94.1	101	101	92	91	101	101	101	101	0	0	101	101	1	1	98	98	95	95	29.8	29.9	46	45.96	14155	1768	91.5	101	101	101	2
SRR5946962	TRUE	7234541	14469082	1357162112	93.80000000000001	60	101	48.0450474293155	98	94.49932243834995	29.70484416082049	6608	0	workflow/work/clean/SRR5946962_R1.fastq.gz	workflow/work/clean/SRR5946962_R2.fastq.gz	FASTQ	FASTQ	DNA	DNA	7234541	7234541	679500617	677661495	60	60	93.9	93.7	101	101	90	89	101	101	101	101	0	0	101	101	1	1	98	98	94	95	29.59	29.82	48.08	48.01	5740	868	89.5	101	101	101	2
SRR5946965	TRUE	7324763	14649526	1377839693	94.05	60	101	43.45997149078358	98	95.000950307214	29.930427638246304	7665	0	workflow/work/clean/SRR5946965_R1.fastq.gz	workflow/work/clean/SRR5946965_R2.fastq.gz	FASTQ	FASTQ	DNA	DNA	7324763	7324763	688265161	689574532	60	60	94	94.1	101	101	90	91	101	101	101	101	0	0	101	101	1	1	98	98	94	96	29.48	30.38	43.49	43.43	6777	888	90.5	101	101	101	2
SRR5946968	TRUE	7198254	14396508	1352627037	93.94999999999999	60	101	47.07003258935301	98	94.49959263308737	29.70983705323495	6635	0	workflow/work/clean/SRR5946968_R1.fastq.gz	workflow/work/clean/SRR5946968_R2.fastq.gz	FASTQ	FASTQ	DNA	DNA	7198254	7198254	676864534	675762503	60	60	94	93.9	101	101	90	90	101	101	101	101	0	0	101	101	1	1	98	98	94	95	29.51	29.91	47.11	47.03	5763	872	90	101	101	101	2
SRR5946969	TRUE	15473762	30947524	2928342937	94.64999999999999	60	101	45.970227489732025	98	94.50227489732019	29.5011374486601	14216	0	workflow/work/clean/SRR5946969_R1.fastq.gz	workflow/work/clean/SRR5946969_R2.fastq.gz	FASTQ	FASTQ	DNA	DNA	15473762	15473762	1470833148	1457509789	60	60	95.1	94.2	101	101	99	91	101	101	101	101	0	0	101	101	1	1	98	98	95	94	29.75	29.25	46.02	45.92	12416	1800	95	101	101	101	2
SRR5946973	TRUE	6858451	13716902	1298664857	94.7	60	101	45.65504642780982	98.50154759366065	96	30.480402374351762	34726	0	workflow/work/clean/SRR5946973_R1.fastq.gz	workflow/work/clean/SRR5946973_R2.fastq.gz	FASTQ	FASTQ	DNA	DNA	6858451	6858451	651342234	647322623	60	60	95	94.4	101	101	99	92	101	101	101	101	0	0	101	101	1	1	99	98	96	96	30.61	30.35	45.67	45.64	29778	4948	95.5	101	101	101	2
SRR5946978	TRUE	10661163	21322326	2044383438	95.9	60	101	46.07	98	95.49852293510901	29.849025137171942	13571	0	workflow/work/clean/SRR5946978_R1.fastq.gz	workflow/work/clean/SRR5946978_R2.fastq.gz	FASTQ	FASTQ	DNA	DNA	10661163	10661163	1025211406	1019172032	60	60	96.2	95.6	101	101	101	100	101	101	101	101	0	0	101	101	1	1	98	98	95	96	29.52	30.18	46.07	46.07	10188	3383	100.5	101	101	101	2
SRR5946984	TRUE	9590202	19180404	1811941808	94.45	60	101	46.790032322671586	98	95	29.70507272601108	24252	0	workflow/work/clean/SRR5946984_R1.fastq.gz	workflow/work/clean/SRR5946984_R2.fastq.gz	FASTQ	FASTQ	DNA	DNA	9590202	9590202	907435074	904506734	60	60	94.6	94.3	101	101	93	92	101	101	101	101	0	0	101	101	1	1	98	98	95	95	29.75	29.66	46.81	46.77	14887	9365	92.5	101	101	101	2
SRR5946985	TRUE	19564713	39129426	3736970677	95.5	60	101	45.16	98	94.99664192361016	29.718354542568974	52533	0	workflow/work/clean/SRR5946985_R1.fastq.gz	workflow/work/clean/SRR5946985_R2.fastq.gz	FASTQ	FASTQ	DNA	DNA	19564713	19564713	1874759855	1862210822	60	60	95.8	95.2	101	101	100	99	101	101	101	101	0	0	101	101	1	1	98	98	94	96	29.23	30.21	45.16	45.16	39200	13333	99.5	101	101	101	2
SRR5946989	TRUE	15158477	30316954	2925441994	96.5	60	101	48.25	98.49953978099626	96	30.604857332108836	31583	0	workflow/work/clean/SRR5946989_R1.fastq.gz	workflow/work/clean/SRR5946989_R2.fastq.gz	FASTQ	FASTQ	DNA	DNA	15158477	15158477	1464067341	1461374653	60	60	96.6	96.4	101	101	101	100	101	101	101	101	0	0	101	101	1	1	98	99	96	96	30.45	30.76	48.25	48.25	25019	6564	100.5	101	101	101	2
SRR5946993	TRUE	22962461	45924922	4425489379	96.4	59	101	48.46506988383849	98	95.49900165945014	30.369760398268035	40280	0	workflow/work/clean/SRR5946993_R1.fastq.gz	workflow/work/clean/SRR5946993_R2.fastq.gz	FASTQ	FASTQ	DNA	DNA	22962461	22962461	2217162835	2208326544	59	59	96.6	96.2	101	101	101	100	101	101	101	101	0	0	101	101	1	1	98	98	95	96	30.25	30.49	48.5	48.43	31295	8985	100.5	101	101	101	2
SRR5946999	TRUE	9828380	19656760	1868173420	95.05	60	101	45.53512190091003	98	94	29.319837465453286	22331	0	workflow/work/clean/SRR5946999_R1.fastq.gz	workflow/work/clean/SRR5946999_R2.fastq.gz	FASTQ	FASTQ	DNA	DNA	9828380	9828380	936617066	931556354	60	60	95.3	94.8	101	101	99	95	101	101	101	101	0	0	101	101	1	1	98	98	94	94	29.26	29.38	45.58	45.49	13215	9116	97	101	101	101	2
SRR5947007	TRUE	14146176	28292352	2702187778	95.55	60	101	44.4750393759941	98.49868746686337	96	30.25923873078076	65757	0	workflow/work/clean/SRR5947007_R1.fastq.gz	workflow/work/clean/SRR5947007_R2.fastq.gz	FASTQ	FASTQ	DNA	DNA	14146176	14146176	1354640600	1347547178	60	60	95.8	95.3	101	101	100	99	101	101	101	101	0	0	101	101	1	1	98	99	96	96	29.97	30.55	44.49	44.46	55680	10077	99.5	101	101	101	2
SRR5947010	TRUE	14363907	28727814	2749985834	95.75	60	101	43.885003749455684	98.49962505443219	96.49962505443219	30.709677546811683	29220	0	workflow/work/clean/SRR5947010_R1.fastq.gz	workflow/work/clean/SRR5947010_R2.fastq.gz	FASTQ	FASTQ	DNA	DNA	14363907	14363907	1376024012	1373961822	60	60	95.8	95.7	101	101	100	100	101	101	101	101	0	0	101	101	1	1	98	99	96	97	30.28	31.14	43.89	43.88	23322	5898	100	101	101	101	2
SRR5947011	TRUE	15023807	30047614	2869675752	95.5	60	101	46.1301779599802	98	95.50222449975247	30.105200204977717	63482	0	workflow/work/clean/SRR5947011_R1.fastq.gz	workflow/work/clean/SRR5947011_R2.fastq.gz	FASTQ	FASTQ	DNA	DNA	15023807	15023807	1441221469	1428454283	60	60	95.9	95.1	101	101	100	98	101	101	101	101	0	0	101	101	1	1	98	98	96	95	30.15	30.06	46.17	46.09	53169	10313	99	101	101	101	2
SRR5947015	TRUE	14395002	28790004	2750507284	95.55	60	101	44.8601477715774	98	95.49852228422603	30.094689679687463	58063	0	workflow/work/clean/SRR5947015_R1.fastq.gz	workflow/work/clean/SRR5947015_R2.fastq.gz	FASTQ	FASTQ	DNA	DNA	14395002	14395002	1379318110	1371189174	60	60	95.8	95.3	101	101	100	99	101	101	101	101	0	0	101	101	1	1	98	98	95	96	29.99	30.2	44.91	44.81	48121	9942	99.5	101	101	101	2
SRR5947017	TRUE	14175763	28351526	2685458315	94.69999999999999	60	101	45.40500426429817	98	95	29.930017057192714	14948	0	workflow/work/clean/SRR5947017_R1.fastq.gz	workflow/work/clean/SRR5947017_R2.fastq.gz	FASTQ	FASTQ	DNA	DNA	14175763	14175763	1343874317	1341583998	60	60	94.8	94.6	101	101	97	94	101	101	101	101	0	0	101	101	1	1	98	98	95	95	29.95	29.91	45.41	45.4	13133	1815	95.5	101	101	101	2
SRR5947019	TRUE	12408556	24817112	2353200615	94.80000000000001	60	101	45.74500612424836	98	95	29.82482239679765	12872	0	workflow/work/clean/SRR5947019_R1.fastq.gz	workflow/work/clean/SRR5947019_R2.fastq.gz	FASTQ	FASTQ	DNA	DNA	12408556	12408556	1178041466	1175159149	60	60	94.9	94.7	101	101	98	95	101	101	101	101	0	0	101	101	1	1	98	98	95	95	29.68	29.97	45.75	45.74	11469	1403	96.5	101	101	101	2
SRR5947020	TRUE	8414139	16828278	1592439945	94.6	60	101	44.54500173862444	98	95	30.00498203421417	9046	0	workflow/work/clean/SRR5947020_R1.fastq.gz	workflow/work/clean/SRR5947020_R2.fastq.gz	FASTQ	FASTQ	DNA	DNA	8414139	8414139	796312261	796127684	60	60	94.6	94.6	101	101	94	93	101	101	101	101	0	0	101	101	1	1	98	98	95	95	29.85	30.16	44.56	44.53	7934	1112	93.5	101	101	101	2
SRR5947021	TRUE	9855119	19710238	1875862618	95.19999999999999	60	101	45.650082698337556	98	94.4989662707805	29.624782916863904	8858	0	workflow/work/clean/SRR5947021_R1.fastq.gz	workflow/work/clean/SRR5947021_R2.fastq.gz	FASTQ	FASTQ	DNA	DNA	9855119	9855119	939870443	935992175	60	60	95.4	95	101	101	99	98	101	101	101	101	0	0	101	101	1	1	98	98	94	95	29.52	29.73	45.69	45.61	7836	1022	98.5	101	101	101	2
SRR5947022	TRUE	8560826	17121652	1613466175	94.25	60	101	45.58500612504628	98	95	29.969803998518902	8920	0	workflow/work/clean/SRR5947022_R1.fastq.gz	workflow/work/clean/SRR5947022_R2.fastq.gz	FASTQ	FASTQ	DNA	DNA	8560826	8560826	807721343	805744832	60	60	94.4	94.1	101	101	92	91	101	101	101	101	0	0	101	101	1	1	98	98	95	95	29.81	30.13	45.59	45.58	8005	915	91.5	101	101	101	2
SRR5947023	TRUE	8422582	16845164	1592072153	94.54999999999998	60	101	46.64521343575689	98	94.5023715084099	29.501328044709542	7700	0	workflow/work/clean/SRR5947023_R1.fastq.gz	workflow/work/clean/SRR5947023_R2.fastq.gz	FASTQ	FASTQ	DNA	DNA	8422582	8422582	799811689	792260464	60	60	95	94.1	101	101	99	91	101	101	101	101	0	0	101	101	1	1	98	98	95	94	29.78	29.22	46.69	46.6	6731	969	95	101	101	101	2
SRR5947025	TRUE	6537453	13074906	1207163853	92.35	60	101	45.764994580367045	98.50018065443184	95.00036130886367	30.020198719875026	6628	0	workflow/work/clean/SRR5947025_R1.fastq.gz	workflow/work/clean/SRR5947025_R2.fastq.gz	FASTQ	FASTQ	DNA	DNA	6537453	6537453	603363847	603800006	60	60	92.3	92.4	101	101	84	84	101	101	101	101	0	0	101	101	1	1	98	99	94	96	29.47	30.57	45.78	45.75	5874	754	84	101	101	101	2
SRR5947037	TRUE	8624356	17248712	1659432174	96.19999999999999	60	101	46.24000806595184	99	98.50040329759209	34.355100824398015	30460	0	workflow/work/clean/SRR5947037_R1.fastq.gz	workflow/work/clean/SRR5947037_R2.fastq.gz	FASTQ	FASTQ	DNA	DNA	8624356	8624356	830385332	829046842	60	60	96.3	96.1	101	101	101	101	101	101	101	101	0	0	101	101	1	1	99	99	99	98	34.48	34.23	46.25	46.23	24317	6143	101	101	101	101	2
SRR5947039	TRUE	12345643	24691286	2337239282	94.69999999999999	60	101	44.64504822252084	98.501607417361555	96	30.495691189465475	63098	0	workflow/work/clean/SRR5947039_R1.fastq.gz	workflow/work/clean/SRR5947039_R2.fastq.gz	FASTQ	FASTQ	DNA	DNA	12345643	12345643	1172376560	1164862722	60	60	95	94.4	101	101	99	92	101	101	101	101	0	0	101	101	1	1	99	98	96	96	30.71	30.28	44.66	44.63	54160	8938	95.5	101	101	101	2
SRR5947044	TRUE	10606472	21212944	2035561573	95.95	60	101	44.865152082702444	98	95.50217261003482	30.110260713204177	45142	0	workflow/work/clean/SRR5947044_R1.fastq.gz	workflow/work/clean/SRR5947044_R2.fastq.gz	FASTQ	FASTQ	DNA	DNA	10606472	10606472	1022203268	1013358305	60	60	96.4	95.5	101	101	101	99	101	101	101	101	0	0	101	101	1	1	98	98	96	95	30.17	30.05	44.9	44.83	37663	7479	100	101	101	101	2
SRR5947046	TRUE	12000817	24001634	2272274966	94.7	60	101	44.51495590244513	98	94.50048997283193	29.475465474190326	31298	0	workflow/work/clean/SRR5947046_R1.fastq.gz	workflow/work/clean/SRR5947046_R2.fastq.gz	FASTQ	FASTQ	DNA	DNA	12000817	12000817	1135024130	1137250836	60	60	94.6	94.8	101	101	93	95	101	101	101	101	0	0	101	101	1	1	98	98	94	95	29	29.95	44.56	44.47	19221	12077	94	101	101	101	2
SRR5947050	TRUE	9195823	18391646	1741745528	94.7	60	101	44.79024471123546	98	95	30.000342595729634	40244	0	workflow/work/clean/SRR5947050_R1.fastq.gz	workflow/work/clean/SRR5947050_R2.fastq.gz	FASTQ	FASTQ	DNA	DNA	9195823	9195823	875135011	866610517	60	60	95.2	94.2	101	101	100	91	101	101	101	101	0	0	101	101	1	1	98	98	95	95	30.07	29.93	44.84	44.74	33821	6423	95.5	101	101	101	2
SRR5947056	TRUE	60596	121192	11267265	93	60	101	37.28999973107937	98	95	29.590000448201046	137	0	workflow/work/clean/SRR5947056_R1.fastq.gz	workflow/work/clean/SRR5947056_R2.fastq.gz	FASTQ	FASTQ	DNA	DNA	60596	60596	5633582	5633683	60	60	93	93	101	101	86	86	101	101	101	101	0	0	101	101	1	1	98	98	95	95	29.54	29.64	37.32	37.26	97	40	86	101	101	101	2
SRR5947057	TRUE	13769709	27539418	2612545057	94.85	60	101	44.40005985943078	99	97	31.30023943772312	35673	0	workflow/work/clean/SRR5947057_R1.fastq.gz	workflow/work/clean/SRR5947057_R2.fastq.gz	FASTQ	FASTQ	DNA	DNA	13769709	13769709	1310182165	1302362892	60	60	95.1	94.6	101	101	99	93	101	101	101	101	0	0	101	101	1	1	99	99	97	97	31.38	31.22	44.42	44.38	32193	3480	96	101	101	101	2
SRR5947058	TRUE	10618946	21237892	2011393497	94.69999999999999	60	101	46.20006935916826	98	94.49942200693114	29.354843941871408	24795	0	workflow/work/clean/SRR5947058_R1.fastq.gz	workflow/work/clean/SRR5947058_R2.fastq.gz	FASTQ	FASTQ	DNA	DNA	10618946	10618946	1006859320	1004534177	60	60	94.8	94.6	101	101	96	93	101	101	101	101	0	0	101	101	1	1	98	98	94	95	29.22	29.49	46.26	46.14	14620	10175	94.5	101	101	101	2
SRR5947064	TRUE	7557809	15115618	1436515331	95	60	101	44.98501027429689	97.49897257031084	93.99794514062168	29.249136959061108	5746	0	workflow/work/clean/SRR5947064_R1.fastq.gz	workflow/work/clean/SRR5947064_R2.fastq.gz	FASTQ	FASTQ	DNA	DNA	7557809	7557809	719733584	716781747	60	60	95.2	94.8	101	101	99	97	101	101	101	101	0	0	101	101	1	1	97	98	93	95	28.83	29.67	44.99	44.98	4925	821	98	101	101	101	2
SRR5947070	TRUE	12048020	24096040	2293855153	95.2	60	101	42.83	98	93.99783566063729	29.22924248122305	9100	0	workflow/work/clean/SRR5947070_R1.fastq.gz	workflow/work/clean/SRR5947070_R2.fastq.gz	FASTQ	FASTQ	DNA	DNA	12048020	12048020	1149409917	1144445236	60	60	95.4	95	101	101	99	98	101	101	101	101	0	0	101	101	1	1	98	98	93	95	28.88	29.58	42.83	42.83	7878	1222	98.5	101	101	101	2
SRR5947072	TRUE	14631565	29263130	2745985183	93.85	60	101	45.395061353992745	98	94.49912351438934	29.7197370543168	13334	0	workflow/work/clean/SRR5947072_R1.fastq.gz	workflow/work/clean/SRR5947072_R2.fastq.gz	FASTQ	FASTQ	DNA	DNA	14631565	14631565	1375399408	1370585775	60	60	94	93.7	101	101	90	89	101	101	101	101	0	0	101	101	1	1	98	98	94	95	29.57	29.87	45.43	45.36	11732	1602	89.5	101	101	101	2
SRR5947073	TRUE	4561385	9122770	864226504	94.75	60	101	44.61500371811092	97.49962818890822	93.99925637781644	29.179486900693338	3159	0	workflow/work/clean/SRR5947073_R1.fastq.gz	workflow/work/clean/SRR5947073_R2.fastq.gz	FASTQ	FASTQ	DNA	DNA	4561385	4561385	432434581	431791923	60	60	94.8	94.7	101	101	96	94	101	101	101	101	0	0	101	101	1	1	97	98	93	95	28.49	29.87	44.62	44.61	2717	442	95	101	101	101	2
SRR5947074	TRUE	8895710	17791420	1714337170	96.35	60	101	45.81000000000001	99	98.50040899305706	34.28511042812541	30543	0	workflow/work/clean/SRR5947074_R1.fastq.gz	workflow/work/clean/SRR5947074_R2.fastq.gz	FASTQ	FASTQ	DNA	DNA	8895710	8895710	857869737	856467433	60	60	96.4	96.3	101	101	101	101	101	101	101	101	0	0	101	101	1	1	99	99	99	98	34.42	34.15	45.81	45.81	24348	6195	101	101	101	101	2
SRR5947080	TRUE	2639402	5278804	498447228	94.4	60	101	47.34500498457983	98	95	29.874957132613442	2897	0	workflow/work/clean/SRR5947080_R1.fastq.gz	workflow/work/clean/SRR5947080_R2.fastq.gz	FASTQ	FASTQ	DNA	DNA	2639402	2639402	249273305	249173923	60	60	94.4	94.4	101	101	92	92	101	101	101	101	0	0	101	101	1	1	98	98	95	95	29.66	30.09	47.37	47.32	2562	335	92	101	101	101	2
SRR5947082	TRUE	9728575	19457150	1845940934	94.85	60	101	47.725211062706734	99	96.50301518152476	30.77434186139566	132190	0	workflow/work/clean/SRR5947082_R1.fastq.gz	workflow/work/clean/SRR5947082_R2.fastq.gz	FASTQ	FASTQ	DNA	DNA	9728575	9728575	928536314	917404620	60	60	95.4	94.3	101	101	100	92	101	101	101	101	0	0	101	101	1	1	99	99	97	96	31.49	30.05	47.76	47.69	15803	116387	96	101	101	101	2
SRR5947086	TRUE	9856469	19712938	1851622359	93.94999999999999	60	101	44.65998452083392	97.50077395830367	93.50232187491099	28.876617572854663	16738	0	workflow/work/clean/SRR5947086_R1.fastq.gz	workflow/work/clean/SRR5947086_R2.fastq.gz	FASTQ	FASTQ	DNA	DNA	9856469	9856469	924378101	927244258	60	60	93.8	94.1	101	101	89	91	101	101	101	101	0	0	101	101	1	1	97	98	92	95	27.83	29.92	44.67	44.65	7533	9205	90	101	101	101	2
SRR5947089	TRUE	13080138	26160276	2543665375	97.19999999999999	60	101	44.10500542408413	99	98.5005424084133	34.24530917279558	46124	0	workflow/work/clean/SRR5947089_R1.fastq.gz	workflow/work/clean/SRR5947089_R2.fastq.gz	FASTQ	FASTQ	DNA	DNA	13080138	13080138	1273212393	1270452982	60	60	97.3	97.1	101	101	101	101	101	101	101	101	0	0	101	101	1	1	99	99	99	98	34.53	33.96	44.11	44.1	36697	9427	101	101	101	101	2
SRR5947090	TRUE	14898347	29796694	2840340498	95.35000000000001	60	101	45.47014520430923	98	96	30.20516335484789	61956	0	workflow/work/clean/SRR5947090_R1.fastq.gz	workflow/work/clean/SRR5947090_R2.fastq.gz	FASTQ	FASTQ	DNA	DNA	14898347	14898347	1425325620	1415014878	60	60	95.7	95	101	101	100	98	101	101	101	101	0	0	101	101	1	1	98	98	96	96	30.25	30.16	45.51	45.43	51663	10293	99	101	101	101	2
SRR5947095	TRUE	15118967	30237934	2886738798	95.5	60	101	47.055048160041395	98	96	30.255305013595486	75010	0	workflow/work/clean/SRR5947095_R1.fastq.gz	workflow/work/clean/SRR5947095_R2.fastq.gz	FASTQ	FASTQ	DNA	DNA	15118967	15118967	1448003581	1438735217	60	60	95.8	95.2	101	101	100	98	101	101	101	101	0	0	101	101	1	1	98	98	96	96	30.35	30.16	47.07	47.04	64393	10617	99	101	101	101	2
SRR5947102	TRUE	6802312	13604624	1317036891	96.8	60	101	44.345003564376235	99	98.50035643762389	34.30005703001982	23275	0	workflow/work/clean/SRR5947102_R1.fastq.gz	workflow/work/clean/SRR5947102_R2.fastq.gz	FASTQ	FASTQ	DNA	DNA	6802312	6802312	658987887	658049004	60	60	96.9	96.7	101	101	101	101	101	101	101	101	0	0	101	101	1	1	99	99	99	98	34.38	34.22	44.35	44.34	18448	4827	101	101	101	101	2
SRR5950484	TRUE	8665365	17330730	1676170890	96.7	60	101	45.24500610409122	99	98.50061040912124	34.200463910932136	30372	0	workflow/work/clean/SRR5950484_R1.fastq.gz	workflow/work/clean/SRR5950484_R2.fastq.gz	FASTQ	FASTQ	DNA	DNA	8665365	8665365	839108595	837062295	60	60	96.8	96.6	101	101	101	101	101	101	101	101	0	0	101	101	1	1	99	99	99	98	34.58	33.82	45.25	45.24	24213	6159	101	101	101	101	2
SRR5950488	TRUE	14479398	28958796	2772563822	95.75	60	101	43.06502041938207	98.49970829454183	95.49970829454183	30.499772469742627	24973	0	workflow/work/clean/SRR5950488_R1.fastq.gz	workflow/work/clean/SRR5950488_R2.fastq.gz	FASTQ	FASTQ	DNA	DNA	14479398	14479398	1387090683	1385473139	60	60	95.8	95.7	101	101	100	100	101	101	101	101	0	0	101	101	1	1	98	99	95	96	30.11	30.89	43.1	43.03	19258	5715	100	101	101	101	2
SRR5950489	TRUE	9561353	19122706	1785683862	93.4	60	101	46.24503933570298	98	94.49956293663362	29.384663461207893	21937	0	workflow/work/clean/SRR5950489_R1.fastq.gz	workflow/work/clean/SRR5950489_R2.fastq.gz	FASTQ	FASTQ	DNA	DNA	9561353	9561353	893622388	892061474	60	60	93.5	93.3	101	101	88	87	101	101	101	101	0	0	101	101	1	1	98	98	94	95	29	29.77	46.29	46.2	12978	8959	87.5	101	101	101	2
SRR5950490	TRUE	10222904	20445808	1987537903	97.19999999999999	60	101	48.51	99	98.50065823373633	34.07548051062752	35140	0	workflow/work/clean/SRR5950490_R1.fastq.gz	workflow/work/clean/SRR5950490_R2.fastq.gz	FASTQ	FASTQ	DNA	DNA	10222904	10222904	995077216	992460687	60	60	97.3	97.1	101	101	101	101	101	101	101	101	0	0	101	101	1	1	99	99	99	98	34.44	33.71	48.51	48.51	28030	7110	101	101	101	101	2
SRR5950491	TRUE	10475358	20950716	1998835528	95.4	60	101	48.205107980955404	98	94.49901835495092	29.494911651945586	23247	0	workflow/work/clean/SRR5950491_R1.fastq.gz	workflow/work/clean/SRR5950491_R2.fastq.gz	FASTQ	FASTQ	DNA	DNA	10475358	10475358	1001379911	997455617	60	60	95.6	95.2	101	101	100	99	101	101	101	101	0	0	101	101	1	1	98	98	94	95	29.45	29.54	48.26	48.15	12956	10291	99.5	101	101	101	2
SRR5950492	TRUE	14470518	28941036	2784822041	96.19999999999999	60	101	43.7400628828476	98	96	30.424858513592895	70698	0	workflow/work/clean/SRR5950492_R1.fastq.gz	workflow/work/clean/SRR5950492_R2.fastq.gz	FASTQ	FASTQ	DNA	DNA	14470518	14470518	1396788959	1388033082	60	60	96.5	95.9	101	101	101	100	101	101	101	101	0	0	101	101	1	1	98	98	96	96	30.38	30.47	43.76	43.72	60054	10644	100.5	101	101	101	2
SRR5950499	TRUE	4616349	9232698	870945691	94.35	60	101	44.17004666317363	98	95	29.714090068114245	12926	0	workflow/work/clean/SRR5950499_R1.fastq.gz	workflow/work/clean/SRR5950499_R2.fastq.gz	FASTQ	FASTQ	DNA	DNA	4616349	4616349	437504900	433440791	60	60	94.8	93.9	101	101	97	90	101	101	101	101	0	0	101	101	1	1	98	98	95	95	29.52	29.91	44.18	44.16	9853	3073	93.5	101	101	101	2
SRR5950501	TRUE	10476442	20952884	1997832513	95.35000000000001	60	101	43.95500709132769	99	96.50070913276802	30.93011346124289	23741	0	workflow/work/clean/SRR5950501_R1.fastq.gz	workflow/work/clean/SRR5950501_R2.fastq.gz	FASTQ	FASTQ	DNA	DNA	10476442	10476442	1000332985	997499528	60	60	95.5	95.2	101	101	100	99	101	101	101	101	0	0	101	101	1	1	99	99	97	96	31.01	30.85	43.96	43.95	18840	4901	99.5	101	101	101	2
SRR5950502	TRUE	10006538	20013076	1925874011	96.25	60	101	45.80500807700551	98.49919229944892	96	30.524620380740995	20107	0	workflow/work/clean/SRR5950502_R1.fastq.gz	workflow/work/clean/SRR5950502_R2.fastq.gz	FASTQ	FASTQ	DNA	DNA	10006538	10006538	964492535	961381476	60	60	96.4	96.1	101	101	101	100	101	101	101	101	0	0	101	101	1	1	98	99	96	96	30.29	30.76	45.81	45.8	16102	4005	100.5	101	101	101	2
SRR5950503	TRUE	11771491	23542982	2253581854	95.7	60	101	47.81999873533771	98.50006323311476	96.00012646622953	30.620065762439353	26746	0	workflow/work/clean/SRR5950503_R1.fastq.gz	workflow/work/clean/SRR5950503_R2.fastq.gz	FASTQ	FASTQ	DNA	DNA	11771491	11771491	1126648426	1126933428	60	60	95.7	95.7	101	101	100	100	101	101	101	101	0	0	101	101	1	1	98	99	95	97	30.1	31.14	47.83	47.81	21326	5420	100	101	101	101	2
SRR5950504	TRUE	10722280	21444560	2081138190	97.05	60	101	45.335004694959736	99	98.50046949597326	34.215192493349036	37148	0	workflow/work/clean/SRR5950504_R1.fastq.gz	workflow/work/clean/SRR5950504_R2.fastq.gz	FASTQ	FASTQ	DNA	DNA	10722280	10722280	1041546181	1039592009	60	60	97.1	97	101	101	101	101	101	101	101	101	0	0	101	101	1	1	99	99	99	98	34.42	34.01	45.34	45.33	29553	7595	101	101	101	101	2
SRR5950506	TRUE	16433506	32867012	3165649961	96.30000000000001	60	101	45.09502066858491	98.50206685849055	95.50206685849055	30.366219446509422	79664	0	workflow/work/clean/SRR5950506_R1.fastq.gz	workflow/work/clean/SRR5950506_R2.fastq.gz	FASTQ	FASTQ	DNA	DNA	16433506	16433506	1589367931	1576282030	60	60	96.7	95.9	101	101	101	100	101	101	101	101	0	0	101	101	1	1	99	98	96	95	30.66	30.07	45.1	45.09	67929	11735	100.5	101	101	101	2
SRR5950507	TRUE	7150785	14301570	1389935212	97.2	60	101	46.47017476734016	98	95	30.075677223443133	12152	0	workflow/work/clean/SRR5950507_R1.fastq.gz	workflow/work/clean/SRR5950507_R2.fastq.gz	FASTQ	FASTQ	DNA	DNA	7150785	7150785	698004047	691931165	60	60	97.6	96.8	101	101	101	100	101	101	101	101	0	0	101	101	1	1	98	98	95	95	30.23	29.92	46.51	46.43	9445	2707	100.5	101	101	101	2
SRR5950508	TRUE	11929592	23859184	2308806731	96.8	60	101	46.39500472366303	99	98.50047236630306	34.355203117510314	41812	0	workflow/work/clean/SRR5950508_R1.fastq.gz	workflow/work/clean/SRR5950508_R2.fastq.gz	FASTQ	FASTQ	DNA	DNA	11929592	11929592	1155493968	1153312763	60	60	96.9	96.7	101	101	101	101	101	101	101	101	0	0	101	101	1	1	99	99	99	98	34.57	34.14	46.4	46.39	33432	8380	101	101	101	101	2
SRR5950512	TRUE	9562936	19125872	1811834010	94.75	60	101	45.50998369424581	98	95.0008152877095	29.60546063755587	23790	0	workflow/work/clean/SRR5950512_R1.fastq.gz	workflow/work/clean/SRR5950512_R2.fastq.gz	FASTQ	FASTQ	DNA	DNA	9562936	9562936	905178422	906655588	60	60	94.7	94.8	101	101	93	96	101	101	101	101	0	0	101	101	1	1	98	98	94	96	29.04	30.17	45.53	45.49	14963	8827	94.5	101	101	101	2
SRR5950514	TRUE	9522718	19045436	1848253606	97.05	60	101	44.51	99	98.50040945787826	34.22511055362713	33325	0	workflow/work/clean/SRR5950514_R1.fastq.gz	workflow/work/clean/SRR5950514_R2.fastq.gz	FASTQ	FASTQ	DNA	DNA	9522718	9522718	924883585	923370021	60	60	97.1	97	101	101	101	101	101	101	101	101	0	0	101	101	1	1	99	99	99	98	34.36	34.09	44.51	44.51	26491	6834	101	101	101	101	2
SRR5950515	TRUE	9185728	18371456	1723657786	93.85	60	101	45.43496748331342	97.50029560624165	94.00059121248329	29.34040202448864	20560	0	workflow/work/clean/SRR5950515_R1.fastq.gz	workflow/work/clean/SRR5950515_R2.fastq.gz	FASTQ	FASTQ	DNA	DNA	9185728	9185728	861319369	862338417	60	60	93.8	93.9	101	101	89	90	101	101	101	101	0	0	101	101	1	1	97	98	93	95	28.66	30.02	45.49	45.38	11991	8569	89.5	101	101	101	2
SRR5950516	TRUE	9377363	18754726	1788579374	95.35	60	101	47.68499491072629	98.50016964245725	96.0003392849145	30.67519848167499	21284	0	workflow/work/clean/SRR5950516_R1.fastq.gz	workflow/work/clean/SRR5950516_R2.fastq.gz	FASTQ	FASTQ	DNA	DNA	9377363	9377363	893986268	894593106	60	60	95.3	95.4	101	101	100	100	101	101	101	101	0	0	101	101	1	1	98	99	95	97	30.09	31.26	47.7	47.67	16882	4402	100	101	101	101	2
SRR5950518	TRUE	6969008	13938016	1309796272	94	60	101	47.674996405211935	98	94.50003267989146	29.410024836717504	14767	0	workflow/work/clean/SRR5950518_R1.fastq.gz	workflow/work/clean/SRR5950518_R2.fastq.gz	FASTQ	FASTQ	DNA	DNA	6969008	6969008	654855332	654940940	60	60	94	94	101	101	90	90	101	101	101	101	0	0	101	101	1	1	98	98	94	95	29.03	29.79	47.73	47.62	8103	6664	90	101	101	101	2
SRR5950520	TRUE	14512833	29025666	2757339667	95	60	101	45.020029015028854	98	96	30.37504352254328	68022	0	workflow/work/clean/SRR5950520_R1.fastq.gz	workflow/work/clean/SRR5950520_R2.fastq.gz	FASTQ	FASTQ	DNA	DNA	14512833	14512833	1382670048	1374669619	60	60	95.3	94.7	101	101	100	95	101	101	101	101	0	0	101	101	1	1	98	98	96	96	30.39	30.36	45.03	45.01	57903	10119	97.5	101	101	101	2
SRR5950521	TRUE	8919229	17838458	1697139664	95.15	60	101	49.055103805540426	98	95.4985170637082	30.27955511911246	15259	0	workflow/work/clean/SRR5950521_R1.fastq.gz	workflow/work/clean/SRR5950521_R2.fastq.gz	FASTQ	FASTQ	DNA	DNA	8919229	8919229	851086582	846053082	60	60	95.4	94.9	101	101	100	96	101	101	101	101	0	0	101	101	1	1	98	98	95	96	30.13	30.43	49.09	49.02	11678	3581	98	101	101	101	2
SRR5950524	TRUE	10062890	20125780	1916662807	95.2	60	101	45.025350030825734	98	94	29.281292421510425	22013	0	workflow/work/clean/SRR5950524_R1.fastq.gz	workflow/work/clean/SRR5950524_R2.fastq.gz	FASTQ	FASTQ	DNA	DNA	10062890	10062890	963492104	953170703	60	60	95.7	94.7	101	101	100	94	101	101	101	101	0	0	101	101	1	1	98	98	94	94	29.52	29.04	45.09	44.96	12633	9380	97	101	101	101	2
SRR5950532	TRUE	14094879	28189758	2683671666	95.2	60	101	48.305074918594755	98.50249728649183	96.00499457298365	30.432447340761993	72244	0	workflow/work/clean/SRR5950532_R1.fastq.gz	workflow/work/clean/SRR5950532_R2.fastq.gz	FASTQ	FASTQ	DNA	DNA	14094879	14094879	1348537730	1335133936	60	60	95.7	94.7	101	101	100	94	101	101	101	101	0	0	101	101	1	1	99	98	97	95	30.92	29.94	48.32	48.29	62350	9894	97	101	101	101	2
SRR5950533	TRUE	9057766	18115532	1747230722	96.44999999999999	60	101	44.57500857134653	99	96	30.805231426356528	20247	0	workflow/work/clean/SRR5950533_R1.fastq.gz	workflow/work/clean/SRR5950533_R2.fastq.gz	FASTQ	FASTQ	DNA	DNA	9057766	9057766	875112973	872117749	60	60	96.6	96.3	101	101	101	100	101	101	101	101	0	0	101	101	1	1	99	99	96	96	30.94	30.67	44.58	44.57	16082	4165	100.5	101	101	101	2
SRR5950534	TRUE	12683498	25366996	2410523550	95.05000000000001	60	101	46.33500785577888	98.49973814070391	96	30.664824554271625	28853	0	workflow/work/clean/SRR5950534_R1.fastq.gz	workflow/work/clean/SRR5950534_R2.fastq.gz	FASTQ	FASTQ	DNA	DNA	12683498	12683498	1205892993	1204630557	60	60	95.1	95	101	101	99	98	101	101	101	101	0	0	101	101	1	1	98	99	96	96	30.33	31	46.35	46.32	22982	5871	98.5	101	101	101	2
SRR5950538	TRUE	8964919	17929838	1700161532	94.85	60	101	47.194971666498105	98.50283335019016	96.00566670038033	30.348371686726296	43480	0	workflow/work/clean/SRR5950538_R1.fastq.gz	workflow/work/clean/SRR5950538_R2.fastq.gz	FASTQ	FASTQ	DNA	DNA	8964919	8964919	854897919	845263613	60	60	95.4	94.3	101	101	100	92	101	101	101	101	0	0	101	101	1	1	99	98	97	95	30.94	29.75	47.19	47.2	37310	6170	96	101	101	101	2
SRR5950539	TRUE	6802453	13604906	1318451953	96.9	60	101	43.28001077964955	99	98.50053898247742	34.27535033861033	23481	0	workflow/work/clean/SRR5950539_R1.fastq.gz	workflow/work/clean/SRR5950539_R2.fastq.gz	FASTQ	FASTQ	DNA	DNA	6802453	6802453	659936599	658515354	60	60	97	96.8	101	101	101	101	101	101	101	101	0	0	101	101	1	1	99	99	99	98	34.6	33.95	43.29	43.27	18675	4806	101	101	101	101	2
SRR5950541	TRUE	8223825	16447650	1567524656	95.3	60	101	45.960163727950956	98	95.50204659938696	30.165552581834476	34404	0	workflow/work/clean/SRR5950541_R1.fastq.gz	workflow/work/clean/SRR5950541_R2.fastq.gz	FASTQ	FASTQ	DNA	DNA	8223825	8223825	786970423	780554233	60	60	95.7	94.9	101	101	100	97	101	101	101	101	0	0	101	101	1	1	98	98	96	95	30.3	30.03	46	45.92	28793	5611	98.5	101	101	101	2
SRR5950543	TRUE	8601520	17203040	1655911650	96.3	60	101	48.12498443569137	98.49948118971203	94.99896237942404	29.854123210613324	9725	0	workflow/work/clean/SRR5950543_R1.fastq.gz	workflow/work/clean/SRR5950543_R2.fastq.gz	FASTQ	FASTQ	DNA	DNA	8601520	8601520	828814929	827096721	60	60	96.4	96.2	101	101	101	100	101	101	101	101	0	0	101	101	1	1	98	99	94	96	29.01	30.7	48.11	48.14	7167	2558	100.5	101	101	101	2
SRR5950544	TRUE	7266102	14532204	1368610120	94.2	60	101	45.03514954791508	98	96	30.280470007733104	32293	0	workflow/work/clean/SRR5950544_R1.fastq.gz	workflow/work/clean/SRR5950544_R2.fastq.gz	FASTQ	FASTQ	DNA	DNA	7266102	7266102	687228957	681381163	60	60	94.6	93.8	101	101	93	89	101	101	101	101	0	0	101	101	1	1	98	98	96	96	30.39	30.17	45.07	45	27242	5051	91	101	101	101	2
SRR5950545	TRUE	8386988	16773976	1576921012	94.05	60	101	46.314968375752734	98	94.50028749315695	29.390258743841255	18008	0	workflow/work/clean/SRR5950545_R1.fastq.gz	workflow/work/clean/SRR5950545_R2.fastq.gz	FASTQ	FASTQ	DNA	DNA	8386988	8386988	788007152	788913860	60	60	94	94.1	101	101	90	90	101	101	101	101	0	0	101	101	1	1	98	98	94	95	28.94	29.84	46.37	46.26	9835	8173	90	101	101	101	2
SRR5950548	TRUE	6226130	12452260	1172251195	94.15	60	101	47.57489434412562	97.50081273749522	94.00162547499045	29.386080940868652	13182	0	workflow/work/clean/SRR5950548_R1.fastq.gz	workflow/work/clean/SRR5950548_R2.fastq.gz	FASTQ	FASTQ	DNA	DNA	6226130	6226130	585172865	587078330	60	60	94	94.3	101	101	90	91	101	101	101	101	0	0	101	101	1	1	97	98	93	95	28.72	30.05	47.64	47.51	7085	6097	90.5	101	101	101	2
SRR5950549	TRUE	11161145	22322290	2133674626	95.6	60	101	44.58999273596836	98	94.50006053359702	29.38504661086971	23687	0	workflow/work/clean/SRR5950549_R1.fastq.gz	workflow/work/clean/SRR5950549_R2.fastq.gz	FASTQ	FASTQ	DNA	DNA	11161145	11161145	1066708154	1066966472	60	60	95.6	95.6	101	101	99	99	101	101	101	101	0	0	101	101	1	1	98	98	94	95	29	29.77	44.65	44.53	13058	10629	99	101	101	101	2
SRR5950551	TRUE	10578574	21157148	2055598701	97.14999999999999	60	101	47.20001200375832	99	98.50060018791577	34.18539012214525	37383	0	workflow/work/clean/SRR5950551_R1.fastq.gz	workflow/work/clean/SRR5950551_R2.fastq.gz	FASTQ	FASTQ	DNA	DNA	10578574	10578574	1029033096	1026565605	60	60	97.3	97	101	101	101	101	101	101	101	101	0	0	101	101	1	1	99	99	99	98	34.51	33.86	47.21	47.19	29854	7529	101	101	101	101	2
SRR5950553	TRUE	11483785	22967570	2230123427	97.1	60	101	47.25	99	98.50056339549856	34.2253098675242	40497	0	workflow/work/clean/SRR5950553_R1.fastq.gz	workflow/work/clean/SRR5950553_R2.fastq.gz	FASTQ	FASTQ	DNA	DNA	11483785	11483785	1116318155	1113805272	60	60	97.2	97	101	101	101	101	101	101	101	101	0	0	101	101	1	1	99	99	99	98	34.5	33.95	47.25	47.25	32288	8209	101	101	101	101	2
SRR5950555	TRUE	12741366	25482732	2458922834	96.45	60	101	45.85500285013824	98.49971498617593	96.49971498617593	30.679692185070007	25419	0	workflow/work/clean/SRR5950555_R1.fastq.gz	workflow/work/clean/SRR5950555_R2.fastq.gz	FASTQ	FASTQ	DNA	DNA	12741366	12741366	1230162244	1228760590	60	60	96.5	96.4	101	101	101	100	101	101	101	101	0	0	101	101	1	1	98	99	96	97	30.14	31.22	45.86	45.85	20467	4952	100.5	101	101	101	2
SRR5950556	TRUE	8247666	16495332	1579948032	95.75	60	101	50.47499279042742	99	98.50072095725741	34.070620023241375	28962	0	workflow/work/clean/SRR5950556_R1.fastq.gz	workflow/work/clean/SRR5950556_R2.fastq.gz	FASTQ	FASTQ	DNA	DNA	8247666	8247666	791113091	788834941	60	60	95.9	95.6	101	101	101	100	101	101	101	101	0	0	101	101	1	1	99	99	99	98	34.5	33.64	50.47	50.48	23088	5874	100.5	101	101	101	2
SRR5950558	TRUE	6411266	12822532	1200400665	93.60000000000001	60	101	45.39990045427041	98	95.0024886432398	29.661916255294642	16682	0	workflow/work/clean/SRR5950558_R1.fastq.gz	workflow/work/clean/SRR5950558_R2.fastq.gz	FASTQ	FASTQ	DNA	DNA	6411266	6411266	598706648	601694017	60	60	93.4	93.8	101	101	88	89	101	101	101	101	0	0	101	101	1	1	98	98	94	96	28.89	30.43	45.44	45.36	10273	6409	88.5	101	101	101	2
SRR5950559	TRUE	10244990	20489980	1922122613	93.8	60	101	45.67000961351262	97.49951932436893	93.99903864873785	29.039471256805818	19083	0	workflow/work/clean/SRR5950559_R1.fastq.gz	workflow/work/clean/SRR5950559_R2.fastq.gz	FASTQ	FASTQ	DNA	DNA	10244990	10244990	961985224	960137389	60	60	93.9	93.7	101	101	90	89	101	101	101	101	0	0	101	101	1	1	97	98	93	95	28.49	29.59	45.68	45.66	9399	9684	89.5	101	101	101	2
SRR5950561	TRUE	8732637	17465274	1631564843	93.39999999999999	60	101	46.27990235614559	98	95.0024410963604	29.571782000343088	22429	0	workflow/work/clean/SRR5950561_R1.fastq.gz	workflow/work/clean/SRR5950561_R2.fastq.gz	FASTQ	FASTQ	DNA	DNA	8732637	8732637	813791018	817773825	60	60	93.2	93.6	101	101	87	89	101	101	101	101	0	0	101	101	1	1	98	98	94	96	28.84	30.3	46.32	46.24	13804	8625	88	101	101	101	2
SRR5950563	TRUE	9098431	18196862	1715745658	94.3	60	101	47.555082523799115	98.50165047598215	96	30.330099028558934	50812	0	workflow/work/clean/SRR5950563_R1.fastq.gz	workflow/work/clean/SRR5950563_R2.fastq.gz	FASTQ	FASTQ	DNA	DNA	9098431	9098431	860704626	855041032	60	60	94.6	94	101	101	93	90	101	101	101	101	0	0	101	101	1	1	99	98	96	96	30.36	30.3	47.58	47.53	44231	6581	91.5	101	101	101	2
SRR5950564	TRUE	5754028	11508056	1106785624	96.19999999999999	60	101	45.89	99	98.50053620410957	34.17528418817807	20168	0	workflow/work/clean/SRR5950564_R1.fastq.gz	workflow/work/clean/SRR5950564_R2.fastq.gz	FASTQ	FASTQ	DNA	DNA	5754028	5754028	553986275	552799349	60	60	96.3	96.1	101	101	101	100	101	101	101	101	0	0	101	101	1	1	99	99	99	98	34.44	33.91	45.89	45.89	16110	4058	100.5	101	101	101	2
SRR5950569	TRUE	10794043	21588086	2085426923	96.6	60	101	45.93020482771911	98	95.50256034648882	30.126152155919968	47040	0	workflow/work/clean/SRR5950569_R1.fastq.gz	workflow/work/clean/SRR5950569_R2.fastq.gz	FASTQ	FASTQ	DNA	DNA	10794043	10794043	1048052877	1037374046	60	60	97.1	96.1	101	101	101	100	101	101	101	101	0	0	101	101	1	1	98	98	96	95	30.35	29.9	45.97	45.89	39464	7576	100.5	101	101	101	2
SRR5950575	TRUE	12717133	25434266	2437278754	95.85	60	101	44.26503915634182	98.49869478860603	96	30.379451811214533	60175	0	workflow/work/clean/SRR5950575_R1.fastq.gz	workflow/work/clean/SRR5950575_R2.fastq.gz	FASTQ	FASTQ	DNA	DNA	12717133	12717133	1221820541	1215458213	60	60	96.1	95.6	101	101	100	100	101	101	101	101	0	0	101	101	1	1	98	99	96	96	30.17	30.59	44.28	44.25	51121	9054	100	101	101	101	2
SRR5950577	TRUE	10746279	21492558	2062224452	95.94999999999999	60	101	45.01519551820831	98	95.50217242453684	30.10021724245368	45666	0	workflow/work/clean/SRR5950577_R1.fastq.gz	workflow/work/clean/SRR5950577_R2.fastq.gz	FASTQ	FASTQ	DNA	DNA	10746279	10746279	1035592253	1026632199	60	60	96.4	95.5	101	101	101	99	101	101	101	101	0	0	101	101	1	1	98	98	96	95	30.15	30.05	45.06	44.97	38176	7490	100	101	101	101	2
SRR5950581	TRUE	7899736	15799472	1483938037	93.89999999999999	60	101	45.47523302356728	98	94	29.27557196693786	17284	0	workflow/work/clean/SRR5950581_R1.fastq.gz	workflow/work/clean/SRR5950581_R2.fastq.gz	FASTQ	FASTQ	DNA	DNA	7899736	7899736	745112587	738825450	60	60	94.3	93.5	101	101	92	88	101	101	101	101	0	0	101	101	1	1	98	98	94	94	29.41	29.14	45.53	45.42	10162	7122	90	101	101	101	2
SRR5950584	TRUE	9478168	18956336	1798020544	94.85	60	101	43.520008034212985	98	94.499799144675407	29.559875469698753	24050	0	workflow/work/clean/SRR5950584_R1.fastq.gz	workflow/work/clean/SRR5950584_R2.fastq.gz	FASTQ	FASTQ	DNA	DNA	9478168	9478168	899371414	898649130	60	60	94.9	94.8	101	101	97	96	101	101	101	101	0	0	101	101	1	1	98	98	94	95	29.25	29.87	43.54	43.5	15070	8980	96.5	101	101	101	2
SRR5950585	TRUE	17327374	34654748	3319757053	95.8	60	101	46.220003832292484	98.49995209634396	95.49995209634396	30.444946826941802	29116	0	workflow/work/clean/SRR5950585_R1.fastq.gz	workflow/work/clean/SRR5950585_R2.fastq.gz	FASTQ	FASTQ	DNA	DNA	17327374	17327374	1660037555	1659719498	60	60	95.8	95.8	101	101	100	100	101	101	101	101	0	0	101	101	1	1	98	99	95	96	29.89	31	46.26	46.18	22362	6754	100	101	101	101	2
SRR5950587	TRUE	11869005	23738010	2298885780	96.85	60	101	45.67500555607421	99	98.50055560742126	34.16032225230433	41177	0	workflow/work/clean/SRR5950587_R1.fastq.gz	workflow/work/clean/SRR5950587_R2.fastq.gz	FASTQ	FASTQ	DNA	DNA	11869005	11869005	1150720168	1148165612	60	60	97	96.7	101	101	101	101	101	101	101	101	0	0	101	101	1	1	99	99	99	98	34.45	33.87	45.68	45.67	32714	8463	101	101	101	101	2
SRR5950591	TRUE	10946432	21892864	2122616109	96.95	60	101	44.90001232851757	99	98.50061642587863	34.25044382663262	37940	0	workflow/work/clean/SRR5950591_R1.fastq.gz	workflow/work/clean/SRR5950591_R2.fastq.gz	FASTQ	FASTQ	DNA	DNA	10946432	10946432	1062616490	1059999619	60	60	97.1	96.8	101	101	101	101	101	101	101	101	0	0	101	101	1	1	99	99	99	98	34.61	33.89	44.91	44.89	30312	7628	101	101	101	101	2
SRR5950593	TRUE	9882288	19764576	1849055142	93.55000000000001	60	101	43.60487886442923	98.00346101630754	95.00346101630754	29.688166829921396	25693	0	workflow/work/clean/SRR5950593_R1.fastq.gz	workflow/work/clean/SRR5950593_R2.fastq.gz	FASTQ	FASTQ	DNA	DNA	9882288	9882288	921327766	927727376	60	60	93.2	93.9	101	101	87	90	101	101	101	101	0	0	101	101	1	1	97	99	94	96	28.77	30.6	43.64	43.57	15739	9954	88.5	101	101	101	2
SRR5950594	TRUE	9246220	18492440	1754869348	94.9	60	101	45.299976998356	98	94.50057504109986	29.655419780002905	23412	0	workflow/work/clean/SRR5950594_R1.fastq.gz	workflow/work/clean/SRR5950594_R2.fastq.gz	FASTQ	FASTQ	DNA	DNA	9246220	9246220	876425552	878443796	60	60	94.8	95	101	101	95	98	101	101	101	101	0	0	101	101	1	1	98	98	94	95	29.29	30.02	45.32	45.28	14227	9185	96.5	101	101	101	2
SRR5950595	TRUE	6613811	13227622	1271786646	96.14999999999999	60	101	46.38500362453877	99	98.50036245387656	34.26005074354272	22649	0	workflow/work/clean/SRR5950595_R1.fastq.gz	workflow/work/clean/SRR5950595_R2.fastq.gz	FASTQ	FASTQ	DNA	DNA	6613811	6613811	636354287	635432359	60	60	96.2	96.1	101	101	101	100	101	101	101	101	0	0	101	101	1	1	99	99	99	98	34.33	34.19	46.39	46.38	18118	4531	100.5	101	101	101	2
SRR5950596	TRUE	12182110	24364220	2315924587	95.05	60	101	47.08500704707532	98	95	29.709971811698725	31323	0	workflow/work/clean/SRR5950596_R1.fastq.gz	workflow/work/clean/SRR5950596_R2.fastq.gz	FASTQ	FASTQ	DNA	DNA	12182110	12182110	1158506310	1157418277	60	60	95.1	95	101	101	98	97	101	101	101	101	0	0	101	101	1	1	98	98	95	95	29.65	29.77	47.1	47.07	19376	11947	97.5	101	101	101	2
SRR5950598	TRUE	11848764	23697528	2222720524	93.79999999999998	60	101	44.70996016294489	98	94.50099592637766	29.595985967113876	30292	0	workflow/work/clean/SRR5950598_R1.fastq.gz	workflow/work/clean/SRR5950598_R2.fastq.gz	FASTQ	FASTQ	DNA	DNA	11848764	11848764	1109146596	1113573928	60	60	93.6	94	101	101	89	90	101	101	101	101	0	0	101	101	1	1	98	98	94	95	29.1	30.09	44.73	44.69	18622	11670	89.5	101	101	101	2
SRR5950599	TRUE	12270790	24541580	2316474884	94.35	60	101	45.084959908306956	98	95.00160366772187	29.715729668813456	31201	0	workflow/work/clean/SRR5950599_R1.fastq.gz	workflow/work/clean/SRR5950599_R2.fastq.gz	FASTQ	FASTQ	DNA	DNA	12270790	12270790	1156380014	1160094870	60	60	94.2	94.5	101	101	91	93	101	101	101	101	0	0	101	101	1	1	98	98	94	96	29.26	30.17	45.11	45.06	19160	12041	92	101	101	101	2
SRR5950600	TRUE	11772584	23545168	2290580263	97.3	60	101	44.23000999678133	99	98.50049983906632	34.290229925970515	40824	0	workflow/work/clean/SRR5950600_R1.fastq.gz	workflow/work/clean/SRR5950600_R2.fastq.gz	FASTQ	FASTQ	DNA	DNA	11772584	11772584	1146435053	1144145210	60	60	97.4	97.2	101	101	101	101	101	101	101	101	0	0	101	101	1	1	99	99	99	98	34.52	34.06	44.24	44.22	32369	8455	101	101	101	101	2
SRR5950601	TRUE	11465768	22931536	2192676025	95.6	60	101	44.26	98.50146135017826	96	30.430146135017825	55341	0	workflow/work/clean/SRR5950601_R1.fastq.gz	workflow/work/clean/SRR5950601_R2.fastq.gz	FASTQ	FASTQ	DNA	DNA	11465768	11465768	1099542280	1093133745	60	60	95.9	95.3	101	101	100	99	101	101	101	101	0	0	101	101	1	1	99	98	96	96	30.48	30.38	44.26	44.26	47006	8335	99.5	101	101	101	2
SRR5950602	TRUE	10053684	20107368	1887363436	93.89999999999999	60	101	45.43506932735239	97.49946671267399	93.99893342534797	29.15458936875897	21234	0	workflow/work/clean/SRR5950602_R1.fastq.gz	workflow/work/clean/SRR5950602_R2.fastq.gz	FASTQ	FASTQ	DNA	DNA	10053684	10053684	944688225	942675211	60	60	94	93.8	101	101	90	89	101	101	101	101	0	0	101	101	1	1	97	98	93	95	28.77	29.54	45.5	45.37	12146	9088	89.5	101	101	101	2
SRR5950604	TRUE	8199376	16398752	1581614294	96.44999999999999	60	101	47.31500591230747	99	98.50059123074668	34.29543159844508	28963	0	workflow/work/clean/SRR5950604_R1.fastq.gz	workflow/work/clean/SRR5950604_R2.fastq.gz	FASTQ	FASTQ	DNA	DNA	8199376	8199376	791742246	789872048	60	60	96.6	96.3	101	101	101	101	101	101	101	101	0	0	101	101	1	1	99	99	99	98	34.66	33.93	47.32	47.31	23167	5796	101	101	101	101	2
SRR5950605	TRUE	19581492	39162984	3744461252	95.60000000000001	60	101	46.70006636839408	98	96	30.514988938600986	35407	0	workflow/work/clean/SRR5950605_R1.fastq.gz	workflow/work/clean/SRR5950605_R2.fastq.gz	FASTQ	FASTQ	DNA	DNA	19581492	19581492	1876372524	1868088728	60	60	95.8	95.4	101	101	100	100	101	101	101	101	0	0	101	101	1	1	98	98	96	96	30.51	30.52	46.73	46.67	27719	7688	100	101	101	101	2
SRR5950606	TRUE	5380065	10760130	1002112316	93.15	60	101	46.720000000000006	99	96.49966534589522	30.99987952452228	11865	0	workflow/work/clean/SRR5950606_R1.fastq.gz	workflow/work/clean/SRR5950606_R2.fastq.gz	FASTQ	FASTQ	DNA	DNA	5380065	5380065	501391519	500720797	60	60	93.2	93.1	101	101	87	86	101	101	101	101	0	0	101	101	1	1	99	99	96	97	30.82	31.18	46.72	46.72	9354	2511	86.5	101	101	101	2
SRR5950609	TRUE	13674095	27348190	2650868646	96.9	60	101	46.43500563711824	99	98.50056371182414	34.165310041503275	47783	0	workflow/work/clean/SRR5950609_R1.fastq.gz	workflow/work/clean/SRR5950609_R2.fastq.gz	FASTQ	FASTQ	DNA	DNA	13674095	13674095	1326928649	1323939997	60	60	97	96.8	101	101	101	101	101	101	101	101	0	0	101	101	1	1	99	99	99	98	34.44	33.89	46.44	46.43	38087	9696	101	101	101	101	2
SRR5950610	TRUE	5387114	10774228	1041222830	96.65	60	101	42.530174620066674	98	95.49825379933323	30.22512223404668	9282	0	workflow/work/clean/SRR5950610_R1.fastq.gz	workflow/work/clean/SRR5950610_R2.fastq.gz	FASTQ	FASTQ	DNA	DNA	5387114	5387114	522429599	518793231	60	60	97	96.3	101	101	101	100	101	101	101	101	0	0	101	101	1	1	98	98	95	96	30.26	30.19	42.58	42.48	7166	2116	100.5	101	101	101	2
SRR5950612	TRUE	14818792	29637584	2838766810	95.80000000000001	60	101	44.24019955024062	98	95.5019955024062	30.180638560769985	26307	0	workflow/work/clean/SRR5950612_R1.fastq.gz	workflow/work/clean/SRR5950612_R2.fastq.gz	FASTQ	FASTQ	DNA	DNA	14818792	14818792	1425048171	1413718639	60	60	96.2	95.4	101	101	101	99	101	101	101	101	0	0	101	101	1	1	98	98	96	95	30.34	30.02	44.29	44.19	20089	6218	100	101	101	101	2
SRR5950614	TRUE	10295083	20590166	1979068824	96.1	60	101	46.52999974592092	98.50000635197718	96.00001270395435	30.555006288457406	23305	0	workflow/work/clean/SRR5950614_R1.fastq.gz	workflow/work/clean/SRR5950614_R2.fastq.gz	FASTQ	FASTQ	DNA	DNA	10295083	10295083	989521841	989546983	60	60	96.1	96.1	101	101	100	100	101	101	101	101	0	0	101	101	1	1	98	99	95	97	30.06	31.05	46.55	46.51	18571	4734	100	101	101	101	2
SRR5950617	TRUE	13422072	26844144	2553569153	95.14999999999999	60	101	45.17507918422133	98	94.49928014344243	29.354834432991755	28911	0	workflow/work/clean/SRR5950617_R1.fastq.gz	workflow/work/clean/SRR5950617_R2.fastq.gz	FASTQ	FASTQ	DNA	DNA	13422072	13422072	1278622780	1274946373	60	60	95.3	95	101	101	99	97	101	101	101	101	0	0	101	101	1	1	98	98	94	95	29.24	29.47	45.23	45.12	15893	13018	98	101	101	101	2
SRR5950618	TRUE	19934753	39869506	3815769150	95.69999999999999	60	101	45.570075934908175	98	95.49905081364788	30.339810162729577	34415	0	workflow/work/clean/SRR5950618_R1.fastq.gz	workflow/work/clean/SRR5950618_R2.fastq.gz	FASTQ	FASTQ	DNA	DNA	19934753	19934753	1911506451	1904262699	60	60	95.9	95.5	101	101	100	100	101	101	101	101	0	0	101	101	1	1	98	98	95	96	30.24	30.44	45.61	45.53	26657	7758	100	101	101	101	2
SRR5950619	TRUE	11645454	23290908	2251484559	96.7	60	101	45.035005909360976	99	98.50059093609799	34.25543138335154	40716	0	workflow/work/clean/SRR5950619_R1.fastq.gz	workflow/work/clean/SRR5950619_R2.fastq.gz	FASTQ	FASTQ	DNA	DNA	11645454	11645454	1127072763	1124411796	60	60	96.8	96.6	101	101	101	101	101	101	101	101	0	0	101	101	1	1	99	99	99	98	34.62	33.89	45.04	45.03	32448	8268	101	101	101	101	2
SRR5950623	TRUE	9963044	19926088	1920417928	96.39999999999999	60	101	45	99	98.50057011965158	34.27537057777353	34428	0	workflow/work/clean/SRR5950623_R1.fastq.gz	workflow/work/clean/SRR5950623_R2.fastq.gz	FASTQ	FASTQ	DNA	DNA	9963044	9963044	961303832	959114096	60	60	96.5	96.3	101	101	101	101	101	101	101	101	0	0	101	101	1	1	99	99	99	98	34.6	33.95	45	45	27534	6894	101	101	101	101	2
SRR5950626	TRUE	7123692	14247384	1323151477	92.89999999999999	60	101	46.4049952404429	98	95.00095191141898	29.77040932191016	17479	0	workflow/work/clean/SRR5950626_R1.fastq.gz	workflow/work/clean/SRR5950626_R2.fastq.gz	FASTQ	FASTQ	DNA	DNA	7123692	7123692	660945977	662205500	60	60	92.8	93	101	101	85	86	101	101	101	101	0	0	101	101	1	1	98	98	94	96	29.34	30.2	46.41	46.4	10496	6983	85.5	101	101	101	2
SRR5950630	TRUE	13747317	27494634	2602601629	94.64999999999999	60	101	48.94505735999061	98.50191199968698	96	30.32068831988731	68385	0	workflow/work/clean/SRR5950630_R1.fastq.gz	workflow/work/clean/SRR5950630_R2.fastq.gz	FASTQ	FASTQ	DNA	DNA	13747317	13747317	1306276988	1296324641	60	60	95	94.3	101	101	99	92	101	101	101	101	0	0	101	101	1	1	99	98	96	96	30.5	30.14	48.96	48.93	58879	9506	95.5	101	101	101	2
SRR5950632	TRUE	13314378	26628756	2523296924	94.80000000000001	60	101	45.709978979421926	98	94.50052551445191	29.705352094682777	34312	0	workflow/work/clean/SRR5950632_R1.fastq.gz	workflow/work/clean/SRR5950632_R2.fastq.gz	FASTQ	FASTQ	DNA	DNA	13314378	13314378	1260322433	1262974491	60	60	94.7	94.9	101	101	93	96	101	101	101	101	0	0	101	101	1	1	98	98	94	95	29.37	30.04	45.73	45.69	21373	12939	94.5	101	101	101	2
SRR5950633	TRUE	10496548	20993096	2014728124	96	60	101	44.405025786347736	98	95	29.56932955495885	28852	0	workflow/work/clean/SRR5950633_R1.fastq.gz	workflow/work/clean/SRR5950633_R2.fastq.gz	FASTQ	FASTQ	DNA	DNA	10496548	10496548	1012559310	1002168814	60	60	96.5	95.5	101	101	101	99	101	101	101	101	0	0	101	101	1	1	98	98	95	95	29.44	29.7	44.41	44.4	22006	6846	100	101	101	101	2
SRR5950635	TRUE	16245048	32490096	3150588632	97	60	101	43.785004540462644	99	98.50045404626471	34.42019069943118	57455	0	workflow/work/clean/SRR5950635_R1.fastq.gz	workflow/work/clean/SRR5950635_R2.fastq.gz	FASTQ	FASTQ	DNA	DNA	16245048	16245048	1576724829	1573863803	60	60	97.1	96.9	101	101	101	101	101	101	101	101	0	0	101	101	1	1	99	99	99	98	34.63	34.21	43.79	43.78	45567	11888	101	101	101	101	2
SRR5950637	TRUE	10259391	20518782	1964968244	95.80000000000001	60	101	45.86500468856432	98.49953114356794	96.49953114356794	30.68962491485435	20802	0	workflow/work/clean/SRR5950637_R1.fastq.gz	workflow/work/clean/SRR5950637_R2.fastq.gz	FASTQ	FASTQ	DNA	DNA	10259391	10259391	983405410	981562834	60	60	95.9	95.7	101	101	100	100	101	101	101	101	0	0	101	101	1	1	98	99	96	97	30.29	31.09	45.87	45.86	16716	4086	100	101	101	101	2
SRR5950640	TRUE	14400176	28800352	2766924326	96.1	60	101	42.71000994220179	98.49950288991026	96.49950288991026	30.769701733946157	30217	0	workflow/work/clean/SRR5950640_R1.fastq.gz	workflow/work/clean/SRR5950640_R2.fastq.gz	FASTQ	FASTQ	DNA	DNA	14400176	14400176	1384837629	1382086697	60	60	96.2	96	101	101	101	100	101	101	101	101	0	0	101	101	1	1	98	99	96	97	30.47	31.07	42.72	42.7	24101	6116	100.5	101	101	101	2
SRR5950642	TRUE	8123741	16247482	1579952617	97.25	60	101	47.1100147074474	99	98.50073537236972	34.090676542580134	28217	0	workflow/work/clean/SRR5950642_R1.fastq.gz	workflow/work/clean/SRR5950642_R2.fastq.gz	FASTQ	FASTQ	DNA	DNA	8123741	8123741	791138162	788814455	60	60	97.4	97.1	101	101	101	101	101	101	101	101	0	0	101	101	1	1	99	99	99	98	34.55	33.63	47.12	47.1	22575	5642	101	101	101	101	2
SRR5950645	TRUE	5144159	10288318	999884701	97.19999999999999	60	101	46.3050202482096	99	98.50067494031994	34.130553451062354	17868	0	workflow/work/clean/SRR5950645_R1.fastq.gz	workflow/work/clean/SRR5950645_R2.fastq.gz	FASTQ	FASTQ	DNA	DNA	5144159	5144159	500617213	499267488	60	60	97.3	97.1	101	101	101	101	101	101	101	101	0	0	101	101	1	1	99	99	99	98	34.54	33.72	46.32	46.29	14254	3614	101	101	101	101	2
SRR5950648	TRUE	11895764	23791528	2287027959	96.14999999999999	60	101	46.285174852101576	98	96	30.240388560225735	20905	0	workflow/work/clean/SRR5950648_R1.fastq.gz	workflow/work/clean/SRR5950648_R2.fastq.gz	FASTQ	FASTQ	DNA	DNA	11895764	11895764	1147957220	1139070739	60	60	96.5	95.8	101	101	101	100	101	101	101	101	0	0	101	101	1	1	98	98	96	96	30.34	30.14	46.33	46.24	15853	5052	100.5	101	101	101	2
SRR5950650	TRUE	7540128	15080256	1461599827	96.94999999999999	60	101	45.110013631768176	99	98.50068158840854	34.18058616603134	26309	0	workflow/work/clean/SRR5950650_R1.fastq.gz	workflow/work/clean/SRR5950650_R2.fastq.gz	FASTQ	FASTQ	DNA	DNA	7540128	7540128	731796123	729803704	60	60	97.1	96.8	101	101	101	101	101	101	101	101	0	0	101	101	1	1	99	99	99	98	34.61	33.75	45.12	45.1	20943	5366	101	101	101	101	2
SRR5950651	TRUE	9475629	18951258	1803222848	95.15	60	101	45.150003741833686	98	95	29.72	23448	0	workflow/work/clean/SRR5950651_R1.fastq.gz	workflow/work/clean/SRR5950651_R2.fastq.gz	FASTQ	FASTQ	DNA	DNA	9475629	9475629	901948792	901274056	60	60	95.2	95.1	101	101	99	98	101	101	101	101	0	0	101	101	1	1	98	98	95	95	29.72	29.72	45.16	45.14	14224	9224	98.5	101	101	101	2
SRR5950653	TRUE	3934325	7868650	751089908	95.45	60	101	44.38505441508342	98	96	30.209891169833163	18441	0	workflow/work/clean/SRR5950653_R1.fastq.gz	workflow/work/clean/SRR5950653_R2.fastq.gz	FASTQ	FASTQ	DNA	DNA	3934325	3934325	376907308	374182600	60	60	95.8	95.1	101	101	100	98	101	101	101	101	0	0	101	101	1	1	98	98	96	96	30.18	30.24	44.4	44.37	15658	2783	99	101	101	101	2
SRR5950655	TRUE	7408628	14817256	1416310562	95.55	60	101	46.13	99	99	34.400025630819236	26097	0	workflow/work/clean/SRR5950655_R1.fastq.gz	workflow/work/clean/SRR5950655_R2.fastq.gz	FASTQ	FASTQ	DNA	DNA	7408628	7408628	708609046	707701516	60	60	95.6	95.5	101	101	101	100	101	101	101	101	0	0	101	101	1	1	99	99	99	99	34.44	34.36	46.13	46.13	20699	5398	100.5	101	101	101	2
SRR5950656	TRUE	15610826	31221652	2969919728	95.1	60	101	45.960215791623575	98	95.50215791623577	30.205841587331953	66510	0	workflow/work/clean/SRR5950656_R1.fastq.gz	workflow/work/clean/SRR5950656_R2.fastq.gz	FASTQ	FASTQ	DNA	DNA	15610826	15610826	1491368702	1478551026	60	60	95.5	94.7	101	101	100	94	101	101	101	101	0	0	101	101	1	1	98	98	96	95	30.4	30.01	46.01	45.91	55675	10835	97	101	101	101	2
SRR5950658	TRUE	8077542	16155084	1504517632	93.15	53	101	46.72016381080205	98	94.4986349099829	29.364631425695382	18083	0	workflow/work/clean/SRR5950658_R1.fastq.gz	workflow/work/clean/SRR5950658_R2.fastq.gz	FASTQ	FASTQ	DNA	DNA	8077542	8077542	754312618	750205014	53	53	93.4	92.9	101	101	87	86	101	101	101	101	0	0	101	101	1	1	98	98	94	95	29.23	29.5	46.78	46.66	10449	7634	86.5	101	101	101	2
SRR5950660	TRUE	8494962	16989924	1591516448	93.64999999999999	59	101	46.05500201480795	98	95	29.74992746691362	21043	0	workflow/work/clean/SRR5950660_R1.fastq.gz	workflow/work/clean/SRR5950660_R2.fastq.gz	FASTQ	FASTQ	DNA	DNA	8494962	8494962	796078884	795437564	59	59	93.7	93.6	101	101	89	89	101	101	101	101	0	0	101	101	1	1	98	98	95	95	29.57	29.93	46.06	46.05	12811	8232	89	101	101	101	2
SRR5950662	TRUE	18861976	37723952	3600942855	95.45	60	101	44.86999313244586	99	96.49965662229316	30.884831744923652	38595	0	workflow/work/clean/SRR5950662_R1.fastq.gz	workflow/work/clean/SRR5950662_R2.fastq.gz	FASTQ	FASTQ	DNA	DNA	18861976	18861976	1801707911	1799234944	60	60	95.5	95.4	101	101	100	100	101	101	101	101	0	0	101	101	1	1	99	99	96	97	30.64	31.13	44.86	44.88	30574	8021	100	101	101	101	2
SRR5950664	TRUE	6606808	13213616	1244928048	94.19999999999999	60	101	49.865036089627885	98	93.99919800826915	29.269639103721115	14670	0	workflow/work/clean/SRR5950664_R1.fastq.gz	workflow/work/clean/SRR5950664_R2.fastq.gz	FASTQ	FASTQ	DNA	DNA	6606808	6606808	622963235	621964813	60	60	94.3	94.1	101	101	92	91	101	101	101	101	0	0	101	101	1	1	98	98	93	95	28.82	29.72	49.91	49.82	8733	5937	91.5	101	101	101	2
SRR5950665	TRUE	5398602	10797204	1045663049	96.85	60	101	43.35	99	98.50036191342934	34.345061525282986	18545	0	workflow/work/clean/SRR5950665_R1.fastq.gz	workflow/work/clean/SRR5950665_R2.fastq.gz	FASTQ	FASTQ	DNA	DNA	5398602	5398602	523209964	522453085	60	60	96.9	96.8	101	101	101	101	101	101	101	101	0	0	101	101	1	1	99	99	99	98	34.43	34.26	43.35	43.35	14730	3815	101	101	101	101	2
SRR5950668	TRUE	4592460	9184920	871149211	94.85	60	101	45.27020183494145	98	95	30.020363302894616	18647	0	workflow/work/clean/SRR5950668_R1.fastq.gz	workflow/work/clean/SRR5950668_R2.fastq.gz	FASTQ	FASTQ	DNA	DNA	4592460	4592460	437332889	433816322	60	60	95.2	94.5	101	101	100	93	101	101	101	101	0	0	101	101	1	1	98	98	95	95	30.11	29.93	45.32	45.22	15615	3032	96.5	101	101	101	2
SRR5950669	TRUE	11006197	22012394	2117557474	96.2	60	101	44.369991071316726	98.50022321708185	96.0004464341637	30.660258931814948	25075	0	workflow/work/clean/SRR5950669_R1.fastq.gz	workflow/work/clean/SRR5950669_R2.fastq.gz	FASTQ	FASTQ	DNA	DNA	11006197	11006197	1058306062	1059251412	60	60	96.2	96.2	101	101	100	100	101	101	101	101	0	0	101	101	1	1	98	99	95	97	30.08	31.24	44.39	44.35	19821	5254	100	101	101	101	2
SRR5950673	TRUE	14741418	29482836	2824103194	95.80000000000001	60	101	46.54518168812	98	95.4983482898182	30.099702692167273	24450	0	workflow/work/clean/SRR5950673_R1.fastq.gz	workflow/work/clean/SRR5950673_R2.fastq.gz	FASTQ	FASTQ	DNA	DNA	14741418	14741418	1416716197	1407386997	60	60	96.1	95.5	101	101	101	100	101	101	101	101	0	0	101	101	1	1	98	98	95	96	30.01	30.19	46.6	46.49	18821	5629	100.5	101	101	101	2
SRR5950683	TRUE	15543735	31087470	2983051446	95.95	60	101	44.84500150622277	98.49984937772341	96.49984937772341	30.67482377193639	30995	0	workflow/work/clean/SRR5950683_R1.fastq.gz	workflow/work/clean/SRR5950683_R2.fastq.gz	FASTQ	FASTQ	DNA	DNA	15543735	15543735	1491975037	1491076409	60	60	96	95.9	101	101	100	100	101	101	101	101	0	0	101	101	1	1	98	99	96	97	30.09	31.26	44.85	44.84	24730	6265	100	101	101	101	2
SRR5950688	TRUE	5643746	11287492	1085413768	96.2	60	101	47.21499488259669	99	98.50051174033017	34.260266104971684	19498	0	workflow/work/clean/SRR5950688_R1.fastq.gz	workflow/work/clean/SRR5950688_R2.fastq.gz	FASTQ	FASTQ	DNA	DNA	5643746	5643746	543262334	542151434	60	60	96.3	96.1	101	101	101	100	101	101	101	101	0	0	101	101	1	1	99	99	99	98	34.52	34	47.21	47.22	15525	3973	100.5	101	101	101	2
SRR5950689	TRUE	9375664	18751328	1755277510	93.60000000000001	60	101	45.24998737077194	98	95.0006314614035	29.650347303771927	23443	0	workflow/work/clean/SRR5950689_R1.fastq.gz	workflow/work/clean/SRR5950689_R2.fastq.gz	FASTQ	FASTQ	DNA	DNA	9375664	9375664	877084560	878192950	60	60	93.5	93.7	101	101	88	89	101	101	101	101	0	0	101	101	1	1	98	98	94	96	29.1	30.2	45.27	45.23	14579	8864	88.5	101	101	101	2
SRR5950691	TRUE	9705216	19410432	1872446292	96.45	60	101	43.634987914339604	98.50040285534662	96.00080571069324	30.715543854717943	21897	0	workflow/work/clean/SRR5950691_R1.fastq.gz	workflow/work/clean/SRR5950691_R2.fastq.gz	FASTQ	FASTQ	DNA	DNA	9705216	9705216	935468821	936977471	60	60	96.4	96.5	101	101	101	100	101	101	101	101	0	0	101	101	1	1	98	99	95	97	30.04	31.39	43.65	43.62	17440	4457	100.5	101	101	101	2
SRR5950692	TRUE	11213504	22427008	2126748173	94.85000000000001	60	101	48.03	98.4992954955744	96	30.6945843423889	22943	0	workflow/work/clean/SRR5950692_R1.fastq.gz	workflow/work/clean/SRR5950692_R2.fastq.gz	FASTQ	FASTQ	DNA	DNA	11213504	11213504	1064872390	1061875783	60	60	95	94.7	101	101	99	94	101	101	101	101	0	0	101	101	1	1	98	99	96	96	30.4	30.99	48.03	48.03	18330	4613	96.5	101	101	101	2
SRR5950693	TRUE	10880162	21760324	2070934232	95.15	60	101	45.88501276106676	97.49872389332353	93.49872389332353	28.849055681059408	19264	0	workflow/work/clean/SRR5950693_R1.fastq.gz	workflow/work/clean/SRR5950693_R2.fastq.gz	FASTQ	FASTQ	DNA	DNA	10880162	10880162	1038109849	1032824383	60	60	95.4	94.9	101	101	99	97	101	101	101	101	0	0	101	101	1	1	97	98	93	94	28.48	29.22	45.89	45.88	9303	9961	98	101	101	101	2
SRR5950694	TRUE	10735418	21470836	2084119291	97.1	60	101	45.905005318037716	99	98.50053180377188	34.26028717403681	37302	0	workflow/work/clean/SRR5950694_R1.fastq.gz	workflow/work/clean/SRR5950694_R2.fastq.gz	FASTQ	FASTQ	DNA	DNA	10735418	10735418	1043167988	1040951303	60	60	97.2	97	101	101	101	101	101	101	101	101	0	0	101	101	1	1	99	99	99	98	34.53	33.99	45.91	45.9	29718	7584	101	101	101	101	2
SRR5950696	TRUE	6036161	12072322	1099530739	91.09999999999998	60	101	45.34993659377812	98	95.00211354072931	29.70646891080687	15784	0	workflow/work/clean/SRR5950696_R1.fastq.gz	workflow/work/clean/SRR5950696_R2.fastq.gz	FASTQ	FASTQ	DNA	DNA	6036161	6036161	548603418	550927321	60	60	90.9	91.3	101	101	80	81	101	101	101	101	0	0	101	101	1	1	98	98	94	96	29.01	30.4	45.38	45.32	9713	6071	80.5	101	101	101	2
SRR5950697	TRUE	4360174	8720348	787891907	90.35	60	101	48.31500704773707	98	94.49989931804186	29.409895290763536	9974	0	workflow/work/clean/SRR5950697_R1.fastq.gz	workflow/work/clean/SRR5950697_R2.fastq.gz	FASTQ	FASTQ	DNA	DNA	4360174	4360174	394025280	393866627	60	60	90.4	90.3	101	101	79	78	101	101	101	101	0	0	101	101	1	1	98	98	94	95	28.89	29.93	48.35	48.28	5928	4046	78.5	101	101	101	2
SRR5950698	TRUE	6419354	12838708	1212138039	94.39999999999999	60	101	45.80502176146953	98	95	29.72882488064547	18211	0	workflow/work/clean/SRR5950698_R1.fastq.gz	workflow/work/clean/SRR5950698_R2.fastq.gz	FASTQ	FASTQ	DNA	DNA	6419354	6419354	608706810	603431229	60	60	94.8	94	101	101	98	90	101	101	101	101	0	0	101	101	1	1	98	98	95	95	29.46	30	45.81	45.8	14029	4182	94	101	101	101	2
SRR5950699	TRUE	7998118	15996236	1487756708	93	60	101	46.330156701830845	98	94.4986941514096	29.314725771796013	17957	0	workflow/work/clean/SRR5950699_R1.fastq.gz	workflow/work/clean/SRR5950699_R2.fastq.gz	FASTQ	FASTQ	DNA	DNA	7998118	7998118	745821139	741935569	60	60	93.2	92.8	101	101	87	85	101	101	101	101	0	0	101	101	1	1	98	98	94	95	29.21	29.42	46.39	46.27	10532	7425	86	101	101	101	2
SRR5950701	TRUE	3408612	6817224	637260534	93.5	58	101	49.48	97.50050473076998	93.50151419230993	28.82100946153995	5580	0	workflow/work/clean/SRR5950701_R1.fastq.gz	workflow/work/clean/SRR5950701_R2.fastq.gz	FASTQ	FASTQ	DNA	DNA	3408612	3408612	318308622	318951912	58	59	93.4	93.6	101	101	88	88	101	101	101	101	0	0	101	101	1	1	97	98	92	95	27.82	29.82	49.48	49.48	2564	3016	88	101	101	101	2
SRR5950703	TRUE	13872946	27745892	2668275915	96.15	60	101	45.35	99	96.499666067705	30.899886463019698	30307	0	workflow/work/clean/SRR5950703_R1.fastq.gz	workflow/work/clean/SRR5950703_R2.fastq.gz	FASTQ	FASTQ	DNA	DNA	13872946	13872946	1335028981	1333246934	60	60	96.2	96.1	101	101	101	100	101	101	101	101	0	0	101	101	1	1	99	99	96	97	30.73	31.07	45.35	45.35	24043	6264	100.5	101	101	101	2
SRR5950705	TRUE	7801329	15602658	1459683308	93.55000000000001	60	101	44.5199984812185	97.50007593907486	93.50022781722458	28.99011390861229	14171	0	workflow/work/clean/SRR5950705_R1.fastq.gz	workflow/work/clean/SRR5950705_R2.fastq.gz	FASTQ	FASTQ	DNA	DNA	7801329	7801329	729730807	729952501	60	60	93.5	93.6	101	101	88	88	101	101	101	101	0	0	101	101	1	1	97	98	92	95	28.24	29.74	44.53	44.51	6883	7288	88	101	101	101	2
SRR5950706	TRUE	6706676	13413352	1251683984	93.35000000000001	60	101	46.70502804574513	98	94.49968838060965	29.39475382068163	15403	0	workflow/work/clean/SRR5950706_R1.fastq.gz	workflow/work/clean/SRR5950706_R2.fastq.gz	FASTQ	FASTQ	DNA	DNA	6706676	6706676	626232041	625451943	60	60	93.4	93.3	101	101	87	87	101	101	101	101	0	0	101	101	1	1	98	98	94	95	29	29.79	46.75	46.66	9190	6213	87	101	101	101	2
SRR5950710	TRUE	9994481	19988962	1925802496	96.30000000000001	60	101	45.42001076515377	99	98.5005382576885	34.29531757203622	35150	0	workflow/work/clean/SRR5950710_R1.fastq.gz	workflow/work/clean/SRR5950710_R2.fastq.gz	FASTQ	FASTQ	DNA	DNA	9994481	9994481	963937826	961864670	60	60	96.4	96.2	101	101	101	101	101	101	101	101	0	0	101	101	1	1	99	99	99	98	34.59	34	45.43	45.41	28024	7126	101	101	101	101	2
SRR5950711	TRUE	10988243	21976486	2079138081	94.6	60	101	45.47498832493367	98	94.50016678666182	29.68510173986371	29120	0	workflow/work/clean/SRR5950711_R1.fastq.gz	workflow/work/clean/SRR5950711_R2.fastq.gz	FASTQ	FASTQ	DNA	DNA	10988243	10988243	1039222268	1039915813	60	60	94.6	94.6	101	101	93	93	101	101	101	101	0	0	101	101	1	1	98	98	94	95	29.38	29.99	45.51	45.44	18127	10993	93	101	101	101	2
SRR5950716	TRUE	8695550	17391100	1680402129	96.6	60	101	44.96	99	98.50038678569182	34.420092828566034	31218	0	workflow/work/clean/SRR5950716_R1.fastq.gz	workflow/work/clean/SRR5950716_R2.fastq.gz	FASTQ	FASTQ	DNA	DNA	8695550	8695550	840851020	839551109	60	60	96.7	96.5	101	101	101	101	101	101	101	101	0	0	101	101	1	1	99	99	99	98	34.54	34.3	44.96	44.96	24732	6486	101	101	101	101	2
SRR5950720	TRUE	2923785	5847570	550608585	94.15	60	101	46.4351313289821	98	95.49880610016278	29.949212026107443	11399	0	workflow/work/clean/SRR5950720_R1.fastq.gz	workflow/work/clean/SRR5950720_R2.fastq.gz	FASTQ	FASTQ	DNA	DNA	2923785	2923785	275961664	274646921	60	60	94.4	93.9	101	101	92	90	101	101	101	101	0	0	101	101	1	1	98	98	95	96	29.62	30.28	46.49	46.38	9441	1958	91	101	101	101	2
SRR5950721	TRUE	2305866	4611732	431476130	93.6	60	101	45.06000000000001	98.49998961935623	96.49998961935623	30.86498640135666	4626	0	workflow/work/clean/SRR5950721_R1.fastq.gz	workflow/work/clean/SRR5950721_R2.fastq.gz	FASTQ	FASTQ	DNA	DNA	2305866	2305866	215742544	215733586	60	60	93.6	93.6	101	101	88	88	101	101	101	101	0	0	101	101	1	1	98	99	96	97	30.21	31.52	45.06	45.06	3711	915	88	101	101	101	2
SRR5950722	TRUE	6184110	12368220	1161441152	93.9	60	101	46.454994602369666	98.49946023696602	96.49946023696602	30.71462756350655	12283	0	workflow/work/clean/SRR5950722_R1.fastq.gz	workflow/work/clean/SRR5950722_R2.fastq.gz	FASTQ	FASTQ	DNA	DNA	6184110	6184110	581347479	580093673	60	60	94	93.8	101	101	90	89	101	101	101	101	0	0	101	101	1	1	98	99	96	97	30.37	31.06	46.45	46.46	9808	2475	89.5	101	101	101	2
SRR5950726	TRUE	9668169	19336338	1812589094	93.75	60	101	43.77998377144599	98	95.00162285540046	29.635835770531237	23584	0	workflow/work/clean/SRR5950726_R1.fastq.gz	workflow/work/clean/SRR5950726_R2.fastq.gz	FASTQ	FASTQ	DNA	DNA	9668169	9668169	904823762	907765332	60	60	93.6	93.9	101	101	89	90	101	101	101	101	0	0	101	101	1	1	98	98	94	96	29.12	30.15	43.79	43.77	14330	9254	89.5	101	101	101	2
SRR5950727	TRUE	14952600	29905200	2853757610	95.4	60	101	43.08013001035501	98	94.49891658037488	29.279566632149955	33114	0	workflow/work/clean/SRR5950727_R1.fastq.gz	workflow/work/clean/SRR5950727_R2.fastq.gz	FASTQ	FASTQ	DNA	DNA	14952600	14952600	1429970622	1423786988	60	60	95.6	95.2	101	101	100	99	101	101	101	101	0	0	101	101	1	1	98	98	94	95	29.08	29.48	43.14	43.02	19096	14018	99.5	101	101	101	2
SRR5950732	TRUE	8518120	17036240	1599719360	93.9	60	101	49.07	98	94.49815515828976	29.42774929311351	21261	0	workflow/work/clean/SRR5950732_R1.fastq.gz	workflow/work/clean/SRR5950732_R2.fastq.gz	FASTQ	FASTQ	DNA	DNA	8518120	8518120	802810909	796908451	60	60	94.2	93.6	101	101	91	88	101	101	101	101	0	0	101	101	1	1	98	98	94	95	28.82	30.04	49.07	49.07	15891	5370	89.5	101	101	101	2
SRR5950734	TRUE	6928624	13857248	1341153782	96.80000000000001	60	101	44.440000000000005	99	98.50036288530558	34.21505443279584	23965	0	workflow/work/clean/SRR5950734_R1.fastq.gz	workflow/work/clean/SRR5950734_R2.fastq.gz	FASTQ	FASTQ	DNA	DNA	6928624	6928624	671063576	670090206	60	60	96.9	96.7	101	101	101	101	101	101	101	101	0	0	101	101	1	1	99	99	99	98	34.29	34.14	44.44	44.44	19134	4831	101	101	101	101	2
SRR5950735	TRUE	10177602	20355204	1887919610	92.75	59	101	43.889980084459204	98	95.00199155407894	29.706284552380914	24670	0	workflow/work/clean/SRR5950735_R1.fastq.gz	workflow/work/clean/SRR5950735_R2.fastq.gz	FASTQ	FASTQ	DNA	DNA	10177602	10177602	942079858	945839752	59	59	92.6	92.9	101	101	85	86	101	101	101	101	0	0	101	101	1	1	98	98	94	96	29.06	30.35	43.9	43.88	14992	9678	85.5	101	101	101	2
SRR5950736	TRUE	6726619	13453238	1266859076	94.19999999999999	60	101	49.63039090857806	98	95	29.791628785741914	28736	0	workflow/work/clean/SRR5950736_R1.fastq.gz	workflow/work/clean/SRR5950736_R2.fastq.gz	FASTQ	FASTQ	DNA	DNA	6726619	6726619	637556422	629302654	60	60	94.8	93.6	101	101	94	88	101	101	101	101	0	0	101	101	1	1	98	98	95	95	30.04	29.54	49.69	49.57	24338	4398	91	101	101	101	2
SRR5950739	TRUE	14865709	29731418	2847617587	95.8	60	101	44.830001199817005	98	94.49997000457492	29.60997840329394	37893	0	workflow/work/clean/SRR5950739_R1.fastq.gz	workflow/work/clean/SRR5950739_R2.fastq.gz	FASTQ	FASTQ	DNA	DNA	14865709	14865709	1423894209	1423723378	60	60	95.8	95.8	101	101	100	100	101	101	101	101	0	0	101	101	1	1	98	98	94	95	29.25	29.97	44.85	44.81	23739	14154	100	101	101	101	2
SRR5950742	TRUE	9982183	19964366	1890187116	94.65	60	101	46.85988303150618	97.50083548924158	94.00167097848318	29.331102845798892	20587	0	workflow/work/clean/SRR5950742_R1.fastq.gz	workflow/work/clean/SRR5950742_R2.fastq.gz	FASTQ	FASTQ	DNA	DNA	9982183	9982183	943514327	946672789	60	60	94.5	94.8	101	101	93	96	101	101	101	101	0	0	101	101	1	1	97	98	93	95	28.67	29.99	46.93	46.79	11040	9547	94.5	101	101	101	2
SRR5950745	TRUE	14992538	29985076	2875163574	95.9	60	101	46.61999361278775	98	94.50015968030624	29.50015648670012	37098	0	workflow/work/clean/SRR5950745_R1.fastq.gz	workflow/work/clean/SRR5950745_R2.fastq.gz	FASTQ	FASTQ	DNA	DNA	14992538	14992538	1437122680	1438040894	60	60	95.9	95.9	101	101	100	100	101	101	101	101	0	0	101	101	1	1	98	98	94	95	29.01	29.99	46.64	46.6	23070	14028	100	101	101	101	2
SRR5950746	TRUE	4494946	8989892	858708567	95.5	60	101	48.21533557934097	98	95	29.851525360640782	18544	0	workflow/work/clean/SRR5950746_R1.fastq.gz	workflow/work/clean/SRR5950746_R2.fastq.gz	FASTQ	FASTQ	DNA	DNA	4494946	4494946	431973964	426734603	60	60	96.1	94.9	101	101	100	97	101	101	101	101	0	0	101	101	1	1	98	98	95	95	30.1	29.6	48.27	48.16	15639	2905	98.5	101	101	101	2
SRR5950747	TRUE	8583170	17166340	1625314748	94.7	60	101	46.89499855114217	98	94.50004829526102	29.645030426014443	20653	0	workflow/work/clean/SRR5950747_R1.fastq.gz	workflow/work/clean/SRR5950747_R2.fastq.gz	FASTQ	FASTQ	DNA	DNA	8583170	8583170	812578879	812735869	60	60	94.7	94.7	101	101	93	93	101	101	101	101	0	0	101	101	1	1	98	98	94	95	29.33	29.96	46.91	46.88	12344	8309	93	101	101	101	2
SRR5950750	TRUE	10155607	20311214	1957820538	96.39999999999999	60	101	46.24001165990424	99	98.5005829952122	34.29038477684006	35674	0	workflow/work/clean/SRR5950750_R1.fastq.gz	workflow/work/clean/SRR5950750_R2.fastq.gz	FASTQ	FASTQ	DNA	DNA	10155607	10155607	980051669	977768869	60	60	96.5	96.3	101	101	101	101	101	101	101	101	0	0	101	101	1	1	99	99	99	98	34.62	33.96	46.25	46.23	28468	7206	101	101	101	101	2
SRR5950752	TRUE	13124723	26249446	2519425015	95.95000000000002	60	101	47.114986968151534	98	95.49869681515408	30.003970483971717	17160	0	workflow/work/clean/SRR5950752_R1.fastq.gz	workflow/work/clean/SRR5950752_R2.fastq.gz	FASTQ	FASTQ	DNA	DNA	13124723	13124723	1262995784	1256429231	60	60	96.2	95.7	101	101	101	100	101	101	101	101	0	0	101	101	1	1	98	98	95	96	29.61	30.4	47.11	47.12	12846	4314	100.5	101	101	101	2
SRR5950754	TRUE	6852395	13704790	1316536490	96.1	60	101	47.14000000000001	99	98.50053665204524	34.11028979210444	23678	0	workflow/work/clean/SRR5950754_R1.fastq.gz	workflow/work/clean/SRR5950754_R2.fastq.gz	FASTQ	FASTQ	DNA	DNA	6852395	6852395	658974767	657561723	60	60	96.2	96	101	101	101	100	101	101	101	101	0	0	101	101	1	1	99	99	99	98	34.38	33.84	47.14	47.14	18919	4759	100.5	101	101	101	2
SRR5950755	TRUE	12190346	24380692	2275015526	93.30000000000001	60	101	44.33003418937546	98.49943017707564	96	30.644732183225546	22451	0	workflow/work/clean/SRR5950755_R1.fastq.gz	workflow/work/clean/SRR5950755_R2.fastq.gz	FASTQ	FASTQ	DNA	DNA	12190346	12190346	1138804119	1136211407	60	60	93.4	93.2	101	101	88	87	101	101	101	101	0	0	101	101	1	1	98	99	96	96	30.41	30.88	44.36	44.3	17434	5017	87.5	101	101	101	2
SRR5950758	TRUE	20645445	41290890	3897831816	94.4	59	101	49.9054417174371	98	95	29.73666493495521	87302	0	workflow/work/clean/SRR5950758_R1.fastq.gz	workflow/work/clean/SRR5950758_R2.fastq.gz	FASTQ	FASTQ	DNA	DNA	20645445	20645445	1962160064	1935671752	59	59	95	93.8	101	101	99	89	101	101	101	101	0	0	101	101	1	1	98	98	95	95	29.98	29.49	49.97	49.84	74221	13081	94	101	101	101	2
SRR5950760	TRUE	8444479	16888958	1625430438	96.19999999999999	59	101	45.50500518192584	99	98.50051819258475	34.335264278218226	29656	0	workflow/work/clean/SRR5950760_R1.fastq.gz	workflow/work/clean/SRR5950760_R2.fastq.gz	FASTQ	FASTQ	DNA	DNA	8444479	8444479	813557505	811872933	59	59	96.3	96.1	101	101	101	101	101	101	101	101	0	0	101	101	1	1	99	99	99	98	34.59	34.08	45.51	45.5	23526	6130	101	101	101	101	2
SRR5950767	TRUE	13274867	26549734	2499543597	94.14999999999999	60	101	47.53501879598142	98	94.4981204018583	29.513026421951224	34005	0	workflow/work/clean/SRR5950767_R1.fastq.gz	workflow/work/clean/SRR5950767_R2.fastq.gz	FASTQ	FASTQ	DNA	DNA	13274867	13274867	1254469936	1245073661	60	60	94.5	93.8	101	101	93	89	101	101	101	101	0	0	101	101	1	1	98	98	94	95	28.99	30.04	47.54	47.53	25717	8288	91	101	101	101	2
SRR5950769	TRUE	14448248	28896496	2754072142	95.35	60	101	45.335023121061	98	94.4997430993222	29.34478677243742	33621	0	workflow/work/clean/SRR5950769_R1.fastq.gz	workflow/work/clean/SRR5950769_R2.fastq.gz	FASTQ	FASTQ	DNA	DNA	14448248	14448248	1377743594	1376328548	60	60	95.4	95.3	101	101	99	99	101	101	101	101	0	0	101	101	1	1	98	98	94	95	28.93	29.76	45.38	45.29	19866	13755	99	101	101	101	2
SRR5950770	TRUE	14463998	28927996	2768864516	95.69999999999999	60	101	44.48500896965159	98.4991030348413	95.4991030348413	30.084040247280196	18859	0	workflow/work/clean/SRR5950770_R1.fastq.gz	workflow/work/clean/SRR5950770_R2.fastq.gz	FASTQ	FASTQ	DNA	DNA	14463998	14463998	1386915833	1381948683	60	60	95.9	95.5	101	101	100	100	101	101	101	101	0	0	101	101	1	1	98	99	95	96	29.55	30.62	44.49	44.48	14212	4647	100	101	101	101	2
SRR5950771	TRUE	8493889	16987778	1642330273	96.69999999999999	60	101	45.58500392437204	99	98.50039243720377	34.19007848744075	28585	0	workflow/work/clean/SRR5950771_R1.fastq.gz	workflow/work/clean/SRR5950771_R2.fastq.gz	FASTQ	FASTQ	DNA	DNA	8493889	8493889	821809648	820520625	60	60	96.8	96.6	101	101	101	101	101	101	101	101	0	0	101	101	1	1	99	99	99	98	34.29	34.09	45.59	45.58	22739	5846	101	101	101	101	2
SRR5950773	TRUE	8473011	16946022	1633961083	96.45	60	101	44.75501334420705	98	96	30.249759804273136	39646	0	workflow/work/clean/SRR5950773_R1.fastq.gz	workflow/work/clean/SRR5950773_R2.fastq.gz	FASTQ	FASTQ	DNA	DNA	8473011	8473011	819160933	814800150	60	60	96.7	96.2	101	101	101	100	101	101	101	101	0	0	101	101	1	1	98	98	96	96	30.16	30.34	44.76	44.75	33659	5987	100.5	101	101	101	2
SRR5950774	TRUE	12982004	25964008	2499836762	96.25	60	101	43.19505113853509	98.49926944949856	95.49926944949856	30.55453975318409	23392	0	workflow/work/clean/SRR5950774_R1.fastq.gz	workflow/work/clean/SRR5950774_R2.fastq.gz	FASTQ	FASTQ	DNA	DNA	12982004	12982004	1251744638	1248092124	60	60	96.4	96.1	101	101	101	100	101	101	101	101	0	0	101	101	1	1	98	99	95	96	30.24	30.87	43.23	43.16	18282	5110	100.5	101	101	101	2
SRR5950778	TRUE	6427661	12855322	1219543278	94.85000000000001	60	101	46.38506754813173	98.50225160439119	95.50225160439119	30.42198141186425	32956	0	workflow/work/clean/SRR5950778_R1.fastq.gz	workflow/work/clean/SRR5950778_R2.fastq.gz	FASTQ	FASTQ	DNA	DNA	6427661	6427661	612517568	607025710	60	60	95.3	94.4	101	101	100	92	101	101	101	101	0	0	101	101	1	1	99	98	96	95	30.86	29.98	46.4	46.37	28498	4458	96	101	101	101	2
SRR5950779	TRUE	8189440	16378880	1556341057	95	60	101	47.75539572390783	98	95.50359749007123	29.90345359046838	36289	0	workflow/work/clean/SRR5950779_R1.fastq.gz	workflow/work/clean/SRR5950779_R2.fastq.gz	FASTQ	FASTQ	DNA	DNA	8189440	8189440	783769450	772571607	60	60	95.7	94.3	101	101	100	92	101	101	101	101	0	0	101	101	1	1	98	98	96	95	30.38	29.42	47.81	47.7	30862	5427	96	101	101	101	2
SRR5950780	TRUE	20578209	41156418	3940692509	95.75	60	101	43.89	98	95.49867803451092	29.924034965192963	26478	0	workflow/work/clean/SRR5950780_R1.fastq.gz	workflow/work/clean/SRR5950780_R2.fastq.gz	FASTQ	FASTQ	DNA	DNA	20578209	20578209	1975555714	1965136795	60	60	96	95.5	101	101	100	100	101	101	101	101	0	0	101	101	1	1	98	98	95	96	29.56	30.29	43.89	43.89	19876	6602	100	101	101	101	2
SRR5950782	TRUE	9505472	19010944	1807500529	95.05	60	101	44.05007472112336	98	96	30.1796263943832	52630	0	workflow/work/clean/SRR5950782_R1.fastq.gz	workflow/work/clean/SRR5950782_R2.fastq.gz	FASTQ	FASTQ	DNA	DNA	9505472	9505472	906001239	901499290	60	60	95.3	94.8	101	101	100	97	101	101	101	101	0	0	101	101	1	1	98	98	96	96	30.03	30.33	44.08	44.02	45730	6900	98.5	101	101	101	2
SRR5950783	TRUE	9954535	19909070	1863658261	93.6	60	101	44.95996291761132	98	95.00185411943397	29.64651110733869	24844	0	workflow/work/clean/SRR5950783_R1.fastq.gz	workflow/work/clean/SRR5950783_R2.fastq.gz	FASTQ	FASTQ	DNA	DNA	9954535	9954535	930101408	933556853	60	60	93.4	93.8	101	101	88	89	101	101	101	101	0	0	101	101	1	1	98	98	94	96	28.83	30.46	44.98	44.94	15366	9478	88.5	101	101	101	2
SRR5950784	TRUE	11869026	23738052	2181567443	91.9	60	101	47.96498727661385	98	94.50018176265935	29.535150863007264	30887	0	workflow/work/clean/SRR5950784_R1.fastq.gz	workflow/work/clean/SRR5950784_R2.fastq.gz	FASTQ	FASTQ	DNA	DNA	11869026	11869026	1090387194	1091180249	60	60	91.9	91.9	101	101	82	83	101	101	101	101	0	0	101	101	1	1	98	98	94	95	29.12	29.95	48	47.93	19068	11819	82.5	101	101	101	2
SRR5950785	TRUE	10075882	20151764	1867763177	92.64999999999999	60	101	44.849968442176866	98	95.00157789115681	29.730694272108995	25827	0	workflow/work/clean/SRR5950785_R1.fastq.gz	workflow/work/clean/SRR5950785_R2.fastq.gz	FASTQ	FASTQ	DNA	DNA	10075882	10075882	932408025	935355152	60	60	92.5	92.8	101	101	84	85	101	101	101	101	0	0	101	101	1	1	98	98	94	96	29.29	30.17	44.87	44.83	15869	9958	84.5	101	101	101	2
SRR5950787	TRUE	10763625	21527250	2048957439	95.2	60	101	45.0599257229081	98	95.00185692729755	29.55115129492448	27725	0	workflow/work/clean/SRR5950787_R1.fastq.gz	workflow/work/clean/SRR5950787_R2.fastq.gz	FASTQ	FASTQ	DNA	DNA	10763625	10763625	1022576337	1026381102	60	60	95	95.4	101	101	98	99	101	101	101	101	0	0	101	101	1	1	98	98	94	96	28.93	30.17	45.1	45.02	17044	10681	98.5	101	101	101	2
SRR5950789	TRUE	18441509	36883018	3522306556	95.5	60	101	46.67499399451193	98.49939945119303	94.99879890238606	30.004081160325327	22664	0	workflow/work/clean/SRR5950789_R1.fastq.gz	workflow/work/clean/SRR5950789_R2.fastq.gz	FASTQ	FASTQ	DNA	DNA	18441509	18441509	1763268595	1759037961	60	60	95.6	95.4	101	101	100	100	101	101	101	101	0	0	101	101	1	1	98	99	94	96	29.24	30.77	46.67	46.68	16811	5853	100	101	101	101	2
SRR5950791	TRUE	11227156	22454312	2141008264	95.35000000000001	60	101	48.00499708727887	99	96	30.809866014828234	23782	0	workflow/work/clean/SRR5950791_R1.fastq.gz	workflow/work/clean/SRR5950791_R2.fastq.gz	FASTQ	FASTQ	DNA	DNA	11227156	11227156	1071127748	1069880516	60	60	95.4	95.3	101	101	100	100	101	101	101	101	0	0	101	101	1	1	99	99	96	96	30.58	31.04	48	48.01	18825	4957	100	101	101	101	2
SRR5950792	TRUE	9628345	19256690	1815674181	94.25	60	101	45.080005196136014	97.49974019319934	93.99948038639869	28.974701222179245	17648	0	workflow/work/clean/SRR5950792_R1.fastq.gz	workflow/work/clean/SRR5950792_R2.fastq.gz	FASTQ	FASTQ	DNA	DNA	9628345	9628345	908308815	907365366	60	60	94.3	94.2	101	101	92	91	101	101	101	101	0	0	101	101	1	1	97	98	93	95	28.4	29.55	45.09	45.07	8391	9257	91.5	101	101	101	2
SRR5962887	TRUE	8360241	16720482	1615920324	96.64999999999999	60	101	42.97007655243774	98	95.49904309452822	30.29986603323395	14790	0	workflow/work/clean/SRR5962887_R1.fastq.gz	workflow/work/clean/SRR5962887_R2.fastq.gz	FASTQ	FASTQ	DNA	DNA	8360241	8360241	809506445	806413879	60	60	96.8	96.5	101	101	101	100	101	101	101	101	0	0	101	101	1	1	98	98	95	96	30.23	30.37	43.01	42.93	11471	3319	100.5	101	101	101	2
SRR5962888	TRUE	7530174	15060348	1451067201	96.35	60	101	44.735004372984925	99	98	33.900061221788995	30378	0	workflow/work/clean/SRR5962888_R1.fastq.gz	workflow/work/clean/SRR5962888_R2.fastq.gz	FASTQ	FASTQ	DNA	DNA	7530174	7530174	726168150	724899051	60	60	96.4	96.3	101	101	101	101	101	101	101	101	0	0	101	101	1	1	99	99	98	98	33.97	33.83	44.74	44.73	24230	6148	101	101	101	101	2
SRR5962894	TRUE	8015680	16031360	1551909271	96.8	60	101	46.45500560451256	99	98	33.79019055342701	32748	0	workflow/work/clean/SRR5962894_R1.fastq.gz	workflow/work/clean/SRR5962894_R2.fastq.gz	FASTQ	FASTQ	DNA	DNA	8015680	8015680	776824405	775084866	60	60	96.9	96.7	101	101	101	101	101	101	101	101	0	0	101	101	1	1	99	99	98	98	33.96	33.62	46.46	46.45	26077	6671	101	101	101	101	2
SRR5962898	TRUE	4628794	9257588	883251132	95.4	60	101	49.190000000000005	99	98	33.48511501898647	18666	0	workflow/work/clean/SRR5962898_R1.fastq.gz	workflow/work/clean/SRR5962898_R2.fastq.gz	FASTQ	FASTQ	DNA	DNA	4628794	4628794	442109331	441141801	60	60	95.5	95.3	101	101	101	100	101	101	101	101	0	0	101	101	1	1	99	99	98	98	33.59	33.38	49.19	49.19	15054	3612	100.5	101	101	101	2
SRR5962899	TRUE	11058969	22117938	2133533242	96.44999999999999	60	101	45.595004369146835	99	98	33.90504806061512	45243	0	workflow/work/clean/SRR5962899_R1.fastq.gz	workflow/work/clean/SRR5962899_R2.fastq.gz	FASTQ	FASTQ	DNA	DNA	11058969	11058969	1067698793	1065834449	60	60	96.5	96.4	101	101	101	101	101	101	101	101	0	0	101	101	1	1	99	99	98	98	33.96	33.85	45.6	45.59	36088	9155	101	101	101	101	2
SRR5962900	TRUE	9660420	19320840	1871425227	96.85	60	101	48.94499202613346	99	98	33.61556614452435	36767	0	workflow/work/clean/SRR5962900_R1.fastq.gz	workflow/work/clean/SRR5962900_R2.fastq.gz	FASTQ	FASTQ	DNA	DNA	9660420	9660420	937204863	934220364	60	60	97	96.7	101	101	101	101	101	101	101	101	0	0	101	101	1	1	99	99	98	98	33.97	33.26	48.94	48.95	28894	7873	101	101	101	101	2
SRR5962901	TRUE	4913268	9826536	951617256	96.85000000000001	60	101	46.28	99	98	33.700333210645354	20253	0	workflow/work/clean/SRR5962901_R1.fastq.gz	workflow/work/clean/SRR5962901_R2.fastq.gz	FASTQ	FASTQ	DNA	DNA	4913268	4913268	476442806	475174450	60	60	97	96.7	101	101	101	101	101	101	101	101	0	0	101	101	1	1	99	99	98	98	33.95	33.45	46.28	46.28	16291	3962	101	101	101	101	2
SRR5962902	TRUE	11021439	22042878	2135245571	96.89999999999999	60	101	43.665005137884435	99	98	33.880154136533264	43520	0	workflow/work/clean/SRR5962902_R1.fastq.gz	workflow/work/clean/SRR5962902_R2.fastq.gz	FASTQ	FASTQ	DNA	DNA	11021439	11021439	1068719850	1066525721	60	60	97	96.8	101	101	101	101	101	101	101	101	0	0	101	101	1	1	99	99	98	98	34.03	33.73	43.67	43.66	34575	8945	101	101	101	101	2
SRR5962903	TRUE	3498104	6996208	679600535	97.1	60	101	42.72500523066834	99	98	33.77012553604008	13373	0	workflow/work/clean/SRR5962903_R1.fastq.gz	workflow/work/clean/SRR5962903_R2.fastq.gz	FASTQ	FASTQ	DNA	DNA	3498104	3498104	340155744	339444791	60	60	97.2	97	101	101	101	101	101	101	101	101	0	0	101	101	1	1	99	99	98	98	33.89	33.65	42.73	42.72	10570	2803	101	101	101	101	2
