run_accession	paired_reads_match	num_read_pairs_r12	num_seqs_r12	sum_len_r12	avg_len_r12	min_len_r12	max_len_r12	gc_percent_r12	q20_percent_r12	q30_percent_r12	avg_qual_r12	sum_n_r12	sum_gap_r12	file_r1	file_r2	format_r1	format_r2	type_r1	type_r2	num_seqs_r1	num_seqs_r2	sum_len_r1	sum_len_r2	min_len_r1	min_len_r2	avg_len_r1	avg_len_r2	max_len_r1	max_len_r2	q1_r1	q1_r2	q2_r1	q2_r2	q3_r1	q3_r2	sum_gap_r1	sum_gap_r2	n50_r1	n50_r2	n50_num_r1	n50_num_r2	q20_percent_r1	q20_percent_r2	q30_percent_r1	q30_percent_r2	avg_qual_r1	avg_qual_r2	gc_percent_r1	gc_percent_r2	sum_n_r1	sum_n_r2	q1_mean_r12	q2_mean_r12	q3_mean_r12	n50_mean_r12	n50_num_r12
SRR5935746	TRUE	11012615	22025230	2057953866	93.4	50	101	45.055048830088786	99	97	30.87560223776173	158655	0	workflow/work/raw/SRR5935746_R1.fastq.gz	workflow/work/raw/SRR5935746_R2.fastq.gz	FASTQ	FASTQ	DNA	DNA	11012615	11012615	1032326602	1025627264	50	50	93.7	93.1	101	101	99	91	101	101	101	101	0	0	101	101	1	1	99	99	97	97	31.06	30.69	45.07	45.04	22631	136024	95	101	101	101	2
SRR5935750	TRUE	6552107	13104214	1182796919	90.3	50	101	50.14529831528079	98	94	29.270108478283923	5898	0	workflow/work/raw/SRR5935750_R1.fastq.gz	workflow/work/raw/SRR5935750_R2.fastq.gz	FASTQ	FASTQ	DNA	DNA	6552107	6552107	594606154	588190765	50	50	90.8	89.8	101	101	81	78	101	101	101	101	0	0	101	101	1	1	98	98	94	94	29.29	29.25	50.2	50.09	5192	706	79.5	101	101	101	2
SRR5935751	TRUE	18645445	37290890	3449573600	92.5	50	101	43.450028446165064	99	96.50142230825283	30.94048358480596	78473	0	workflow/work/raw/SRR5935751_R1.fastq.gz	workflow/work/raw/SRR5935751_R2.fastq.gz	FASTQ	FASTQ	DNA	DNA	18645445	18645445	1729693157	1719880443	50	50	92.8	92.2	101	101	90	87	101	101	101	101	0	0	101	101	1	1	99	99	97	96	31.11	30.77	43.46	43.44	68771	9702	88.5	101	101	101	2
SRR5935754	TRUE	10479816	20959632	1916830360	91.44999999999999	50	101	47.385092273475884	99	96	30.994575542010924	25804	0	workflow/work/raw/SRR5935754_R1.fastq.gz	workflow/work/raw/SRR5935754_R2.fastq.gz	FASTQ	FASTQ	DNA	DNA	10479816	10479816	961952632	954877728	50	50	91.8	91.1	101	101	86	83	101	101	101	101	0	0	101	101	1	1	99	99	96	96	30.88	31.11	47.41	47.36	23286	2518	84.5	101	101	101	2
SRR5935763	TRUE	5174437	10348874	978777662	94.55000000000001	50	101	45.16506902232511	99	96.50230074417044	30.751748565569528	74387	0	workflow/work/raw/SRR5935763_R1.fastq.gz	workflow/work/raw/SRR5935763_R2.fastq.gz	FASTQ	FASTQ	DNA	DNA	5174437	5174437	491640748	487136914	50	50	95	94.1	101	101	100	96	101	101	101	101	0	0	101	101	1	1	99	99	97	96	31.13	30.37	45.18	45.15	10710	63677	98	101	101	101	2
SRR5935777	TRUE	8173049	16346098	1459565869	89.30000000000001	50	101	49.0151140855158	98	94.49771828968412	29.545296622341063	7550	0	workflow/work/raw/SRR5935777_R1.fastq.gz	workflow/work/raw/SRR5935777_R2.fastq.gz	FASTQ	FASTQ	DNA	DNA	8173049	8173049	733113241	726452628	50	50	89.7	88.9	101	101	78	76	101	101	101	101	0	0	101	101	1	1	98	98	94	95	29.61	29.48	49.04	48.99	6683	867	77	101	101	101	2
SRR5935787	TRUE	16351397	32702794	3065557655	93.75	50	101	43.93	98.49848995059922	95.49848995059922	30.228640955539294	58825	0	workflow/work/raw/SRR5935787_R1.fastq.gz	workflow/work/raw/SRR5935787_R2.fastq.gz	FASTQ	FASTQ	DNA	DNA	16351397	16351397	1537407971	1528149684	50	50	94	93.5	101	101	100	94	101	101	101	101	0	0	101	101	1	1	98	99	95	96	29.78	30.68	43.93	43.93	51130	7695	97	101	101	101	2
SRR5935790	TRUE	9202475	18404950	1711991411	93	50	101	44.97501471118653	99	96.50147111865388	30.960559025088468	38754	0	workflow/work/raw/SRR5935790_R1.fastq.gz	workflow/work/raw/SRR5935790_R2.fastq.gz	FASTQ	FASTQ	DNA	DNA	9202475	9202475	858514248	853477163	50	50	93.3	92.7	101	101	93	90	101	101	101	101	0	0	101	101	1	1	99	99	97	96	31.15	30.77	44.98	44.97	34146	4608	91.5	101	101	101	2
SRR5935792	TRUE	11437813	22875626	2096182336	91.65	50	101	44.58001801453974	99	97	31.474900920031413	31847	0	workflow/work/raw/SRR5935792_R1.fastq.gz	workflow/work/raw/SRR5935792_R2.fastq.gz	FASTQ	FASTQ	DNA	DNA	11437813	11437813	1049979256	1046203080	50	50	91.8	91.5	101	101	86	85	101	101	101	101	0	0	101	101	1	1	99	99	97	97	31.42	31.53	44.59	44.57	28621	3226	85.5	101	101	101	2
SRR5935794	TRUE	13404063	26808126	2484447317	92.69999999999999	50	101	45.83004578735046	99	97	31.10983974427339	37957	0	workflow/work/raw/SRR5935794_R1.fastq.gz	workflow/work/raw/SRR5935794_R2.fastq.gz	FASTQ	FASTQ	DNA	DNA	13404063	13404063	1245067565	1239379752	50	50	92.9	92.5	101	101	91	89	101	101	101	101	0	0	101	101	1	1	99	99	97	97	31.04	31.18	45.85	45.81	34656	3301	90	101	101	101	2
SRR5935799	TRUE	9090205	18180410	1661371324	91.35	50	101	49.210080430351766	99	97	30.815864626281464	114858	0	workflow/work/raw/SRR5935799_R1.fastq.gz	workflow/work/raw/SRR5935799_R2.fastq.gz	FASTQ	FASTQ	DNA	DNA	9090205	9090205	834026279	827345045	50	50	91.7	91	101	101	85	83	101	101	101	101	0	0	101	101	1	1	99	99	97	97	31.03	30.6	49.23	49.19	18851	96007	84	101	101	101	2
SRR5935800	TRUE	15080696	30161392	2770846238	91.9	50	101	46.62502893253292	98	94.49942134934157	29.614843764322227	16418	0	workflow/work/raw/SRR5935800_R1.fastq.gz	workflow/work/raw/SRR5935800_R2.fastq.gz	FASTQ	FASTQ	DNA	DNA	15080696	15080696	1387026471	1383819767	50	50	92	91.8	101	101	86	85	101	101	101	101	0	0	101	101	1	1	98	98	94	95	29.48	29.75	46.65	46.6	14578	1840	85.5	101	101	101	2
SRR5935804	TRUE	13253368	26506736	2414153428	91.04999999999998	50	101	46.92506626604513	99	96.49867467909749	31.08477469544657	33202	0	workflow/work/raw/SRR5935804_R1.fastq.gz	workflow/work/raw/SRR5935804_R2.fastq.gz	FASTQ	FASTQ	DNA	DNA	13253368	13253368	1210276242	1203877186	50	50	91.3	90.8	101	101	84	82	101	101	101	101	0	0	101	101	1	1	99	99	96	97	31	31.17	46.95	46.9	30305	2897	83	101	101	101	2
SRR5935814	TRUE	5072545	10145090	950400325	93.7	50	101	45.88009786900062	99	96	30.884951065499692	12322	0	workflow/work/raw/SRR5935814_R1.fastq.gz	workflow/work/raw/SRR5935814_R2.fastq.gz	FASTQ	FASTQ	DNA	DNA	5072545	5072545	476750408	473649917	50	50	94	93.4	101	101	98	93	101	101	101	101	0	0	101	101	1	1	99	99	96	96	30.87	30.9	45.91	45.85	11217	1105	95.5	101	101	101	2
SRR5935826	TRUE	8766123	17532246	1609927653	91.8	50	101	44.15	98.49881990069774	95.99763980139548	30.493288856011716	18955	0	workflow/work/raw/SRR5935826_R1.fastq.gz	workflow/work/raw/SRR5935826_R2.fastq.gz	FASTQ	FASTQ	DNA	DNA	8766123	8766123	806863701	803063952	50	50	92	91.6	101	101	87	85	101	101	101	101	0	0	101	101	1	1	98	99	95	97	29.77	31.22	44.15	44.15	17688	1267	86	101	101	101	2
SRR5935828	TRUE	8326050	16652100	1540092338	92.5	50	101	48.150165584578076	99	96.50275974296808	30.84281493782745	110081	0	workflow/work/raw/SRR5935828_R1.fastq.gz	workflow/work/raw/SRR5935828_R2.fastq.gz	FASTQ	FASTQ	DNA	DNA	8326050	8326050	774296428	765795910	50	50	93	92	101	101	91	87	101	101	101	101	0	0	101	101	1	1	99	99	97	96	31.35	30.33	48.18	48.12	15396	94685	89	101	101	101	2
SRR5935830	TRUE	14303962	28607924	2635979010	92.14999999999999	50	101	45.09	99	97	31.350438276987646	38660	0	workflow/work/raw/SRR5935830_R1.fastq.gz	workflow/work/raw/SRR5935830_R2.fastq.gz	FASTQ	FASTQ	DNA	DNA	14303962	14303962	1322432924	1313546086	50	50	92.5	91.8	101	101	89	86	101	101	101	101	0	0	101	101	1	1	99	99	97	97	31.48	31.22	45.09	45.09	35140	3520	87.5	101	101	101	2
SRR5935831	TRUE	12793053	25586106	2357685670	92.15	50	101	45.9301055949583	99	96.50263987395742	31.081214342020413	32495	0	workflow/work/raw/SRR5935831_R1.fastq.gz	workflow/work/raw/SRR5935831_R2.fastq.gz	FASTQ	FASTQ	DNA	DNA	12793053	12793053	1185066828	1172618842	50	50	92.6	91.7	101	101	90	85	101	101	101	101	0	0	101	101	1	1	99	99	97	96	31.31	30.85	45.95	45.91	29446	3049	87.5	101	101	101	2
SRR5935832	TRUE	6882441	13764882	1244786679	90.45	50	101	44.565121767550664	99	96.50243535101326	30.862143108891676	84648	0	workflow/work/raw/SRR5935832_R1.fastq.gz	workflow/work/raw/SRR5935832_R2.fastq.gz	FASTQ	FASTQ	DNA	DNA	6882441	6882441	625424832	619361847	50	50	90.9	90	101	101	82	80	101	101	101	101	0	0	101	101	1	1	99	99	97	96	31.3	30.42	44.59	44.54	12586	72062	81	101	101	101	2
SRR5935835	TRUE	1341509	2683018	254993682	95.05	50	101	44.150113464223004	98.50189107038346	96	30.465359303372853	4883	0	workflow/work/raw/SRR5935835_R1.fastq.gz	workflow/work/raw/SRR5935835_R2.fastq.gz	FASTQ	FASTQ	DNA	DNA	1341509	1341509	127979052	127014630	50	50	95.4	94.7	101	101	100	100	101	101	101	101	0	0	101	101	1	1	99	98	96	96	30.56	30.37	44.18	44.12	4190	693	100	101	101	101	2
SRR5935837	TRUE	9337913	18675826	1691901005	90.6	50	101	47.13016354706876	99	96	30.950381609827108	22354	0	workflow/work/raw/SRR5935837_R1.fastq.gz	workflow/work/raw/SRR5935837_R2.fastq.gz	FASTQ	FASTQ	DNA	DNA	9337913	9337913	850562260	841338745	50	50	91.1	90.1	101	101	83	80	101	101	101	101	0	0	101	101	1	1	99	99	96	96	31.02	30.88	47.16	47.1	20483	1871	81.5	101	101	101	2
SRR5935845	TRUE	12773582	25547164	2303226342	90.19999999999999	50	101	45.529968433462805	98	95.0010522179066	29.790494542416102	13925	0	workflow/work/raw/SRR5935845_R1.fastq.gz	workflow/work/raw/SRR5935845_R2.fastq.gz	FASTQ	FASTQ	DNA	DNA	12773582	12773582	1150401423	1152824919	50	50	90.1	90.3	101	101	79	80	101	101	101	101	0	0	101	101	1	1	98	98	94	96	29.32	30.26	45.56	45.5	12307	1618	79.5	101	101	101	2
SRR5935847	TRUE	5030163	10060326	918762663	91.30000000000001	50	101	45.19006721055664	98	94.4993278944336	29.49969083143946	4604	0	workflow/work/raw/SRR5935847_R1.fastq.gz	workflow/work/raw/SRR5935847_R2.fastq.gz	FASTQ	FASTQ	DNA	DNA	5030163	5030163	459998837	458763826	50	50	91.4	91.2	101	101	84	83	101	101	101	101	0	0	101	101	1	1	98	98	94	95	29.27	29.73	45.24	45.14	3986	618	83.5	101	101	101	2
SRR5935854	TRUE	9964902	19929804	1871294091	93.9	50	101	48.099944356170155	99	96.50278219149253	30.772782191492528	136955	0	workflow/work/raw/SRR5935854_R1.fastq.gz	workflow/work/raw/SRR5935854_R2.fastq.gz	FASTQ	FASTQ	DNA	DNA	9964902	9964902	940853344	930440747	50	50	94.4	93.4	101	101	100	92	101	101	101	101	0	0	101	101	1	1	99	99	97	96	31.27	30.27	48.09	48.11	18567	118388	96	101	101	101	2
SRR5935856	TRUE	1496	2992	261356	87.35000000000001	50	101	48.04141186733803	96.50705933669019	91	27.454376788747915	23	0	workflow/work/raw/SRR5935856_R1.fastq.gz	workflow/work/raw/SRR5935856_R2.fastq.gz	FASTQ	FASTQ	DNA	DNA	1496	1496	132523	128833	50	50	88.6	86.1	101	101	76	71	101	97	101	101	0	0	101	100	1	2	97	96	91	91	27.76	27.14	48.14	47.94	4	19	73.5	99	101	100.5	3
SRR5935858	TRUE	11226124	22452248	2076115930	92.5	50	101	44.71498438870415	99	96.4984388704151	30.935421504987925	152004	0	workflow/work/raw/SRR5935858_R1.fastq.gz	workflow/work/raw/SRR5935858_R2.fastq.gz	FASTQ	FASTQ	DNA	DNA	11226124	11226124	1041299051	1034816879	50	50	92.8	92.2	101	101	90	88	101	101	101	101	0	0	101	101	1	1	99	99	96	97	31.07	30.8	44.71	44.72	20782	131222	89	101	101	101	2
SRR5935863	TRUE	12264252	24528504	2263106015	92.3	50	101	45.55006709898211	99	96.4988816836316	31.00460858927106	29826	0	workflow/work/raw/SRR5935863_R1.fastq.gz	workflow/work/raw/SRR5935863_R2.fastq.gz	FASTQ	FASTQ	DNA	DNA	12264252	12264252	1134083876	1129022139	50	50	92.5	92.1	101	101	89	87	101	101	101	101	0	0	101	101	1	1	99	99	96	97	30.83	31.18	45.58	45.52	27162	2664	88	101	101	101	2
SRR5935869	TRUE	14642896	29285792	2680728168	91.55000000000001	50	101	46.12028870997412	98.50360887467647	96	30.85259838976706	35936	0	workflow/work/raw/SRR5935869_R1.fastq.gz	workflow/work/raw/SRR5935869_R2.fastq.gz	FASTQ	FASTQ	DNA	DNA	14642896	14642896	1350038496	1330689672	50	50	92.2	90.9	101	101	87	82	101	101	101	101	0	0	101	101	1	1	99	98	96	96	31.21	30.49	46.16	46.08	33038	2898	84.5	101	101	101	2
SRR5935884	TRUE	11721196	23442392	2181757711	93.1	50	101	48.3553943284035	98.50438142670555	96.50438142670555	30.536747397126536	148734	0	workflow/work/raw/SRR5935884_R1.fastq.gz	workflow/work/raw/SRR5935884_R2.fastq.gz	FASTQ	FASTQ	DNA	DNA	11721196	11721196	1100438067	1081319644	50	50	93.9	92.3	101	101	99	88	101	101	101	101	0	0	101	101	1	1	99	98	97	96	31.3	29.76	48.4	48.31	19076	129658	93.5	101	101	101	2
SRR5935888	TRUE	14120614	28241228	2603749606	92.20000000000002	50	101	45.55	99	96.49833937257637	30.895481581952854	188976	0	workflow/work/raw/SRR5935888_R1.fastq.gz	workflow/work/raw/SRR5935888_R2.fastq.gz	FASTQ	FASTQ	DNA	DNA	14120614	14120614	1306198661	1297550945	50	50	92.5	91.9	101	101	89	87	101	101	101	101	0	0	101	101	1	1	99	99	96	97	31.04	30.75	45.55	45.55	25880	163096	88	101	101	101	2
SRR5935890	TRUE	8504050	17008100	1579181605	92.85	50	101	45.93000966753282	99	96.49983887445295	30.984853375752184	23655	0	workflow/work/raw/SRR5935890_R1.fastq.gz	workflow/work/raw/SRR5935890_R2.fastq.gz	FASTQ	FASTQ	DNA	DNA	8504050	8504050	789845249	789336356	50	50	92.9	92.8	101	101	90	90	101	101	101	101	0	0	101	101	1	1	99	99	96	97	30.53	31.44	45.96	45.9	21725	1930	90	101	101	101	2
SRR5935894	TRUE	11814692	23629384	2182940786	92.39999999999999	50	101	47.84010843178226	99	96	30.936328289332717	29362	0	workflow/work/raw/SRR5935894_R1.fastq.gz	workflow/work/raw/SRR5935894_R2.fastq.gz	FASTQ	FASTQ	DNA	DNA	11814692	11814692	1097387897	1085552889	50	50	92.9	91.9	101	101	91	86	101	101	101	101	0	0	101	101	1	1	99	99	96	96	31.18	30.69	47.86	47.82	26743	2619	88.5	101	101	101	2
SRR5935898	TRUE	5116705	10233410	941484208	92	50	101	49.120411012417115	98	94	29.223288099336873	4788	0	workflow/work/raw/SRR5935898_R1.fastq.gz	workflow/work/raw/SRR5935898_R2.fastq.gz	FASTQ	FASTQ	DNA	DNA	5116705	5116705	474611721	466872487	50	50	92.8	91.2	101	101	90	83	101	101	101	101	0	0	101	101	1	1	98	98	94	94	29.62	28.82	49.17	49.07	4162	626	86.5	101	101	101	2
SRR5935899	TRUE	11602517	23205034	2132717424	91.89999999999999	50	101	47.43004970299338	99	96.49875742516558	30.734962722754965	158025	0	workflow/work/raw/SRR5935899_R1.fastq.gz	workflow/work/raw/SRR5935899_R2.fastq.gz	FASTQ	FASTQ	DNA	DNA	11602517	11602517	1069008773	1063708651	50	50	92.1	91.7	101	101	87	86	101	101	101	101	0	0	101	101	1	1	99	99	96	97	30.72	30.75	47.45	47.41	23797	134228	86.5	101	101	101	2
SRR5935903	TRUE	7701926	15403852	1425147587	92.5	50	101	47.38502316730232	98.4976832697679	95.4976832697679	30.318192950418968	15968	0	workflow/work/raw/SRR5935903_R1.fastq.gz	workflow/work/raw/SRR5935903_R2.fastq.gz	FASTQ	FASTQ	DNA	DNA	7701926	7701926	715875476	709272111	50	50	92.9	92.1	101	101	91	87	101	101	101	101	0	0	101	101	1	1	98	99	95	96	29.93	30.71	47.39	47.38	14933	1035	89	101	101	101	2
SRR5935904	TRUE	15549345	31098690	2840390728	91.35	50	101	43.54002373491764	99	97	31.364703313529475	45007	0	workflow/work/raw/SRR5935904_R1.fastq.gz	workflow/work/raw/SRR5935904_R2.fastq.gz	FASTQ	FASTQ	DNA	DNA	15549345	15549345	1423566186	1416824542	50	50	91.6	91.1	101	101	85	83	101	101	101	101	0	0	101	101	1	1	99	99	97	97	31.24	31.49	43.55	43.53	41108	3899	84	101	101	101	2
SRR5935907	TRUE	9760953	19521906	1810212907	92.75	50	101	44.44501792298844	99	97	30.905985764364015	134731	0	workflow/work/raw/SRR5935907_R1.fastq.gz	workflow/work/raw/SRR5935907_R2.fastq.gz	FASTQ	FASTQ	DNA	DNA	9760953	9760953	908350896	901862011	50	50	93.1	92.4	101	101	92	89	101	101	101	101	0	0	101	101	1	1	99	99	97	97	31.18	30.63	44.45	44.44	20297	114434	90.5	101	101	101	2
SRR5935908	TRUE	9296992	18593984	1715107991	92.25	50	101	45.195100491610965	99	96	30.87982772866691	22577	0	workflow/work/raw/SRR5935908_R1.fastq.gz	workflow/work/raw/SRR5935908_R2.fastq.gz	FASTQ	FASTQ	DNA	DNA	9296992	9296992	860016195	855091796	50	50	92.5	92	101	101	89	87	101	101	101	101	0	0	101	101	1	1	99	99	96	96	30.82	30.94	45.23	45.16	20726	1851	88	101	101	101	2
SRR5935909	TRUE	11865989	23731978	2197826679	92.60000000000001	50	101	48.20003476121694	99	97	31.10491309695763	32727	0	workflow/work/raw/SRR5935909_R1.fastq.gz	workflow/work/raw/SRR5935909_R2.fastq.gz	FASTQ	FASTQ	DNA	DNA	11865989	11865989	1102733296	1095093383	50	50	92.9	92.3	101	101	91	88	101	101	101	101	0	0	101	101	1	1	99	99	97	97	31.08	31.13	48.21	48.19	29908	2819	89.5	101	101	101	2
SRR5935917	TRUE	6776291	13552582	1260421448	93	50	101	45.71498372898999	98.49837289899878	95.49837289899878	30.25364950616899	24730	0	workflow/work/raw/SRR5935917_R1.fastq.gz	workflow/work/raw/SRR5935917_R2.fastq.gz	FASTQ	FASTQ	DNA	DNA	6776291	6776291	632261557	628159891	50	50	93.3	92.7	101	101	93	90	101	101	101	101	0	0	101	101	1	1	98	99	95	96	29.84	30.67	45.71	45.72	21557	3173	91.5	101	101	101	2
SRR5935923	TRUE	13187214	26374428	2421862175	91.85000000000001	50	101	44.14501119658884	98	94.49962678037201	29.744735014064123	13787	0	workflow/work/raw/SRR5935923_R1.fastq.gz	workflow/work/raw/SRR5935923_R2.fastq.gz	FASTQ	FASTQ	DNA	DNA	13187214	13187214	1211834974	1210027201	50	50	91.9	91.8	101	101	86	85	101	101	101	101	0	0	101	101	1	1	98	98	94	95	29.39	30.1	44.16	44.13	12345	1442	85.5	101	101	101	2
SRR5935926	TRUE	13757152	27514304	2521941982	91.64999999999999	50	101	49.72	99	97	31.07146131924775	179486	0	workflow/work/raw/SRR5935926_R1.fastq.gz	workflow/work/raw/SRR5935926_R2.fastq.gz	FASTQ	FASTQ	DNA	DNA	13757152	13757152	1265820152	1256121830	50	50	92	91.3	101	101	86	84	101	101	101	101	0	0	101	101	1	1	99	99	97	97	31.45	30.69	49.72	49.72	27371	152115	85	101	101	101	2
SRR5935931	TRUE	8942132	17884264	1635995248	91.45	50	101	44.770048811608774	99	96.49918647318711	30.979528154448527	21428	0	workflow/work/raw/SRR5935931_R1.fastq.gz	workflow/work/raw/SRR5935931_R2.fastq.gz	FASTQ	FASTQ	DNA	DNA	8942132	8942132	819328550	816666698	50	50	91.6	91.3	101	101	85	84	101	101	101	101	0	0	101	101	1	1	99	99	96	97	30.69	31.27	44.8	44.74	19547	1881	84.5	101	101	101	2
SRR5935932	TRUE	12765392	25530784	2353684904	92.2	50	101	44.85511184811508	98.4987572431658	96.4987572431658	30.549826014043212	169305	0	workflow/work/raw/SRR5935932_R1.fastq.gz	workflow/work/raw/SRR5935932_R2.fastq.gz	FASTQ	FASTQ	DNA	DNA	12765392	12765392	1179767510	1173917394	50	50	92.4	92	101	101	88	87	101	101	101	101	0	0	101	101	1	1	98	99	96	97	30.48	30.62	44.9	44.81	20600	148705	87.5	101	101	101	2
SRR5935933	TRUE	9809611	19619222	1735977455	88.5	50	101	45.525045397527926	99	97	31.389697349813797	25411	0	workflow/work/raw/SRR5935933_R1.fastq.gz	workflow/work/raw/SRR5935933_R2.fastq.gz	FASTQ	FASTQ	DNA	DNA	9809611	9809611	870615697	865361758	50	50	88.8	88.2	101	101	75	74	101	100	101	101	0	0	101	101	1	1	99	99	97	97	31.29	31.49	45.54	45.51	22916	2495	74.5	100.5	101	101	2
SRR5935943	TRUE	4167631	8335262	789199156	94.70000000000002	50	101	42.375036563926585	99	96	30.62995124809789	16698	0	workflow/work/raw/SRR5935943_R1.fastq.gz	workflow/work/raw/SRR5935943_R2.fastq.gz	FASTQ	FASTQ	DNA	DNA	4167631	4167631	395561452	393637704	50	50	94.9	94.5	101	101	100	100	101	101	101	101	0	0	101	101	1	1	99	99	96	96	30.61	30.65	42.39	42.36	14645	2053	100	101	101	101	2
SRR5935944	TRUE	12927064	25854128	2386011189	92.29999999999998	50	101	46.769999999999996	99	96.50149942151005	31.04576470497012	50339	0	workflow/work/raw/SRR5935944_R1.fastq.gz	workflow/work/raw/SRR5935944_R2.fastq.gz	FASTQ	FASTQ	DNA	DNA	12927064	12927064	1196583231	1189427958	50	50	92.6	92	101	101	89	86	101	101	101	101	0	0	101	101	1	1	99	99	97	96	31.3	30.79	46.77	46.77	44496	5843	87.5	101	101	101	2
SRR5935945	TRUE	13903356	27806712	2587604149	93.1	50	101	44.08029839996983	98.5037299996229	96	30.76787209970963	33444	0	workflow/work/raw/SRR5935945_R1.fastq.gz	workflow/work/raw/SRR5935945_R2.fastq.gz	FASTQ	FASTQ	DNA	DNA	13903356	13903356	1303453837	1284150312	50	50	93.8	92.4	101	101	98	88	101	101	101	101	0	0	101	101	1	1	99	98	96	96	31.15	30.38	44.12	44.04	30599	2845	93	101	101	101	2
SRR5935946	TRUE	13361372	26722744	2454707660	91.85000000000001	50	101	46.950035419476386	98.49822902618065	95.99645805236132	30.573175896966077	28988	0	workflow/work/raw/SRR5935946_R1.fastq.gz	workflow/work/raw/SRR5935946_R2.fastq.gz	FASTQ	FASTQ	DNA	DNA	13361372	13361372	1231701053	1223006607	50	50	92.2	91.5	101	101	87	85	101	101	101	101	0	0	101	101	1	1	98	99	95	97	30.06	31.09	46.96	46.94	26857	2131	86	101	101	101	2
SRR5935954	TRUE	9090397	18180794	1657602227	91.20000000000002	50	101	46.24013129362187	98	94	29.380098470216407	8361	0	workflow/work/raw/SRR5935954_R1.fastq.gz	workflow/work/raw/SRR5935954_R2.fastq.gz	FASTQ	FASTQ	DNA	DNA	9090397	9090397	831521521	826080706	50	50	91.5	90.9	101	101	84	82	101	101	101	101	0	0	101	101	1	1	98	98	94	94	29.41	29.35	46.28	46.2	7300	1061	83	101	101	101	2
SRR5935967	TRUE	6429839	12859678	1175970177	91.44999999999999	50	101	45.59002688467838	99	96.49932788304035	31.164684105028964	18162	0	workflow/work/raw/SRR5935967_R1.fastq.gz	workflow/work/raw/SRR5935967_R2.fastq.gz	FASTQ	FASTQ	DNA	DNA	6429839	6429839	588775478	587194699	50	50	91.6	91.3	101	101	85	84	101	101	101	101	0	0	101	101	1	1	99	99	96	97	30.93	31.4	45.61	45.57	16610	1552	84.5	101	101	101	2
SRR5935974	TRUE	11363091	22726182	2054235004	90.39999999999999	50	101	45.12002641918763	99	97	31.520317030251523	31906	0	workflow/work/raw/SRR5935974_R1.fastq.gz	workflow/work/raw/SRR5935974_R2.fastq.gz	FASTQ	FASTQ	DNA	DNA	11363091	11363091	1029831063	1024403941	50	50	90.6	90.2	101	101	81	80	101	101	101	101	0	0	101	101	1	1	99	99	97	97	31.64	31.4	45.13	45.11	28954	2952	80.5	101	101	101	2
SRR5935978	TRUE	6975336	13950672	1292119481	92.60000000000001	50	101	48.88508702173185	99	96.4982595653629	30.7255395347375	93768	0	workflow/work/raw/SRR5935978_R1.fastq.gz	workflow/work/raw/SRR5935978_R2.fastq.gz	FASTQ	FASTQ	DNA	DNA	6975336	6975336	648308590	643810891	50	50	92.9	92.3	101	101	91	88	101	101	101	101	0	0	101	101	1	1	99	99	96	97	30.88	30.57	48.91	48.86	14447	79321	89.5	101	101	101	2
SRR5935980	TRUE	12236779	24473558	2255559457	92.14999999999999	50	101	48.1900358941325	99	97	31.410825565047393	33315	0	workflow/work/raw/SRR5935980_R1.fastq.gz	workflow/work/raw/SRR5935980_R2.fastq.gz	FASTQ	FASTQ	DNA	DNA	12236779	12236779	1131827796	1123731661	50	50	92.5	91.8	101	101	89	86	101	101	101	101	0	0	101	101	1	1	99	99	97	97	31.64	31.18	48.2	48.18	30178	3137	87.5	101	101	101	2
SRR5935988	TRUE	13368981	26737962	2461920323	92.1	50	101	47.98002166993363	98	95	29.715119184634958	13791	0	workflow/work/raw/SRR5935988_R1.fastq.gz	workflow/work/raw/SRR5935988_R2.fastq.gz	FASTQ	FASTQ	DNA	DNA	13368981	13368981	1233627644	1228292679	50	50	92.3	91.9	101	101	88	86	101	101	101	101	0	0	101	101	1	1	98	98	95	95	29.77	29.66	47.99	47.97	12270	1521	87	101	101	101	2
SRR5935992	TRUE	7495741	14991482	1364390080	91	50	101	48.16030687499575	98.50383593744687	96	30.697876953085146	17712	0	workflow/work/raw/SRR5935992_R1.fastq.gz	workflow/work/raw/SRR5935992_R2.fastq.gz	FASTQ	FASTQ	DNA	DNA	7495741	7495741	687428755	676961325	50	50	91.7	90.3	101	101	85	81	101	100	101	101	0	0	101	101	1	1	99	98	96	96	31.07	30.32	48.2	48.12	16348	1364	83	100.5	101	101	2
SRR5935996	TRUE	13480452	26960904	2530332749	93.85000000000001	50	101	43.354981113758654	98	95.49811137586474	30.13347021445044	33358	0	workflow/work/raw/SRR5935996_R1.fastq.gz	workflow/work/raw/SRR5935996_R2.fastq.gz	FASTQ	FASTQ	DNA	DNA	13480452	13480452	1269945222	1260387527	50	50	94.2	93.5	101	101	100	93	101	101	101	101	0	0	101	101	1	1	98	98	95	96	29.73	30.54	43.35	43.36	28961	4397	96.5	101	101	101	2
SRR5936002	TRUE	7909356	15818712	1422974506	89.95	50	101	47.25501176622626	98.49882337737398	95.99764675474798	30.56317623492968	16911	0	workflow/work/raw/SRR5936002_R1.fastq.gz	workflow/work/raw/SRR5936002_R2.fastq.gz	FASTQ	FASTQ	DNA	DNA	7909356	7909356	713161557	709812949	50	50	90.2	89.7	101	101	80	79	101	101	101	101	0	0	101	101	1	1	98	99	95	97	29.79	31.34	47.26	47.25	15781	1130	79.5	101	101	101	2
SRR5936005	TRUE	10654784	21309568	1918057914	90	50	101	44.8200195979901	99	97	31.62003919598019	30162	0	workflow/work/raw/SRR5936005_R1.fastq.gz	workflow/work/raw/SRR5936005_R2.fastq.gz	FASTQ	FASTQ	DNA	DNA	10654784	10654784	960908461	957149453	50	50	90.2	89.8	101	101	80	79	101	101	101	101	0	0	101	101	1	1	99	99	97	97	31.64	31.6	44.83	44.81	27280	2882	79.5	101	101	101	2
SRR5936009	TRUE	12061425	24122850	2205597992	91.45	50	101	44.95500819245849	98.49918075415077	95.99836150830156	30.623582704680846	25928	0	workflow/work/raw/SRR5936009_R1.fastq.gz	workflow/work/raw/SRR5936009_R2.fastq.gz	FASTQ	FASTQ	DNA	DNA	12061425	12061425	1104605923	1100992069	50	50	91.6	91.3	101	101	85	84	101	101	101	101	0	0	101	101	1	1	98	99	95	97	29.76	31.49	44.96	44.95	24205	1723	84.5	101	101	101	2
SRR5936018	TRUE	6278407	12556814	1153471101	91.89999999999999	50	101	45.695056257001106	98	95	29.570045005600885	7001	0	workflow/work/raw/SRR5936018_R1.fastq.gz	workflow/work/raw/SRR5936018_R2.fastq.gz	FASTQ	FASTQ	DNA	DNA	6278407	6278407	578033367	575437734	50	50	92.1	91.7	101	101	87	85	101	101	101	101	0	0	101	101	1	1	98	98	95	95	29.59	29.55	45.72	45.67	6220	781	86	101	101	101	2
SRR5936026	TRUE	5514569	11029138	998179287	90.5	50	101	47.6599668534797	98	95	29.755580064105256	5543	0	workflow/work/raw/SRR5936026_R1.fastq.gz	workflow/work/raw/SRR5936026_R2.fastq.gz	FASTQ	FASTQ	DNA	DNA	5514569	5514569	500743952	497435335	50	50	90.8	90.2	101	101	82	80	101	101	101	101	0	0	101	101	1	1	98	98	95	95	29.93	29.58	47.65	47.67	4899	644	81	101	101	101	2
SRR5936030	TRUE	14845742	29691484	2775354121	93.44999999999999	50	101	43.05	99	96.50190451101717	31.220799894627213	40643	0	workflow/work/raw/SRR5936030_R1.fastq.gz	workflow/work/raw/SRR5936030_R2.fastq.gz	FASTQ	FASTQ	DNA	DNA	14845742	14845742	1392962753	1382391368	50	50	93.8	93.1	101	101	98	92	101	101	101	101	0	0	101	101	1	1	99	99	97	96	31.43	31.01	43.05	43.05	37013	3630	95	101	101	101	2
SRR5936038	TRUE	13283964	26567928	2438070080	91.8	50	101	46.05026547620813	99	96	30.68861711333581	165813	0	workflow/work/raw/SRR5936038_R1.fastq.gz	workflow/work/raw/SRR5936038_R2.fastq.gz	FASTQ	FASTQ	DNA	DNA	13283964	13283964	1227125660	1210944420	50	50	92.4	91.2	101	101	88	84	101	101	101	101	0	0	101	101	1	1	99	99	96	96	31.23	30.14	46.09	46.01	21545	144268	86	101	101	101	2
SRR5936051	TRUE	12500069	25000138	2267607905	90.70000000000002	50	101	46.05502815581338	99	97	31.319493195359104	35395	0	workflow/work/raw/SRR5936051_R1.fastq.gz	workflow/work/raw/SRR5936051_R2.fastq.gz	FASTQ	FASTQ	DNA	DNA	12500069	12500069	1135932164	1131675741	50	50	90.9	90.5	101	101	82	81	101	101	101	101	0	0	101	101	1	1	99	99	97	97	31.05	31.59	46.07	46.04	32417	2978	81.5	101	101	101	2
SRR5936053	TRUE	16176497	32352994	3019589971	93.35000000000001	50	101	44.250048278511784	98.49758607441076	95.49758607441076	30.114541354138044	209464	0	workflow/work/raw/SRR5936053_R1.fastq.gz	workflow/work/raw/SRR5936053_R2.fastq.gz	FASTQ	FASTQ	DNA	DNA	16176497	16176497	1517084051	1502505920	50	50	93.8	92.9	101	101	99	90	101	101	101	101	0	0	101	101	1	1	98	99	95	96	30.02	30.21	44.26	44.24	21409	188055	94.5	101	101	101	2
SRR5936062	TRUE	11840387	23680774	2165933759	91.45	50	101	47.1050155830412	99	97	31.36046749123596	32597	0	workflow/work/raw/SRR5936062_R1.fastq.gz	workflow/work/raw/SRR5936062_R2.fastq.gz	FASTQ	FASTQ	DNA	DNA	11840387	11840387	1086342063	1079591696	50	50	91.7	91.2	101	101	86	83	101	101	101	101	0	0	101	101	1	1	99	99	97	97	31.51	31.21	47.11	47.1	29597	3000	84.5	101	101	101	2
SRR5936063	TRUE	9126136	18252272	1671860685	91.60000000000001	50	101	45.930022413607986	98	95	29.81020172247187	9557	0	workflow/work/raw/SRR5936063_R1.fastq.gz	workflow/work/raw/SRR5936063_R2.fastq.gz	FASTQ	FASTQ	DNA	DNA	9126136	9126136	837803964	834056721	50	50	91.8	91.4	101	101	86	84	101	101	101	101	0	0	101	101	1	1	98	98	95	95	29.9	29.72	45.94	45.92	8397	1160	85	101	101	101	2
SRR5936064	TRUE	5421589	10843178	972305968	89.65	50	101	49.0100547138059	99	96.49863215485271	30.8751504629662	66756	0	workflow/work/raw/SRR5936064_R1.fastq.gz	workflow/work/raw/SRR5936064_R2.fastq.gz	FASTQ	FASTQ	DNA	DNA	5421589	5421589	487482948	484823020	50	50	89.9	89.4	101	101	79	78	101	101	101	101	0	0	101	101	1	1	99	99	96	97	30.93	30.82	49.03	48.99	11247	55509	78.5	101	101	101	2
SRR5936069	TRUE	2154281	4308562	401392710	93.19999999999999	50	101	45.910043536316344	98.49782318418289	95.49782318418289	30.104063969198645	26721	0	workflow/work/raw/SRR5936069_R1.fastq.gz	workflow/work/raw/SRR5936069_R2.fastq.gz	FASTQ	FASTQ	DNA	DNA	2154281	2154281	201570113	199822597	50	50	93.6	92.8	101	101	97	90	101	101	101	101	0	0	101	101	1	1	98	99	95	96	29.89	30.32	45.92	45.9	2742	23979	93.5	101	101	101	2
SRR5936075	TRUE	5035188	10070376	915327260	90.89999999999999	50	101	45.800188812600204	99	96	30.83622728190134	12241	0	workflow/work/raw/SRR5936075_R1.fastq.gz	workflow/work/raw/SRR5936075_R2.fastq.gz	FASTQ	FASTQ	DNA	DNA	5035188	5035188	460544052	454783208	50	50	91.5	90.3	101	101	84	81	101	101	101	101	0	0	101	101	1	1	99	99	96	96	31.03	30.64	45.83	45.77	11201	1040	82.5	101	101	101	2
SRR5936076	TRUE	11343395	22686790	2088396289	92.05	50	101	45.7451421850616	99	96.49842016598221	30.75022117676249	147048	0	workflow/work/raw/SRR5936076_R1.fastq.gz	workflow/work/raw/SRR5936076_R2.fastq.gz	FASTQ	FASTQ	DNA	DNA	11343395	11343395	1047497464	1040898825	50	50	92.3	91.8	101	101	88	86	101	101	101	101	0	0	101	101	1	1	99	99	96	97	30.82	30.68	45.79	45.7	18540	128508	87	101	101	101	2
SRR5936079	TRUE	6302577	12605154	1159720045	92	50	101	48.700080494236865	99	96	30.73108667219769	82292	0	workflow/work/raw/SRR5936079_R1.fastq.gz	workflow/work/raw/SRR5936079_R2.fastq.gz	FASTQ	FASTQ	DNA	DNA	6302577	6302577	582193792	577526253	50	50	92.4	91.6	101	101	88	86	101	101	101	101	0	0	101	101	1	1	99	99	96	96	31	30.46	48.72	48.68	12990	69302	87	101	101	101	2
SRR5936080	TRUE	11132309	22264618	2050988194	92.14999999999999	50	101	44.91506314213821	99	96.49909796945423	31.08958506594895	27636	0	workflow/work/raw/SRR5936080_R1.fastq.gz	workflow/work/raw/SRR5936080_R2.fastq.gz	FASTQ	FASTQ	DNA	DNA	11132309	11132309	1027344151	1023644043	50	50	92.3	92	101	101	88	87	101	101	101	101	0	0	101	101	1	1	99	99	96	97	30.86	31.32	44.95	44.88	25093	2543	87.5	101	101	101	2
SRR5936082	TRUE	7711559	15423118	1448688486	93.95	50	101	44.43002593373272	99	96.50129668663632	31.075531641520897	32796	0	workflow/work/raw/SRR5936082_R1.fastq.gz	workflow/work/raw/SRR5936082_R2.fastq.gz	FASTQ	FASTQ	DNA	DNA	7711559	7711559	726222738	722465748	50	50	94.2	93.7	101	101	100	96	101	101	101	101	0	0	101	101	1	1	99	99	97	96	31.28	30.87	44.44	44.42	28677	4119	98	101	101	101	2
SRR5936087	TRUE	10487401	20974802	1939913025	92.5	50	101	44.3	99	96.501133973777	31.08517009606655	44618	0	workflow/work/raw/SRR5936087_R1.fastq.gz	workflow/work/raw/SRR5936087_R2.fastq.gz	FASTQ	FASTQ	DNA	DNA	10487401	10487401	972156323	967756702	50	50	92.7	92.3	101	101	90	88	101	101	101	101	0	0	101	101	1	1	99	99	97	96	31.16	31.01	44.3	44.3	39276	5342	89	101	101	101	2
SRR5936088	TRUE	9067651	18135302	1652195890	91.10000000000001	50	101	44.805015959487704	99	97	31.35044686565586	24452	0	workflow/work/raw/SRR5936088_R1.fastq.gz	workflow/work/raw/SRR5936088_R2.fastq.gz	FASTQ	FASTQ	DNA	DNA	9067651	9067651	828734765	823461125	50	50	91.4	90.8	101	101	84	82	101	101	101	101	0	0	101	101	1	1	99	99	97	97	31.49	31.21	44.81	44.8	22308	2144	83	101	101	101	2
SRR5936092	TRUE	11097376	22194752	2041036963	91.95	50	101	46.495112685477615	98	94.49874793913764	29.524862273305143	10479	0	workflow/work/raw/SRR5936092_R1.fastq.gz	workflow/work/raw/SRR5936092_R2.fastq.gz	FASTQ	FASTQ	DNA	DNA	11097376	11097376	1023073984	1017962979	50	50	92.2	91.7	101	101	87	85	101	101	101	101	0	0	101	101	1	1	98	98	94	95	29.47	29.58	46.54	46.45	9167	1312	86	101	101	101	2
SRR5936109	TRUE	15402011	30804022	2849010794	92.5	50	101	46.52529797910972	98.50331087899697	96	30.636092590068998	36632	0	workflow/work/raw/SRR5936109_R1.fastq.gz	workflow/work/raw/SRR5936109_R2.fastq.gz	FASTQ	FASTQ	DNA	DNA	15402011	15402011	1433938127	1415072667	50	50	93.1	91.9	101	101	92	86	101	101	101	101	0	0	101	101	1	1	99	98	96	96	30.8	30.47	46.57	46.48	33671	2961	89	101	101	101	2
SRR5936119	TRUE	10590156	21180312	1953615210	92.25	50	101	45.44501445778056	98.49855422194425	95.49855422194425	30.33301928406362	21795	0	workflow/work/raw/SRR5936119_R1.fastq.gz	workflow/work/raw/SRR5936119_R2.fastq.gz	FASTQ	FASTQ	DNA	DNA	10590156	10590156	979632099	973983111	50	50	92.5	92	101	101	89	87	101	101	101	101	0	0	101	101	1	1	98	99	95	96	29.65	31.02	45.45	45.44	20376	1419	88	101	101	101	2
SRR5936140	TRUE	9928504	19857008	1853436328	93.35	50	101	48.63018452712663	99	96	30.66110716275979	133226	0	workflow/work/raw/SRR5936140_R1.fastq.gz	workflow/work/raw/SRR5936140_R2.fastq.gz	FASTQ	FASTQ	DNA	DNA	9928504	9928504	930993280	922443048	50	50	93.8	92.9	101	101	99	90	101	101	101	101	0	0	101	101	1	1	99	99	96	96	30.9	30.42	48.67	48.59	17277	115949	94.5	101	101	101	2
SRR5936148	TRUE	7508980	15017960	1394653637	92.85	50	101	46.17548863427945	98	94.5044421298132	29.269042338130006	7151	0	workflow/work/raw/SRR5936148_R1.fastq.gz	workflow/work/raw/SRR5936148_R2.fastq.gz	FASTQ	FASTQ	DNA	DNA	7508980	7508980	703522051	691131586	50	50	93.7	92	101	101	97	87	101	101	101	101	0	0	101	101	1	1	98	98	95	94	29.72	28.81	46.23	46.12	6321	830	92	101	101	101	2
SRR5936153	TRUE	9754730	19509460	1839425872	94.3	50	101	42.830039530671556	98.50197653357786	96	30.530395306715572	36134	0	workflow/work/raw/SRR5936153_R1.fastq.gz	workflow/work/raw/SRR5936153_R2.fastq.gz	FASTQ	FASTQ	DNA	DNA	9754730	9754730	923348623	916077249	50	50	94.7	93.9	101	101	100	98	101	101	101	101	0	0	101	101	1	1	99	98	96	96	30.63	30.43	42.84	42.82	31938	4196	99	101	101	101	2
SRR5936157	TRUE	10425777	20851554	1921794364	92.15	50	101	44.67501346163799	99	97	31.22997307672404	27743	0	workflow/work/raw/SRR5936157_R1.fastq.gz	workflow/work/raw/SRR5936157_R2.fastq.gz	FASTQ	FASTQ	DNA	DNA	10425777	10425777	963484232	958310132	50	50	92.4	91.9	101	101	89	86	101	101	101	101	0	0	101	101	1	1	99	99	97	97	31.22	31.24	44.68	44.67	25257	2486	87.5	101	101	101	2
SRR5936163	TRUE	7874708	15749416	1433094814	91	50	101	46.37500608669427	99	96.4993913305725	31.409500891069445	22144	0	workflow/work/raw/SRR5936163_R1.fastq.gz	workflow/work/raw/SRR5936163_R2.fastq.gz	FASTQ	FASTQ	DNA	DNA	7874708	7874708	717419688	715675126	50	50	91.1	90.9	101	101	83	82	101	101	101	101	0	0	101	101	1	1	99	99	96	97	31	31.82	46.38	46.37	20160	1984	82.5	101	101	101	2
SRR5936166	TRUE	9159203	18318406	1664608053	90.85	50	101	47.28002782459806	99	97	31.274735666318445	25440	0	workflow/work/raw/SRR5936166_R1.fastq.gz	workflow/work/raw/SRR5936166_R2.fastq.gz	FASTQ	FASTQ	DNA	DNA	9159203	9159203	834619879	829988174	50	50	91.1	90.6	101	101	83	81	101	101	101	101	0	0	101	101	1	1	99	99	97	97	31.18	31.37	47.29	47.27	23215	2225	82	101	101	101	2
SRR5936167	TRUE	11924179	23848358	2210269424	92.70000000000002	50	101	46.749966209639794	98	95	29.695557540943483	12028	0	workflow/work/raw/SRR5936167_R1.fastq.gz	workflow/work/raw/SRR5936167_R2.fastq.gz	FASTQ	FASTQ	DNA	DNA	11924179	11924179	1108869002	1101400422	50	50	93	92.4	101	101	91	88	101	101	101	101	0	0	101	101	1	1	98	98	95	95	29.86	29.53	46.74	46.76	10640	1388	89.5	101	101	101	2
SRR5936176	TRUE	13425583	26851166	2460750246	91.64999999999999	50	101	45.38	99	97	31.36560872144681	36187	0	workflow/work/raw/SRR5936176_R1.fastq.gz	workflow/work/raw/SRR5936176_R2.fastq.gz	FASTQ	FASTQ	DNA	DNA	13425583	13425583	1234654870	1226095376	50	50	92	91.3	101	101	86	84	101	101	101	101	0	0	101	101	1	1	99	99	97	97	31.54	31.19	45.38	45.38	33063	3124	85	101	101	101	2
SRR5936179	TRUE	4338539	8677078	799854859	92.15	50	101	44.1	99	97	31.199897957136745	11523	0	workflow/work/raw/SRR5936179_R1.fastq.gz	workflow/work/raw/SRR5936179_R2.fastq.gz	FASTQ	FASTQ	DNA	DNA	4338539	4338539	400947673	398907186	50	50	92.4	91.9	101	101	89	87	101	101	101	101	0	0	101	101	1	1	99	99	97	97	31.16	31.24	44.1	44.1	10513	1010	88	101	101	101	2
SRR5936180	TRUE	3071274	6142548	579612209	94.35	50	101	48.86007554281866	98.5018885704666	96	30.53	10713	0	workflow/work/raw/SRR5936180_R1.fastq.gz	workflow/work/raw/SRR5936180_R2.fastq.gz	FASTQ	FASTQ	DNA	DNA	3071274	3071274	290900743	288711466	50	50	94.7	94	101	101	100	98	101	101	101	101	0	0	101	101	1	1	99	98	96	96	30.53	30.53	48.88	48.84	9193	1520	99	101	101	101	2
SRR5936182	TRUE	6535432	13070864	1236209701	94.55	50	101	43.87503632062179	99	96.50121068739291	30.90024213747859	24703	0	workflow/work/raw/SRR5936182_R1.fastq.gz	workflow/work/raw/SRR5936182_R2.fastq.gz	FASTQ	FASTQ	DNA	DNA	6535432	6535432	619601514	616608187	50	50	94.8	94.3	101	101	100	100	101	101	101	101	0	0	101	101	1	1	99	99	97	96	31	30.8	43.89	43.86	21854	2849	100	101	101	101	2
SRR5936186	TRUE	11929917	23859834	2185986172	91.60000000000001	50	101	43.45515517380866	99	96	30.87130345999279	29120	0	workflow/work/raw/SRR5936186_R1.fastq.gz	workflow/work/raw/SRR5936186_R2.fastq.gz	FASTQ	FASTQ	DNA	DNA	11929917	11929917	1099777242	1086208930	50	50	92.2	91	101	101	87	83	101	101	101	101	0	0	101	101	1	1	99	99	96	96	31.08	30.66	43.48	43.43	26621	2499	85	101	101	101	2
SRR5936199	TRUE	16213174	32426348	3013219949	92.89999999999999	50	101	45.129999999999995	98	95	29.734970896384436	16573	0	workflow/work/raw/SRR5936199_R1.fastq.gz	workflow/work/raw/SRR5936199_R2.fastq.gz	FASTQ	FASTQ	DNA	DNA	16213174	16213174	1509533161	1503686788	50	50	93.1	92.7	101	101	92	90	101	101	101	101	0	0	101	101	1	1	98	98	95	95	29.72	29.75	45.13	45.13	14698	1875	91	101	101	101	2
SRR5936207	TRUE	15409320	30818640	2841790997	92.2	50	101	48.640060336706746	99	96	30.794467025757136	36538	0	workflow/work/raw/SRR5936207_R1.fastq.gz	workflow/work/raw/SRR5936207_R2.fastq.gz	FASTQ	FASTQ	DNA	DNA	15409320	15409320	1423753237	1418037760	50	50	92.4	92	101	101	89	87	101	101	101	101	0	0	101	101	1	1	99	99	96	96	30.53	31.06	48.67	48.61	33296	3242	88	101	101	101	2
SRR5936216	TRUE	7304427	14608854	1347253827	92.20000000000002	50	101	44.71	99	97	31.2948475330848	19698	0	workflow/work/raw/SRR5936216_R1.fastq.gz	workflow/work/raw/SRR5936216_R2.fastq.gz	FASTQ	FASTQ	DNA	DNA	7304427	7304427	675207003	672046824	50	50	92.4	92	101	101	89	87	101	101	101	101	0	0	101	101	1	1	99	99	97	97	31.23	31.36	44.71	44.71	17976	1722	88	101	101	101	2
SRR5936219	TRUE	8328916	16657832	1567742349	94.14999999999999	50	101	43.40508947444399	99	96	30.765411582442365	31496	0	workflow/work/raw/SRR5936219_R1.fastq.gz	workflow/work/raw/SRR5936219_R2.fastq.gz	FASTQ	FASTQ	DNA	DNA	8328916	8328916	786676632	781065717	50	50	94.5	93.8	101	101	100	97	101	101	101	101	0	0	101	101	1	1	99	99	96	96	30.88	30.65	43.43	43.38	27203	4293	98.5	101	101	101	2
SRR5936222	TRUE	15910554	31821108	2966619921	93.25	50	101	45.950150366532235	99	96	30.860651588306382	39231	0	workflow/work/raw/SRR5936222_R1.fastq.gz	workflow/work/raw/SRR5936222_R2.fastq.gz	FASTQ	FASTQ	DNA	DNA	15910554	15910554	1490744633	1475875288	50	50	93.7	92.8	101	101	98	90	101	101	101	101	0	0	101	101	1	1	99	99	96	96	30.99	30.73	45.98	45.92	35593	3638	94	101	101	101	2
SRR5936224	TRUE	13287987	26575974	2434919894	91.60000000000001	50	101	45.13003585337662	98.49820733116898	95.49820733116898	30.578314891298845	29491	0	workflow/work/raw/SRR5936224_R1.fastq.gz	workflow/work/raw/SRR5936224_R2.fastq.gz	FASTQ	FASTQ	DNA	DNA	13287987	13287987	1221824952	1213094942	50	50	91.9	91.3	101	101	86	84	101	101	101	101	0	0	101	101	1	1	98	99	95	96	30.11	31.05	45.14	45.12	27467	2024	85	101	101	101	2
SRR5936237	TRUE	2856587	5713174	540192493	94.55000000000001	50	101	43.10003685332592	98	96	30.385128986640698	10093	0	workflow/work/raw/SRR5936237_R1.fastq.gz	workflow/work/raw/SRR5936237_R2.fastq.gz	FASTQ	FASTQ	DNA	DNA	2856587	2856587	271091641	269100852	50	50	94.9	94.2	101	101	100	99	101	101	101	101	0	0	101	101	1	1	98	98	96	96	30.42	30.35	43.11	43.09	8899	1194	99.5	101	101	101	2
SRR5936239	TRUE	11737943	23475886	2163230953	92.14999999999998	50	101	47.80003883816931	99	96.50194190846528	31.23587385880938	31805	0	workflow/work/raw/SRR5936239_R1.fastq.gz	workflow/work/raw/SRR5936239_R2.fastq.gz	FASTQ	FASTQ	DNA	DNA	11737943	11737943	1085816273	1077414680	50	50	92.5	91.8	101	101	89	86	101	101	101	101	0	0	101	101	1	1	99	99	97	96	31.46	31.01	47.81	47.79	28939	2866	87.5	101	101	101	2
SRR5946605	TRUE	6810925	13621850	1244497796	91.35	50	101	42.05501437636937	98.50143763693737	96	30.48504312910812	35713	0	workflow/work/raw/SRR5946605_R1.fastq.gz	workflow/work/raw/SRR5946605_R2.fastq.gz	FASTQ	FASTQ	DNA	DNA	6810925	6810925	624038034	620459762	50	50	91.6	91.1	101	101	85	83	101	101	101	101	0	0	101	101	1	1	99	98	96	96	30.5	30.47	42.06	42.05	30796	4917	84	101	101	101	2
SRR5946606	TRUE	8539908	17079816	1609858649	94.25	50	101	44.61997331163824	98.50133441808778	96	30.580266883617558	18185	0	workflow/work/raw/SRR5946606_R1.fastq.gz	workflow/work/raw/SRR5946606_R2.fastq.gz	FASTQ	FASTQ	DNA	DNA	8539908	8539908	807077549	802781100	50	50	94.5	94	101	101	100	99	101	101	101	101	0	0	101	101	1	1	99	98	96	96	30.68	30.48	44.61	44.63	13903	4282	99.5	101	101	101	2
SRR5946607	TRUE	10316523	20633046	1902695856	92.25	50	101	46.25521000119316	98	95	29.941020005795398	43217	0	workflow/work/raw/SRR5946607_R1.fastq.gz	workflow/work/raw/SRR5946607_R2.fastq.gz	FASTQ	FASTQ	DNA	DNA	10316523	10316523	957056048	945639808	50	50	92.8	91.7	101	101	90	85	101	101	101	101	0	0	101	101	1	1	98	98	95	95	30.11	29.77	46.29	46.22	36340	6877	87.5	101	101	101	2
SRR5946615	TRUE	8471088	16942176	1623770478	95.85	50	101	46.34500744578139	99	98.50074457813858	34.02038718063206	29795	0	workflow/work/raw/SRR5946615_R1.fastq.gz	workflow/work/raw/SRR5946615_R2.fastq.gz	FASTQ	FASTQ	DNA	DNA	8471088	8471088	813094263	810676215	50	50	96	95.7	101	101	101	101	101	101	101	101	0	0	101	101	1	1	99	99	99	98	34.28	33.76	46.35	46.34	23655	6140	101	101	101	101	2
SRR5946617	TRUE	13580036	27160072	2557707652	94.2	50	101	46.4901864163481	98	94.99689306086496	29.768819363128685	22060	0	workflow/work/raw/SRR5946617_R1.fastq.gz	workflow/work/raw/SRR5946617_R2.fastq.gz	FASTQ	FASTQ	DNA	DNA	13580036	13580036	1282827147	1274880505	50	50	94.5	93.9	101	101	100	98	101	101	101	101	0	0	101	101	1	1	98	98	94	96	29.39	30.15	46.55	46.43	16166	5894	99	101	101	101	2
SRR5946621	TRUE	14845079	29690158	2743733701	92.39999999999999	50	101	45.00511156721765	98	96	30.189458102085688	83195	0	workflow/work/raw/SRR5946621_R1.fastq.gz	workflow/work/raw/SRR5946621_R2.fastq.gz	FASTQ	FASTQ	DNA	DNA	14845079	14845079	1376239861	1367493840	50	50	92.7	92.1	101	101	89	87	101	101	101	101	0	0	101	101	1	1	98	98	96	96	30.02	30.36	45.04	44.97	72173	11022	88	101	101	101	2
SRR5946627	TRUE	11999861	23999722	2254198381	93.9	50	101	43.309990865537756	98.49954327688783	96	30.59477620567504	24988	0	workflow/work/raw/SRR5946627_R1.fastq.gz	workflow/work/raw/SRR5946627_R2.fastq.gz	FASTQ	FASTQ	DNA	DNA	11999861	11999861	1128128735	1126069646	50	50	94	93.8	101	101	99	98	101	101	101	101	0	0	101	101	1	1	98	99	96	96	30.35	30.84	43.3	43.32	19269	5719	98.5	101	101	101	2
SRR5946628	TRUE	18444992	36889984	3465707205	93.95	50	101	45.90046975584599	98	95	29.831644145460924	82681	0	workflow/work/raw/SRR5946628_R1.fastq.gz	workflow/work/raw/SRR5946628_R2.fastq.gz	FASTQ	FASTQ	DNA	DNA	18444992	18444992	1746420571	1719286634	50	50	94.7	93.2	101	101	100	91	101	101	101	101	0	0	101	101	1	1	98	98	95	95	30.04	29.62	45.96	45.84	69959	12722	95.5	101	101	101	2
SRR5946630	TRUE	11218266	22436532	2033977699	90.65	50	101	45.40498718794949	97.49871879494978	93.99743758989955	29.038590674444755	8204	0	workflow/work/raw/SRR5946630_R1.fastq.gz	workflow/work/raw/SRR5946630_R2.fastq.gz	FASTQ	FASTQ	DNA	DNA	11218266	11218266	1019594792	1014382907	50	50	90.9	90.4	101	101	82	80	101	101	101	101	0	0	101	101	1	1	97	98	93	95	28.49	29.59	45.4	45.41	7087	1117	81	101	101	101	2
SRR5946632	TRUE	6685638	13371276	1188635982	88.9	50	101	45.770156593543206	99	96	31.000521978477337	16471	0	workflow/work/raw/SRR5946632_R1.fastq.gz	workflow/work/raw/SRR5946632_R2.fastq.gz	FASTQ	FASTQ	DNA	DNA	6685638	6685638	597420203	591215779	50	50	89.4	88.4	101	101	77	75	101	100	101	101	0	0	101	101	1	1	99	99	96	96	31.1	30.9	45.8	45.74	15073	1398	76	100.5	101	101	2
SRR5946639	TRUE	17089704	34179408	3095114279	90.54999999999998	50	101	44.59499503720264	98	94.50009925594738	29.625066501484746	18563	0	workflow/work/raw/SRR5946639_R1.fastq.gz	workflow/work/raw/SRR5946639_R2.fastq.gz	FASTQ	FASTQ	DNA	DNA	17089704	17089704	1547249931	1547864348	50	50	90.5	90.6	101	101	81	81	101	101	101	101	0	0	101	101	1	1	98	98	94	95	29.29	29.96	44.62	44.57	16461	2102	81	101	101	101	2
SRR5946645	TRUE	7912057	15824114	1496643589	94.55	50	101	48.8	99	98.50069472552292	33.940319573740545	27929	0	workflow/work/raw/SRR5946645_R1.fastq.gz	workflow/work/raw/SRR5946645_R2.fastq.gz	FASTQ	FASTQ	DNA	DNA	7912057	7912057	749361551	747282038	50	50	94.7	94.4	101	101	101	100	101	101	101	101	0	0	101	101	1	1	99	99	99	98	34.17	33.71	48.8	48.8	22112	5817	100.5	101	101	101	2
SRR5946646	TRUE	10696320	21392640	1984054794	92.75	50	101	46.595017297213815	98	94.49980780873534	29.404921201581494	28372	0	workflow/work/raw/SRR5946646_R1.fastq.gz	workflow/work/raw/SRR5946646_R2.fastq.gz	FASTQ	FASTQ	DNA	DNA	10696320	10696320	992408715	991646079	50	50	92.8	92.7	101	101	90	89	101	101	101	101	0	0	101	101	1	1	98	98	94	95	29.2	29.61	46.64	46.55	17607	10765	89.5	101	101	101	2
SRR5946648	TRUE	11828001	23656002	2261136099	95.6	50	101	43.3250101297286	99	98.50101297285953	34.13608388095971	41777	0	workflow/work/raw/SRR5946648_R1.fastq.gz	workflow/work/raw/SRR5946648_R2.fastq.gz	FASTQ	FASTQ	DNA	DNA	11828001	11828001	1132858519	1128277580	50	50	95.8	95.4	101	101	101	101	101	101	101	101	0	0	101	101	1	1	99	99	99	98	34.67	33.6	43.33	43.32	33036	8741	101	101	101	101	2
SRR5946650	TRUE	11697479	23394958	2145085800	91.64999999999999	50	101	50.17009799824324	98	95	29.880048999121623	63529	0	workflow/work/raw/SRR5946650_R1.fastq.gz	workflow/work/raw/SRR5946650_R2.fastq.gz	FASTQ	FASTQ	DNA	DNA	11697479	11697479	1077798266	1067287534	50	50	92.1	91.2	101	101	87	83	101	101	101	101	0	0	101	101	1	1	98	98	95	95	29.89	29.87	50.19	50.15	55479	8050	85	101	101	101	2
SRR5946655	TRUE	397590	795180	72040893	90.6	50	101	42.74528780966109	100	100	30	313	0	workflow/work/raw/SRR5946655_R1.fastq.gz	workflow/work/raw/SRR5946655_R2.fastq.gz	FASTQ	FASTQ	DNA	DNA	397590	397590	36208938	35831955	50	50	91.1	90.1	101	101	83	80	101	101	101	101	0	0	101	101	1	1	100	100	100	100	30	30	42.8	42.69	268	45	81.5	101	101	101	2
SRR5946657	TRUE	11284554	22569108	2140527624	94.85000000000001	50	101	44.97500910116262	99	98.50091011626206	34.070764497660136	40232	0	workflow/work/raw/SRR5946657_R1.fastq.gz	workflow/work/raw/SRR5946657_R2.fastq.gz	FASTQ	FASTQ	DNA	DNA	11284554	11284554	1072211941	1068315683	50	50	95	94.7	101	101	101	100	101	101	101	101	0	0	101	101	1	1	99	99	99	98	34.49	33.65	44.98	44.97	31878	8354	100.5	101	101	101	2
SRR5946659	TRUE	10986101	21972202	2011063669	91.5	50	101	46.43499789677718	98.50007010742732	96.00014021485462	30.570070107427316	25908	0	workflow/work/raw/SRR5946659_R1.fastq.gz	workflow/work/raw/SRR5946659_R2.fastq.gz	FASTQ	FASTQ	DNA	DNA	10986101	10986101	1005390844	1005672825	50	50	91.5	91.5	101	101	84	84	101	101	101	101	0	0	101	101	1	1	98	99	95	97	30.07	31.07	46.45	46.42	19938	5970	84	101	101	101	2
SRR5946660	TRUE	9366380	18732760	1787316030	95.45	50	101	48.04500814315978	99	98.50081431597746	33.9654804464267	33573	0	workflow/work/raw/SRR5946660_R1.fastq.gz	workflow/work/raw/SRR5946660_R2.fastq.gz	FASTQ	FASTQ	DNA	DNA	9366380	9366380	895113455	892202575	50	50	95.6	95.3	101	101	101	100	101	101	101	101	0	0	101	101	1	1	99	99	99	98	34.26	33.67	48.05	48.04	26540	7033	100.5	101	101	101	2
SRR5946662	TRUE	11534988	23069976	2107274979	91.35	50	101	50.02500425165918	98	94.49957483408244	29.50491071515731	29489	0	workflow/work/raw/SRR5946662_R1.fastq.gz	workflow/work/raw/SRR5946662_R2.fastq.gz	FASTQ	FASTQ	DNA	DNA	11534988	11534988	1054533431	1052741548	50	50	91.4	91.3	101	101	84	83	101	101	101	101	0	0	101	101	1	1	98	98	94	95	29.4	29.61	50.03	50.02	18165	11324	83.5	101	101	101	2
SRR5946664	TRUE	7862384	15724768	1449208940	92.15	50	101	44.6951726502736	98	95.49753356751995	29.99950671350399	33141	0	workflow/work/raw/SRR5946664_R1.fastq.gz	workflow/work/raw/SRR5946664_R2.fastq.gz	FASTQ	FASTQ	DNA	DNA	7862384	7862384	728178846	721030094	50	50	92.6	91.7	101	101	89	85	101	101	101	101	0	0	101	101	1	1	98	98	95	96	29.9	30.1	44.73	44.66	27543	5598	87	101	101	101	2
SRR5946668	TRUE	14188261	28376522	2679057527	94.4	50	101	44.790303621158486	98	95	29.7998785515366	58618	0	workflow/work/raw/SRR5946668_R1.fastq.gz	workflow/work/raw/SRR5946668_R2.fastq.gz	FASTQ	FASTQ	DNA	DNA	14188261	14188261	1347662949	1331394578	50	50	95	93.8	101	101	100	97	101	101	101	101	0	0	101	101	1	1	98	98	95	95	29.78	29.82	44.84	44.74	48862	9756	98.5	101	101	101	2
SRR5946670	TRUE	16419699	32839398	3027648631	92.20000000000002	50	101	45.285413677700966	98	94.5037607063724	29.397519673269514	15738	0	workflow/work/raw/SRR5946670_R1.fastq.gz	workflow/work/raw/SRR5946670_R2.fastq.gz	FASTQ	FASTQ	DNA	DNA	16419699	16419699	1525210413	1502438218	50	50	92.9	91.5	101	101	90	84	101	101	101	101	0	0	101	101	1	1	98	98	95	94	29.73	29.06	45.34	45.23	13855	1883	87	101	101	101	2
SRR5946671	TRUE	8662942	17325884	1593714504	92	50	101	47.07510843172323	98	95.49845097538248	30.044333919414466	47537	0	workflow/work/raw/SRR5946671_R1.fastq.gz	workflow/work/raw/SRR5946671_R2.fastq.gz	FASTQ	FASTQ	DNA	DNA	8662942	8662942	799325955	794388549	50	50	92.3	91.7	101	101	87	85	101	101	101	101	0	0	101	101	1	1	98	98	95	96	29.83	30.26	47.11	47.04	41353	6184	86	101	101	101	2
SRR5946672	TRUE	14400785	28801570	2643562653	91.8	50	101	43.49	97.49854838980433	93.49854838980433	28.9435919381102	10247	0	workflow/work/raw/SRR5946672_R1.fastq.gz	workflow/work/raw/SRR5946672_R2.fastq.gz	FASTQ	FASTQ	DNA	DNA	14400785	14400785	1325618749	1317943904	50	50	92.1	91.5	101	101	87	84	101	101	101	101	0	0	101	101	1	1	97	98	93	94	28.46	29.43	43.49	43.49	8885	1362	85.5	101	101	101	2
SRR5946674	TRUE	8935028	17870056	1694609004	94.85	50	101	45.515007808580016	99	98.50078085800139	34.07549194054087	31969	0	workflow/work/raw/SRR5946674_R1.fastq.gz	workflow/work/raw/SRR5946674_R2.fastq.gz	FASTQ	FASTQ	DNA	DNA	8935028	8935028	848627751	845981253	50	50	95	94.7	101	101	101	100	101	101	101	101	0	0	101	101	1	1	99	99	99	98	34.39	33.76	45.52	45.51	25492	6477	100.5	101	101	101	2
SRR5946679	TRUE	8549155	17098310	1597697418	93.45	50	101	45.64039320496668	98	94	29.150851944094462	7626	0	workflow/work/raw/SRR5946679_R1.fastq.gz	workflow/work/raw/SRR5946679_R2.fastq.gz	FASTQ	FASTQ	DNA	DNA	8549155	8549155	804083897	793613521	50	50	94.1	92.8	101	101	99	90	101	101	101	101	0	0	101	101	1	1	98	98	94	94	29.28	29.02	45.7	45.58	6648	978	94.5	101	101	101	2
SRR5946685	TRUE	10938449	21876898	2081552683	95.14999999999999	50	101	44.95500740643517	99	98.50074064351702	34.075392541064026	38971	0	workflow/work/raw/SRR5946685_R1.fastq.gz	workflow/work/raw/SRR5946685_R2.fastq.gz	FASTQ	FASTQ	DNA	DNA	10938449	10938449	1042318030	1039234653	50	50	95.3	95	101	101	101	100	101	101	101	101	0	0	101	101	1	1	99	99	99	98	34.34	33.81	44.96	44.95	30942	8029	100.5	101	101	101	2
SRR5946686	TRUE	6801905	13603810	1257894169	92.5	50	101	47.81004197981937	98	95.49790100903155	30.03430733298041	31349	0	workflow/work/raw/SRR5946686_R1.fastq.gz	workflow/work/raw/SRR5946686_R2.fastq.gz	FASTQ	FASTQ	DNA	DNA	6801905	6801905	631587393	626306776	50	50	92.9	92.1	101	101	89	86	101	101	101	101	0	0	101	101	1	1	98	98	95	96	29.87	30.2	47.82	47.8	26715	4634	87.5	101	101	101	2
SRR5946688	TRUE	18650238	37300476	3531653936	94.64999999999999	50	101	45.48507942541797	98	95.49911749535586	30.22954109758505	33913	0	workflow/work/raw/SRR5946688_R1.fastq.gz	workflow/work/raw/SRR5946688_R2.fastq.gz	FASTQ	FASTQ	DNA	DNA	18650238	18650238	1768943669	1762710267	50	50	94.8	94.5	101	101	100	100	101	101	101	101	0	0	101	101	1	1	98	98	95	96	29.97	30.49	45.53	45.44	25222	8691	100	101	101	101	2
SRR5946691	TRUE	23305196	46610392	4375797865	93.9	50	101	44.22	98.50163550299186	96	30.570654201196746	49901	0	workflow/work/raw/SRR5946691_R1.fastq.gz	workflow/work/raw/SRR5946691_R2.fastq.gz	FASTQ	FASTQ	DNA	DNA	23305196	23305196	2195055563	2180742302	50	50	94.2	93.6	101	101	100	95	101	101	101	101	0	0	101	101	1	1	99	98	96	96	30.77	30.37	44.22	44.22	38170	11731	97.5	101	101	101	2
SRR5946693	TRUE	13889900	27779800	2584744087	93.05	50	101	44.300091953648796	98	95.49846743918675	30.059570882972288	76660	0	workflow/work/raw/SRR5946693_R1.fastq.gz	workflow/work/raw/SRR5946693_R2.fastq.gz	FASTQ	FASTQ	DNA	DNA	13889900	13889900	1296333321	1288410766	50	50	93.3	92.8	101	101	92	90	101	101	101	101	0	0	101	101	1	1	98	98	95	96	29.92	30.2	44.33	44.27	66411	10249	91	101	101	101	2
SRR5946694	TRUE	10930389	21860778	2089198010	95.55000000000001	50	101	44.93	99	98.50076469247642	34.190458815485854	39529	0	workflow/work/raw/SRR5946694_R1.fastq.gz	workflow/work/raw/SRR5946694_R2.fastq.gz	FASTQ	FASTQ	DNA	DNA	10930389	10930389	1046196599	1043001411	50	50	95.7	95.4	101	101	101	101	101	101	101	101	0	0	101	101	1	1	99	99	99	98	34.49	33.89	44.93	44.93	31368	8161	101	101	101	101	2
SRR5946701	TRUE	18371772	36743544	3400024909	92.5	50	101	43.6350275367468	98.50275367467903	95.50275367467903	30.326900035528535	91158	0	workflow/work/raw/SRR5946701_R1.fastq.gz	workflow/work/raw/SRR5946701_R2.fastq.gz	FASTQ	FASTQ	DNA	DNA	18371772	18371772	1709375017	1690649892	50	50	93	92	101	101	91	87	101	101	101	101	0	0	101	101	1	1	99	98	96	95	30.67	29.98	43.64	43.63	78263	12895	89	101	101	101	2
SRR5946703	TRUE	16684770	33369540	3055382711	91.55	50	101	46.595368618226104	98	94	29.135311907729783	37385	0	workflow/work/raw/SRR5946703_R1.fastq.gz	workflow/work/raw/SRR5946703_R2.fastq.gz	FASTQ	FASTQ	DNA	DNA	16684770	16684770	1536354969	1519027742	50	50	92.1	91	101	101	87	83	101	101	101	101	0	0	101	101	1	1	98	98	94	94	29.19	29.08	46.66	46.53	21961	15424	85	101	101	101	2
SRR5946706	TRUE	11707518	23415036	2106776239	89.94999999999999	50	101	45.84	98	95	29.7548838877046	11644	0	workflow/work/raw/SRR5946706_R1.fastq.gz	workflow/work/raw/SRR5946706_R2.fastq.gz	FASTQ	FASTQ	DNA	DNA	11707518	11707518	1055018937	1051757302	50	50	90.1	89.8	101	101	79	79	101	101	101	101	0	0	101	101	1	1	98	98	95	95	29.68	29.83	45.84	45.84	10282	1362	79	101	101	101	2
SRR5946707	TRUE	11137969	22275938	2016941020	90.55000000000001	50	101	45.18007530532549	98	94.49905868343141	29.429755257692168	10350	0	workflow/work/raw/SRR5946707_R1.fastq.gz	workflow/work/raw/SRR5946707_R2.fastq.gz	FASTQ	FASTQ	DNA	DNA	11137969	11137969	1010369090	1006571930	50	50	90.7	90.4	101	101	81	80	101	101	101	101	0	0	101	101	1	1	98	98	94	95	29.3	29.56	45.22	45.14	8975	1375	80.5	101	101	101	2
SRR5946711	TRUE	7922073	15844146	1405490142	88.69999999999999	50	101	46.94004807598287	98	94.49919873361873	29.609711544102737	7313	0	workflow/work/raw/SRR5946711_R1.fastq.gz	workflow/work/raw/SRR5946711_R2.fastq.gz	FASTQ	FASTQ	DNA	DNA	7922073	7922073	703871243	701618899	50	50	88.8	88.6	101	101	76	75	101	101	101	101	0	0	101	101	1	1	98	98	94	95	29.43	29.79	46.97	46.91	6343	970	75.5	101	101	101	2
SRR5946713	TRUE	7753130	15506260	1374484392	88.65	50	101	44.03000423654138	98	95	29.929927978796577	8224	0	workflow/work/raw/SRR5946713_R1.fastq.gz	workflow/work/raw/SRR5946713_R2.fastq.gz	FASTQ	FASTQ	DNA	DNA	7753130	7753130	687533349	686951043	50	50	88.7	88.6	101	101	75	75	101	101	101	101	0	0	101	101	1	1	98	98	95	95	29.76	30.1	44.04	44.02	7182	1042	75	101	101	101	2
SRR5946714	TRUE	12422434	24844868	2280189539	91.75	50	101	43.45998217429328	97.49910871466375	93.99821742932748	28.983885893329678	9026	0	workflow/work/raw/SRR5946714_R1.fastq.gz	workflow/work/raw/SRR5946714_R2.fastq.gz	FASTQ	FASTQ	DNA	DNA	12422434	12422434	1142127069	1138062470	50	50	91.9	91.6	101	101	86	85	101	101	101	101	0	0	101	101	1	1	97	98	93	95	28.36	29.61	43.45	43.47	7722	1304	85.5	101	101	101	2
SRR5946715	TRUE	4184631	8369262	773906376	92.5	50	101	43.42484701637863	97.5016998180152	94.0033996360304	29.382209763419755	10986	0	workflow/work/raw/SRR5946715_R1.fastq.gz	workflow/work/raw/SRR5946715_R2.fastq.gz	FASTQ	FASTQ	DNA	DNA	4184631	4184631	385637688	388268688	50	50	92.2	92.8	101	101	87	90	101	101	101	101	0	0	101	101	1	1	97	98	93	95	28.73	30.03	43.47	43.38	6743	4243	88.5	101	101	101	2
SRR5946716	TRUE	15236470	30472940	2875125462	94.35	50	101	44.905011643697094	98.50116436970985	96	30.650209586547774	35029	0	workflow/work/raw/SRR5946716_R1.fastq.gz	workflow/work/raw/SRR5946716_R2.fastq.gz	FASTQ	FASTQ	DNA	DNA	15236470	15236470	1440910440	1434215022	50	50	94.6	94.1	101	101	100	99	101	101	101	101	0	0	101	101	1	1	99	98	96	96	30.74	30.56	44.91	44.9	26812	8217	99.5	101	101	101	2
SRR5946720	TRUE	307328	614656	57173063	93.05	50	101	45.8350117568478	98	94.49976486304398	29.33483305276123	320	0	workflow/work/raw/SRR5946720_R1.fastq.gz	workflow/work/raw/SRR5946720_R2.fastq.gz	FASTQ	FASTQ	DNA	DNA	307328	307328	28599975	28573088	50	50	93.1	93	101	101	91	91	101	101	101	101	0	0	101	101	1	1	98	98	94	95	28.98	29.69	45.86	45.81	289	31	91	101	101	101	2
SRR5946723	TRUE	7756364	15512728	1396638288	90	50	101	46.49501132020376	98	95	29.719683034294704	8236	0	workflow/work/raw/SRR5946723_R1.fastq.gz	workflow/work/raw/SRR5946723_R2.fastq.gz	FASTQ	FASTQ	DNA	DNA	7756364	7756364	699900167	696738121	50	50	90.2	89.8	101	101	80	79	101	101	101	101	0	0	101	101	1	1	98	98	95	95	29.58	29.86	46.5	46.49	7379	857	79.5	101	101	101	2
SRR5946725	TRUE	14992107	29984214	2743786973	91.5	50	101	43.76501725463947	98	95	29.76079371341559	15862	0	workflow/work/raw/SRR5946725_R1.fastq.gz	workflow/work/raw/SRR5946725_R2.fastq.gz	FASTQ	FASTQ	DNA	DNA	14992107	14992107	1376627792	1367159181	50	50	91.8	91.2	101	101	86	83	101	101	101	101	0	0	101	101	1	1	98	98	95	95	29.99	29.53	43.77	43.76	14033	1829	84.5	101	101	101	2
SRR5946731	TRUE	8937765	17875530	1577664845	88.25	50	101	47.65510314550363	98	94.49852649280525	29.56448427248184	7882	0	workflow/work/raw/SRR5946731_R1.fastq.gz	workflow/work/raw/SRR5946731_R2.fastq.gz	FASTQ	FASTQ	DNA	DNA	8937765	8937765	791157123	786507722	50	50	88.5	88	101	101	75	74	101	101	101	101	0	0	101	101	1	1	98	98	94	95	29.39	29.74	47.69	47.62	6953	929	74.5	101	101	101	2
SRR5946733	TRUE	16170277	32340554	2948203784	91.14999999999999	50	101	46.6649867773048	98	94.50026445390384	29.72520891858403	17569	0	workflow/work/raw/SRR5946733_R1.fastq.gz	workflow/work/raw/SRR5946733_R2.fastq.gz	FASTQ	FASTQ	DNA	DNA	16170277	16170277	1473322228	1474881556	50	50	91.1	91.2	101	101	83	83	101	101	101	101	0	0	101	101	1	1	98	98	94	95	29.33	30.12	46.69	46.64	15566	2003	83	101	101	101	2
SRR5946737	TRUE	20950066	41900132	3891199550	92.85	50	101	42.490037339308394	98	94.49962660691611	29.454787165942182	19247	0	workflow/work/raw/SRR5946737_R1.fastq.gz	workflow/work/raw/SRR5946737_R2.fastq.gz	FASTQ	FASTQ	DNA	DNA	20950066	20950066	1947052722	1944146828	50	50	92.9	92.8	101	101	91	90	101	101	101	101	0	0	101	101	1	1	98	98	94	95	29.17	29.74	42.54	42.44	16621	2626	90.5	101	101	101	2
SRR5946740	TRUE	6757290	13514580	1278302394	94.6	50	101	45.775006152057635	99	98.50061520576328	34.020209169959514	23749	0	workflow/work/raw/SRR5946740_R1.fastq.gz	workflow/work/raw/SRR5946740_R2.fastq.gz	FASTQ	FASTQ	DNA	DNA	6757290	6757290	639937616	638364778	50	50	94.7	94.5	101	101	101	100	101	101	101	101	0	0	101	101	1	1	99	99	99	98	34.19	33.85	45.78	45.77	18812	4937	100.5	101	101	101	2
SRR5946742	TRUE	12072577	24145154	2231385430	92.39999999999999	50	101	44.69004176639264	98.499303893456	95.499303893456	30.129415270503046	66732	0	workflow/work/raw/SRR5946742_R1.fastq.gz	workflow/work/raw/SRR5946742_R2.fastq.gz	FASTQ	FASTQ	DNA	DNA	12072577	12072577	1117245997	1114139433	50	50	92.5	92.3	101	101	88	87	101	101	101	101	0	0	101	101	1	1	98	99	95	96	29.71	30.55	44.72	44.66	57804	8928	87.5	101	101	101	2
SRR5946747	TRUE	20893032	41786064	3917500508	93.75	50	101	46.39523908939848	98	95.49782646001383	29.86882628840747	85234	0	workflow/work/raw/SRR5946747_R1.fastq.gz	workflow/work/raw/SRR5946747_R2.fastq.gz	FASTQ	FASTQ	DNA	DNA	20893032	20893032	1967265098	1950235410	50	50	94.2	93.3	101	101	99	92	101	101	101	101	0	0	101	101	1	1	98	98	95	96	29.6	30.14	46.45	46.34	70815	14419	95.5	101	101	101	2
SRR5946749	TRUE	13447822	26895644	2573627518	95.7	50	101	43.955008986020644	99	98.50089860206414	34.08574583971323	48293	0	workflow/work/raw/SRR5946749_R1.fastq.gz	workflow/work/raw/SRR5946749_R2.fastq.gz	FASTQ	FASTQ	DNA	DNA	13447822	13447822	1289126426	1284501092	50	50	95.9	95.5	101	101	101	101	101	101	101	101	0	0	101	101	1	1	99	99	99	98	34.5	33.67	43.96	43.95	38165	10128	101	101	101	101	2
SRR5946750	TRUE	15262020	30524040	2921030867	95.7	50	101	44.37001185066902	99	98.50059253345097	34.1651836853698	54388	0	workflow/work/raw/SRR5946750_R1.fastq.gz	workflow/work/raw/SRR5946750_R2.fastq.gz	FASTQ	FASTQ	DNA	DNA	15262020	15262020	1462246242	1458784625	50	50	95.8	95.6	101	101	101	101	101	101	101	101	0	0	101	101	1	1	99	99	99	98	34.32	34.01	44.38	44.36	43018	11370	101	101	101	101	2
SRR5946754	TRUE	7983893	15967786	1529828995	95.80000000000001	50	101	44.450014512177546	99	98.50072560887762	34.12535554835003	28893	0	workflow/work/raw/SRR5946754_R1.fastq.gz	workflow/work/raw/SRR5946754_R2.fastq.gz	FASTQ	FASTQ	DNA	DNA	7983893	7983893	766024555	763804440	50	50	95.9	95.7	101	101	101	101	101	101	101	101	0	0	101	101	1	1	99	99	99	98	34.37	33.88	44.46	44.44	22836	6057	101	101	101	101	2
SRR5946756	TRUE	14152760	28305520	2582650261	91.25	50	101	44.875071328208	98	95.49898102560005	30.06932747689603	77407	0	workflow/work/raw/SRR5946756_R1.fastq.gz	workflow/work/raw/SRR5946756_R2.fastq.gz	FASTQ	FASTQ	DNA	DNA	14152760	14152760	1293956785	1288693476	50	50	91.4	91.1	101	101	84	83	101	101	101	101	0	0	101	101	1	1	98	98	95	96	29.74	30.4	44.91	44.84	67303	10104	83.5	101	101	101	2
SRR5946760	TRUE	20347591	40695182	3801290798	93.4	50	101	45.36512786401405	98.50255728028098	96	30.39661108657702	106651	0	workflow/work/raw/SRR5946760_R1.fastq.gz	workflow/work/raw/SRR5946760_R2.fastq.gz	FASTQ	FASTQ	DNA	DNA	20347591	20347591	1910366365	1890924433	50	50	93.9	92.9	101	101	99	90	101	101	101	101	0	0	101	101	1	1	99	98	96	96	30.71	30.08	45.39	45.34	91854	14797	94.5	101	101	101	2
SRR5946762	TRUE	12316821	24633642	2283955930	92.69999999999999	50	101	46.29499600211201	98.49960021120022	96	30.52977611827212	25383	0	workflow/work/raw/SRR5946762_R1.fastq.gz	workflow/work/raw/SRR5946762_R2.fastq.gz	FASTQ	FASTQ	DNA	DNA	12316821	12316821	1142891065	1141064865	50	50	92.8	92.6	101	101	90	89	101	101	101	101	0	0	101	101	1	1	98	99	96	96	30.25	30.81	46.29	46.3	19278	6105	89.5	101	101	101	2
SRR5946768	TRUE	11476165	22952330	2151107680	93.7	50	101	46.440198391742065	99	96.49801608257937	30.680872923665074	157586	0	workflow/work/raw/SRR5946768_R1.fastq.gz	workflow/work/raw/SRR5946768_R2.fastq.gz	FASTQ	FASTQ	DNA	DNA	11476165	11476165	1079821460	1071286220	50	50	94.1	93.3	101	101	100	92	101	101	101	101	0	0	101	101	1	1	99	99	96	97	30.9	30.46	46.49	46.39	19110	138476	96	101	101	101	2
SRR5946769	TRUE	45690	91380	8698365	95.2	50	101	45.58496265102694	98.5037348973054	95.5037348973054	30.24440717882039	619	0	workflow/work/raw/SRR5946769_R1.fastq.gz	workflow/work/raw/SRR5946769_R2.fastq.gz	FASTQ	FASTQ	DNA	DNA	45690	45690	4381670	4316695	50	50	95.9	94.5	101	101	100	98	101	101	101	101	0	0	101	101	1	1	99	98	96	95	30.83	29.65	45.58	45.59	81	538	99	101	101	101	2
SRR5946770	TRUE	9001653	18003306	1659779195	92.15	50	101	46.44507257959092	98.49758068030248	95.49758068030248	30.274685488439324	110861	0	workflow/work/raw/SRR5946770_R1.fastq.gz	workflow/work/raw/SRR5946770_R2.fastq.gz	FASTQ	FASTQ	DNA	DNA	9001653	9001653	833905134	825874061	50	50	92.6	91.7	101	101	89	86	101	101	101	101	0	0	101	101	1	1	98	99	95	96	30.21	30.34	46.46	46.43	12935	97926	87.5	101	101	101	2
SRR5946771	TRUE	5639367	11278734	1052487015	93.3	50	101	45.48508212954057	99	96.49835740918856	30.810657036324574	81825	0	workflow/work/raw/SRR5946771_R1.fastq.gz	workflow/work/raw/SRR5946771_R2.fastq.gz	FASTQ	FASTQ	DNA	DNA	5639367	5639367	527972313	524514702	50	50	93.6	93	101	101	97	91	101	101	101	101	0	0	101	101	1	1	99	99	96	97	31.01	30.61	45.51	45.46	11742	70083	94	101	101	101	2
SRR5946774	TRUE	6867901	13735802	1311344429	95.44999999999999	50	101	46.260456818084364	98	94.50456818084366	29.668426135632743	29350	0	workflow/work/raw/SRR5946774_R1.fastq.gz	workflow/work/raw/SRR5946774_R2.fastq.gz	FASTQ	FASTQ	DNA	DNA	6867901	6867901	661662673	649681756	50	50	96.3	94.6	101	101	101	99	101	101	101	101	0	0	101	101	1	1	98	98	95	94	30.04	29.29	46.31	46.21	24638	4712	100	101	101	101	2
SRR5946775	TRUE	7051282	14102564	1316954800	93.35000000000001	50	101	46.79024089482798	99	96	30.621589905864653	94077	0	workflow/work/raw/SRR5946775_R1.fastq.gz	workflow/work/raw/SRR5946775_R2.fastq.gz	FASTQ	FASTQ	DNA	DNA	7051282	7051282	661649876	655304924	50	50	93.8	92.9	101	101	99	90	101	101	101	101	0	0	101	101	1	1	99	99	96	96	30.95	30.29	46.84	46.74	12117	81960	94.5	101	101	101	2
SRR5946776	TRUE	19711057	39422114	3684174241	93.45	50	101	45.43005394558645	98.49865136033885	95.49865136033885	30.163961547460914	91131	0	workflow/work/raw/SRR5946776_R1.fastq.gz	workflow/work/raw/SRR5946776_R2.fastq.gz	FASTQ	FASTQ	DNA	DNA	19711057	19711057	1847055744	1837118497	50	50	93.7	93.2	101	101	97	92	101	101	101	101	0	0	101	101	1	1	98	99	95	96	29.78	30.55	45.45	45.41	77016	14115	94.5	101	101	101	2
SRR5946780	TRUE	9065716	18131432	1733592366	95.60000000000001	50	101	46.62	98.49908079082992	95.49908079082992	30.31442089822285	18739	0	workflow/work/raw/SRR5946780_R1.fastq.gz	workflow/work/raw/SRR5946780_R2.fastq.gz	FASTQ	FASTQ	DNA	DNA	9065716	9065716	868389717	865202649	50	50	95.8	95.4	101	101	101	100	101	101	101	101	0	0	101	101	1	1	98	99	95	96	30	30.63	46.62	46.62	14288	4451	100.5	101	101	101	2
SRR5946782	TRUE	10424953	20849906	1943329537	93.2	50	101	46.4851357683141	98.50271536628222	95.50271536628222	30.2567106807578	53813	0	workflow/work/raw/SRR5946782_R1.fastq.gz	workflow/work/raw/SRR5946782_R2.fastq.gz	FASTQ	FASTQ	DNA	DNA	10424953	10424953	976941620	966387917	50	50	93.7	92.7	101	101	97	89	101	101	101	101	0	0	101	101	1	1	99	98	96	95	30.57	29.94	46.51	46.46	46329	7484	93	101	101	101	2
SRR5946785	TRUE	6640013	13280026	1192409168	89.75	50	101	49.02528002374434	98	95	29.910311137493704	28077	0	workflow/work/raw/SRR5946785_R1.fastq.gz	workflow/work/raw/SRR5946785_R2.fastq.gz	FASTQ	FASTQ	DNA	DNA	6640013	6640013	599914616	592494552	50	50	90.3	89.2	101	101	80	77	101	101	101	101	0	0	101	101	1	1	98	98	95	95	29.96	29.86	49.07	48.98	23635	4442	78.5	101	101	101	2
SRR5946786	TRUE	20575054	41150108	3772580687	91.64999999999999	50	101	43.91001441098932	98	95	29.554967575274027	54532	0	workflow/work/raw/SRR5946786_R1.fastq.gz	workflow/work/raw/SRR5946786_R2.fastq.gz	FASTQ	FASTQ	DNA	DNA	20575054	20575054	1887649509	1884931178	50	50	91.7	91.6	101	101	85	85	101	101	101	101	0	0	101	101	1	1	98	98	95	95	29.51	29.6	43.93	43.89	34050	20482	85	101	101	101	2
SRR5946790	TRUE	20861738	41723476	3937935334	94.39999999999999	50	101	42.65005379184319	98.49932760196006	95.49932760196006	30.264334325940457	37855	0	workflow/work/raw/SRR5946790_R1.fastq.gz	workflow/work/raw/SRR5946790_R2.fastq.gz	FASTQ	FASTQ	DNA	DNA	20861738	20861738	1971615527	1966319807	50	50	94.5	94.3	101	101	100	100	101	101	101	101	0	0	101	101	1	1	98	99	95	96	29.77	30.76	42.69	42.61	28022	9833	100	101	101	101	2
SRR5946791	TRUE	16280061	32560122	3036329978	93.25	50	101	46.2101895959939	98	95.49842003338414	29.844099419028957	64698	0	workflow/work/raw/SRR5946791_R1.fastq.gz	workflow/work/raw/SRR5946791_R2.fastq.gz	FASTQ	FASTQ	DNA	DNA	16280061	16280061	1522962289	1513367689	50	50	93.5	93	101	101	93	90	101	101	101	101	0	0	101	101	1	1	98	98	95	96	29.56	30.13	46.27	46.15	53467	11231	91.5	101	101	101	2
SRR5946794	TRUE	7920291	15840582	1435354887	90.60000000000001	50	101	46.64006115334319	97.49938846656813	93.99877693313626	29.17953523459178	18350	0	workflow/work/raw/SRR5946794_R1.fastq.gz	workflow/work/raw/SRR5946794_R2.fastq.gz	FASTQ	FASTQ	DNA	DNA	7920291	7920291	718555211	716799676	50	50	90.7	90.5	101	101	81	81	101	101	101	101	0	0	101	101	1	1	97	98	93	95	28.8	29.56	46.69	46.59	11023	7327	81	101	101	101	2
SRR5946801	TRUE	7302245	14604490	1380997635	94.55	50	101	44.729983903281635	98	94.99839032816301	29.758841036277374	9340	0	workflow/work/raw/SRR5946801_R1.fastq.gz	workflow/work/raw/SRR5946801_R2.fastq.gz	FASTQ	FASTQ	DNA	DNA	7302245	7302245	691610294	689387341	50	50	94.7	94.4	101	101	100	100	101	101	101	101	0	0	101	101	1	1	98	98	94	96	29.04	30.48	44.72	44.74	6553	2787	100	101	101	101	2
SRR5946808	TRUE	8452235	16904470	1507060686	89.15	50	101	44.78	97.49903977323976	93.99807954647953	29.128809318817307	6047	0	workflow/work/raw/SRR5946808_R1.fastq.gz	workflow/work/raw/SRR5946808_R2.fastq.gz	FASTQ	FASTQ	DNA	DNA	8452235	8452235	754977463	752083223	50	50	89.3	89	101	101	77	76	101	101	101	101	0	0	101	101	1	1	97	98	93	95	28.51	29.75	44.78	44.78	5232	815	76.5	101	101	101	2
SRR5946814	TRUE	17133574	34267148	3183064202	92.9	50	101	45.3354375706934	98	94	29.00974260547447	37093	0	workflow/work/raw/SRR5946814_R1.fastq.gz	workflow/work/raw/SRR5946814_R2.fastq.gz	FASTQ	FASTQ	DNA	DNA	17133574	17133574	1599725134	1583339068	50	50	93.4	92.4	101	101	92	88	101	101	101	101	0	0	101	101	1	1	98	98	94	94	28.96	29.06	45.42	45.25	21411	15682	90	101	101	101	2
SRR5946817	TRUE	15182778	30365556	2853311946	93.94999999999999	50	101	45.375020429504765	97.4979570495234	94.4979570495234	29.387548459428068	39537	0	workflow/work/raw/SRR5946817_R1.fastq.gz	workflow/work/raw/SRR5946817_R2.fastq.gz	FASTQ	FASTQ	DNA	DNA	15182778	15182778	1432485148	1420826798	50	50	94.3	93.6	101	101	100	93	101	101	101	101	0	0	101	101	1	1	97	98	94	95	28.79	29.99	45.38	45.37	29139	10398	96.5	101	101	101	2
SRR5946821	TRUE	7161596	14323192	1265374651	88.35000000000001	50	101	45.31521570321864	98	95	29.839041319028286	30388	0	workflow/work/raw/SRR5946821_R1.fastq.gz	workflow/work/raw/SRR5946821_R2.fastq.gz	FASTQ	FASTQ	DNA	DNA	7161596	7161596	635720052	629654599	50	50	88.8	87.9	101	101	75	74	101	100	101	101	0	0	101	101	1	1	98	98	95	95	29.64	30.04	45.36	45.27	25701	4687	74.5	100.5	101	101	2
SRR5946825	TRUE	11207458	22414916	2005220427	89.44999999999999	50	101	44.930016699765055	98	95	29.930050099295144	12017	0	workflow/work/raw/SRR5946825_R1.fastq.gz	workflow/work/raw/SRR5946825_R2.fastq.gz	FASTQ	FASTQ	DNA	DNA	11207458	11207458	1004284549	1000935878	50	50	89.6	89.3	101	101	78	77	101	101	101	101	0	0	101	101	1	1	98	98	95	95	29.96	29.9	44.94	44.92	10592	1425	77.5	101	101	101	2
SRR5946829	TRUE	11057834	22115668	1997726384	90.35	50	101	43.20532003404726	98	94	29.385727350107423	10225	0	workflow/work/raw/SRR5946829_R1.fastq.gz	workflow/work/raw/SRR5946829_R2.fastq.gz	FASTQ	FASTQ	DNA	DNA	11057834	11057834	1004675378	993051006	50	50	90.9	89.8	101	101	82	79	101	101	101	101	0	0	101	101	1	1	98	98	94	94	29.51	29.26	43.26	43.15	8879	1346	80.5	101	101	101	2
SRR5946833	TRUE	8398600	16797200	1503364721	89.5	50	101	47.36007082196257	98	94.49911472546788	29.48437145508219	7469	0	workflow/work/raw/SRR5946833_R1.fastq.gz	workflow/work/raw/SRR5946833_R2.fastq.gz	FASTQ	FASTQ	DNA	DNA	8398600	8398600	753013251	750351470	50	50	89.7	89.3	101	101	78	77	101	101	101	101	0	0	101	101	1	1	98	98	94	95	29.13	29.84	47.4	47.32	6611	858	77.5	101	101	101	2
SRR5946834	TRUE	10635555	21271110	1925481459	90.5	50	101	46.15515304999361	98	94.49781357151983	29.515284235702417	9927	0	workflow/work/raw/SRR5946834_R1.fastq.gz	workflow/work/raw/SRR5946834_R2.fastq.gz	FASTQ	FASTQ	DNA	DNA	10635555	10635555	966950657	958530802	50	50	90.9	90.1	101	101	82	79	101	101	101	101	0	0	101	101	1	1	98	98	94	95	29.58	29.45	46.19	46.12	8821	1106	80.5	101	101	101	2
SRR5946836	TRUE	7465045	14930090	1431775876	95.9	50	101	44.21531343682871	98	95	29.92039891960018	13529	0	workflow/work/raw/SRR5946836_R1.fastq.gz	workflow/work/raw/SRR5946836_R2.fastq.gz	FASTQ	FASTQ	DNA	DNA	7465045	7465045	719967677	711808199	50	50	96.4	95.4	101	101	101	100	101	101	101	101	0	0	101	101	1	1	98	98	95	95	29.99	29.85	44.27	44.16	9990	3539	100.5	101	101	101	2
SRR5946843	TRUE	17021353	34042706	3204271591	94.10000000000001	50	101	46.45000994832963	98.49950258351868	96	30.509830878396347	37512	0	workflow/work/raw/SRR5946843_R1.fastq.gz	workflow/work/raw/SRR5946843_R2.fastq.gz	FASTQ	FASTQ	DNA	DNA	17021353	17021353	1603729653	1600541938	50	50	94.2	94	101	101	100	99	101	101	101	101	0	0	101	101	1	1	98	99	96	96	30.34	30.68	46.46	46.44	28882	8630	99.5	101	101	101	2
SRR5946844	TRUE	10456082	20912164	1953771281	93.39999999999999	50	101	47.59497276673297	97.50054466534048	94.50054466534048	29.365659045061992	25577	0	workflow/work/raw/SRR5946844_R1.fastq.gz	workflow/work/raw/SRR5946844_R2.fastq.gz	FASTQ	FASTQ	DNA	DNA	10456082	10456082	975821489	977949792	50	50	93.3	93.5	101	101	92	93	101	101	101	101	0	0	101	101	1	1	97	98	94	95	28.76	29.97	47.62	47.57	15890	9687	92.5	101	101	101	2
SRR5946847	TRUE	18785776	37571552	3475083080	92.5	50	101	46.62028631011608	98	95	29.829809126589286	75653	0	workflow/work/raw/SRR5946847_R1.fastq.gz	workflow/work/raw/SRR5946847_R2.fastq.gz	FASTQ	FASTQ	DNA	DNA	18785776	18785776	1745832802	1729250278	50	50	92.9	92.1	101	101	90	86	101	101	101	101	0	0	101	101	1	1	98	98	95	95	29.79	29.87	46.68	46.56	63103	12550	88	101	101	101	2
SRR5946848	TRUE	2570499	5140998	477661155	92.89999999999999	50	101	46.05053328887503	98	94.50444407395867	29.67284420733354	11474	0	workflow/work/raw/SRR5946848_R1.fastq.gz	workflow/work/raw/SRR5946848_R2.fastq.gz	FASTQ	FASTQ	DNA	DNA	2570499	2570499	240953339	236707816	50	50	93.7	92.1	101	101	97	87	101	101	101	101	0	0	101	101	1	1	98	98	95	94	29.99	29.35	46.11	45.99	9760	1714	92	101	101	101	2
SRR5946854	TRUE	9209438	18418876	1755411383	95.30000000000001	50	101	45.475006317399504	99	98.50063173995038	34.00520847418363	32386	0	workflow/work/raw/SRR5946854_R1.fastq.gz	workflow/work/raw/SRR5946854_R2.fastq.gz	FASTQ	FASTQ	DNA	DNA	9209438	9209438	878814655	876596728	50	50	95.4	95.2	101	101	101	100	101	101	101	101	0	0	101	101	1	1	99	99	99	98	34.17	33.84	45.48	45.47	25524	6862	100.5	101	101	101	2
SRR5946856	TRUE	14302857	28605714	2630024616	91.89999999999999	50	101	47.540011671069465	98	94.49941644652652	29.67462069024224	14483	0	workflow/work/raw/SRR5946856_R1.fastq.gz	workflow/work/raw/SRR5946856_R2.fastq.gz	FASTQ	FASTQ	DNA	DNA	14302857	14302857	1316547068	1313477548	50	50	92	91.8	101	101	87	86	101	101	101	101	0	0	101	101	1	1	98	98	94	95	29.35	30	47.55	47.53	13036	1447	86.5	101	101	101	2
SRR5946862	TRUE	17647295	35294590	3251817525	92.1	50	101	44.14	98	95	29.80567206458794	18594	0	workflow/work/raw/SRR5946862_R1.fastq.gz	workflow/work/raw/SRR5946862_R2.fastq.gz	FASTQ	FASTQ	DNA	DNA	17647295	17647295	1631239083	1620578442	50	50	92.4	91.8	101	101	88	86	101	101	101	101	0	0	101	101	1	1	98	98	95	95	30.01	29.6	44.14	44.14	16422	2172	87	101	101	101	2
SRR5946865	TRUE	14709456	29418912	2738427683	93.05	50	101	44.400047941653085	98	94.50239708265468	29.521534132898992	36999	0	workflow/work/raw/SRR5946865_R1.fastq.gz	workflow/work/raw/SRR5946865_R2.fastq.gz	FASTQ	FASTQ	DNA	DNA	14709456	14709456	1375778079	1362649604	50	50	93.5	92.6	101	101	94	89	101	101	101	101	0	0	101	101	1	1	98	98	95	94	29.84	29.2	44.41	44.39	22749	14250	91.5	101	101	101	2
SRR5946866	TRUE	6676176	13352352	1172003226	87.75	50	101	45.96500861088927	98	95	29.895060276224868	6972	0	workflow/work/raw/SRR5946866_R1.fastq.gz	workflow/work/raw/SRR5946866_R2.fastq.gz	FASTQ	FASTQ	DNA	DNA	6676176	6676176	587010812	584992414	50	50	87.9	87.6	101	101	74	73	101	101	101	101	0	0	101	101	1	1	98	98	95	95	29.93	29.86	45.97	45.96	6098	874	73.5	101	101	101	2
SRR5946867	TRUE	20152182	40304364	3791940366	94.05000000000001	50	101	45.63510371030977	98	94.49654298967423	29.529032037108784	58301	0	workflow/work/raw/SRR5946867_R1.fastq.gz	workflow/work/raw/SRR5946867_R2.fastq.gz	FASTQ	FASTQ	DNA	DNA	20152182	20152182	1909078960	1882861406	50	50	94.7	93.4	101	101	100	93	101	101	101	101	0	0	101	101	1	1	98	98	94	95	29.39	29.67	45.65	45.62	44970	13331	96.5	101	101	101	2
SRR5946868	TRUE	6461554	12923108	1218712742	94.30000000000001	50	101	45.660011851570516	98	95.49940742147422	30.289715562307624	15041	0	workflow/work/raw/SRR5946868_R1.fastq.gz	workflow/work/raw/SRR5946868_R2.fastq.gz	FASTQ	FASTQ	DNA	DNA	6461554	6461554	610078554	608634188	50	50	94.4	94.2	101	101	100	99	101	101	101	101	0	0	101	101	1	1	98	98	95	96	30.05	30.53	45.67	45.65	11681	3360	99.5	101	101	101	2
SRR5946873	TRUE	9058935	18117870	1724784099	95.2	50	101	45.14500724423132	99	98	33.71033323464098	31214	0	workflow/work/raw/SRR5946873_R1.fastq.gz	workflow/work/raw/SRR5946873_R2.fastq.gz	FASTQ	FASTQ	DNA	DNA	9058935	9058935	863641523	861142576	50	50	95.3	95.1	101	101	101	100	101	101	101	101	0	0	101	101	1	1	99	99	98	98	33.94	33.48	45.15	45.14	24817	6397	100.5	101	101	101	2
SRR5946876	TRUE	23352952	46705904	4304684741	92.15	50	101	46.25506817446402	98	95.49902607908541	30.10425008089576	127751	0	workflow/work/raw/SRR5946876_R1.fastq.gz	workflow/work/raw/SRR5946876_R2.fastq.gz	FASTQ	FASTQ	DNA	DNA	23352952	23352952	2156534793	2148149948	50	50	92.3	92	101	101	88	86	101	101	101	101	0	0	101	101	1	1	98	98	95	96	29.72	30.49	46.29	46.22	110824	16927	87	101	101	101	2
SRR5946881	TRUE	14279688	28559376	2631863702	92.14999999999999	50	101	44.895054384412035	98.49922307982801	95.49922307982801	30.309580463107128	26568	0	workflow/work/raw/SRR5946881_R1.fastq.gz	workflow/work/raw/SRR5946881_R2.fastq.gz	FASTQ	FASTQ	DNA	DNA	14279688	14279688	1317976599	1313887103	50	50	92.3	92	101	101	88	86	101	101	101	101	0	0	101	101	1	1	98	99	95	96	30.04	30.58	44.93	44.86	19837	6731	87	101	101	101	2
SRR5946883	TRUE	7190706	14381412	1314423405	91.39999999999999	50	101	46.29494924714917	98	94.50072504072612	29.410652536653515	18880	0	workflow/work/raw/SRR5946883_R1.fastq.gz	workflow/work/raw/SRR5946883_R2.fastq.gz	FASTQ	FASTQ	DNA	DNA	7190706	7190706	656258692	658164713	50	50	91.3	91.5	101	101	83	84	101	101	101	101	0	0	101	101	1	1	98	98	94	95	28.96	29.86	46.33	46.26	11698	7182	83.5	101	101	101	2
SRR5946887	TRUE	14755898	29511796	2701315623	91.5	50	101	46.55996695928856	98	95	29.72066081422874	15106	0	workflow/work/raw/SRR5946887_R1.fastq.gz	workflow/work/raw/SRR5946887_R2.fastq.gz	FASTQ	FASTQ	DNA	DNA	14755898	14755898	1355120481	1346195142	50	50	91.8	91.2	101	101	86	83	101	101	101	101	0	0	101	101	1	1	98	98	95	95	29.92	29.52	46.55	46.57	13336	1770	84.5	101	101	101	2
SRR5946889	TRUE	15686036	31372072	2821020517	89.9	50	101	45.65503479915315	98	95	29.79988864270993	17297	0	workflow/work/raw/SRR5946889_R1.fastq.gz	workflow/work/raw/SRR5946889_R2.fastq.gz	FASTQ	FASTQ	DNA	DNA	15686036	15686036	1412473641	1408546876	50	50	90	89.8	101	101	79	78	101	101	101	101	0	0	101	101	1	1	98	98	95	95	29.72	29.88	45.68	45.63	15169	2128	78.5	101	101	101	2
SRR5946891	TRUE	12643856	25287712	2301110787	91	50	101	45.60502098662318	99	96.49930044589374	31.20967820511112	36288	0	workflow/work/raw/SRR5946891_R1.fastq.gz	workflow/work/raw/SRR5946891_R2.fastq.gz	FASTQ	FASTQ	DNA	DNA	12643856	12643856	1152165145	1148945642	50	50	91.1	90.9	101	101	83	82	101	101	101	101	0	0	101	101	1	1	99	99	96	97	30.98	31.44	45.62	45.59	33149	3139	82.5	101	101	101	2
SRR5946892	TRUE	9972398	19944796	1784459533	89.44999999999999	50	101	46.06001642400371	98	94.49917879981423	29.679605823910833	10302	0	workflow/work/raw/SRR5946892_R1.fastq.gz	workflow/work/raw/SRR5946892_R2.fastq.gz	FASTQ	FASTQ	DNA	DNA	9972398	9972398	893695165	890764368	50	50	89.6	89.3	101	101	78	77	101	101	101	101	0	0	101	101	1	1	98	98	94	95	29.44	29.92	46.07	46.05	9182	1120	77.5	101	101	101	2
SRR5946902	TRUE	23274888	46549776	4281375596	92	50	101	45.03002036359998	98	95	29.815152726999848	24838	0	workflow/work/raw/SRR5946902_R1.fastq.gz	workflow/work/raw/SRR5946902_R2.fastq.gz	FASTQ	FASTQ	DNA	DNA	23274888	23274888	2145047009	2136328587	50	50	92.2	91.8	101	101	87	86	101	101	101	101	0	0	101	101	1	1	98	98	95	95	29.89	29.74	45.04	45.02	21905	2933	86.5	101	101	101	2
SRR5946903	TRUE	14363601	28727202	2601998707	90.6	50	101	45.4	98	95	29.779852223900427	14341	0	workflow/work/raw/SRR5946903_R1.fastq.gz	workflow/work/raw/SRR5946903_R2.fastq.gz	FASTQ	FASTQ	DNA	DNA	14363601	14363601	1302372615	1299626092	50	50	90.7	90.5	101	101	81	81	101	101	101	101	0	0	101	101	1	1	98	98	95	95	29.64	29.92	45.4	45.4	12685	1656	81	101	101	101	2
SRR5946905	TRUE	17093786	34187572	3110946641	91	50	101	45.74000000000001	98	95	29.725134413624936	17214	0	workflow/work/raw/SRR5946905_R1.fastq.gz	workflow/work/raw/SRR5946905_R2.fastq.gz	FASTQ	FASTQ	DNA	DNA	17093786	17093786	1559274717	1551671924	50	50	91.2	90.8	101	101	83	82	101	101	101	101	0	0	101	101	1	1	98	98	95	95	29.78	29.67	45.74	45.74	15278	1936	82.5	101	101	101	2
SRR5946907	TRUE	12527895	25055790	2364273889	94.35	50	101	44.22499672309327	98.49967230932778	96	30.539816493223555	26133	0	workflow/work/raw/SRR5946907_R1.fastq.gz	workflow/work/raw/SRR5946907_R2.fastq.gz	FASTQ	FASTQ	DNA	DNA	12527895	12527895	1182911695	1181362194	50	50	94.4	94.3	101	101	100	100	101	101	101	101	0	0	101	101	1	1	98	99	96	96	30.26	30.82	44.22	44.23	19870	6263	100	101	101	101	2
SRR5946908	TRUE	8840589	17681178	1677838807	94.89999999999999	50	101	45.41500663292264	99	98.50066329226345	34.18029184859592	31581	0	workflow/work/raw/SRR5946908_R1.fastq.gz	workflow/work/raw/SRR5946908_R2.fastq.gz	FASTQ	FASTQ	DNA	DNA	8840589	8840589	840032301	837806506	50	50	95	94.8	101	101	101	100	101	101	101	101	0	0	101	101	1	1	99	99	99	98	34.4	33.96	45.42	45.41	25021	6560	100.5	101	101	101	2
SRR5946910	TRUE	22334679	44669358	4203840181	94.1	50	101	44.730000000000004	98.49985461757021	96	30.54989241700195	45998	0	workflow/work/raw/SRR5946910_R1.fastq.gz	workflow/work/raw/SRR5946910_R2.fastq.gz	FASTQ	FASTQ	DNA	DNA	22334679	22334679	2102531255	2101308926	50	50	94.1	94.1	101	101	100	99	101	101	101	101	0	0	101	101	1	1	98	99	96	96	30.18	30.92	44.73	44.73	35290	10708	99.5	101	101	101	2
SRR5946913	TRUE	354351	708702	60895479	85.95	50	101	44.31001026053182	98.49974348670449	95.99948697340898	30.439640881386286	648	0	workflow/work/raw/SRR5946913_R1.fastq.gz	workflow/work/raw/SRR5946913_R2.fastq.gz	FASTQ	FASTQ	DNA	DNA	354351	354351	30463360	30432119	50	50	86	85.9	101	101	70	70	100	100	101	101	0	0	101	101	1	1	98	99	95	97	29.74	31.14	44.33	44.29	470	178	70	100	101	101	2
SRR5946914	TRUE	9352382	18704764	1750877288	93.60000000000001	50	101	46.23031816196589	98	93.49823243352277	28.894699513698868	19849	0	workflow/work/raw/SRR5946914_R1.fastq.gz	workflow/work/raw/SRR5946914_R2.fastq.gz	FASTQ	FASTQ	DNA	DNA	9352382	9352382	878533436	872343852	50	50	93.9	93.3	101	101	97	92	101	101	101	101	0	0	101	101	1	1	98	98	93	94	28.81	28.98	46.32	46.14	11240	8609	94.5	101	101	101	2
SRR5946921	TRUE	15028857	30057714	2800582760	93.14999999999999	50	101	46.38502986750872	98	94.49701324912819	29.472998876915888	41232	0	workflow/work/raw/SRR5946921_R1.fastq.gz	workflow/work/raw/SRR5946921_R2.fastq.gz	FASTQ	FASTQ	DNA	DNA	15028857	15028857	1408656023	1391926737	50	50	93.7	92.6	101	101	97	89	101	101	101	101	0	0	101	101	1	1	98	98	94	95	29.14	29.81	46.39	46.38	31389	9843	93	101	101	101	2
SRR5946923	TRUE	14309924	28619848	2623896483	91.64999999999999	50	101	46.10998721623729	98	94.50021306271174	29.665155535779576	15602	0	workflow/work/raw/SRR5946923_R1.fastq.gz	workflow/work/raw/SRR5946923_R2.fastq.gz	FASTQ	FASTQ	DNA	DNA	14309924	14309924	1311389187	1312507296	50	50	91.6	91.7	101	101	85	85	101	101	101	101	0	0	101	101	1	1	98	98	94	95	29.3	30.03	46.14	46.08	13866	1736	85	101	101	101	2
SRR5946924	TRUE	17176189	34352378	3158476286	91.89999999999999	50	101	45.205016179846034	97.4983820153969	93.4983820153969	29.018608533241334	12813	0	workflow/work/raw/SRR5946924_R1.fastq.gz	workflow/work/raw/SRR5946924_R2.fastq.gz	FASTQ	FASTQ	DNA	DNA	17176189	17176189	1584348509	1574127777	50	50	92.2	91.6	101	101	87	85	101	101	101	101	0	0	101	101	1	1	97	98	93	94	28.59	29.45	45.21	45.2	11073	1740	86	101	101	101	2
SRR5946925	TRUE	14778572	29557144	2665483505	90.14999999999999	50	101	45.34500816730434	98	95	29.809912882087037	15424	0	workflow/work/raw/SRR5946925_R1.fastq.gz	workflow/work/raw/SRR5946925_R2.fastq.gz	FASTQ	FASTQ	DNA	DNA	14778572	14778572	1333467413	1332016092	50	50	90.2	90.1	101	101	80	79	101	101	101	101	0	0	101	101	1	1	98	98	95	95	29.65	29.97	45.36	45.33	13543	1881	79.5	101	101	101	2
SRR5946927	TRUE	9495156	18990312	1760382357	92.7	50	101	47.124982988908705	98	95	29.73559538819554	9563	0	workflow/work/raw/SRR5946927_R1.fastq.gz	workflow/work/raw/SRR5946927_R2.fastq.gz	FASTQ	FASTQ	DNA	DNA	9495156	9495156	883185781	877196576	50	50	93	92.4	101	101	91	88	101	101	101	101	0	0	101	101	1	1	98	98	95	95	29.91	29.56	47.12	47.13	8483	1080	89.5	101	101	101	2
SRR5946929	TRUE	8825461	17650922	1605420915	91	50	101	47.20542496710278	98	94	29.2875884359897	8282	0	workflow/work/raw/SRR5946929_R1.fastq.gz	workflow/work/raw/SRR5946929_R2.fastq.gz	FASTQ	FASTQ	DNA	DNA	8825461	8825461	808912740	796508175	50	50	91.7	90.3	101	101	85	80	101	101	101	101	0	0	101	101	1	1	98	98	94	94	29.62	28.95	47.26	47.15	7337	945	82.5	101	101	101	2
SRR5946930	TRUE	15880783	31761566	2962580737	93.25	50	101	46.110100692405204	98	95.50251731012993	30.069949653797398	74523	0	workflow/work/raw/SRR5946930_R1.fastq.gz	workflow/work/raw/SRR5946930_R2.fastq.gz	FASTQ	FASTQ	DNA	DNA	15880783	15880783	1488748103	1473832634	50	50	93.7	92.8	101	101	98	90	101	101	101	101	0	0	101	101	1	1	98	98	96	95	30.06	30.08	46.13	46.09	63538	10985	94	101	101	101	2
SRR5946933	TRUE	12439344	24878688	2312067340	92.95	50	101	43.28020542334203	98	95.49794576657962	30.064445356976492	21957	0	workflow/work/raw/SRR5946933_R1.fastq.gz	workflow/work/raw/SRR5946933_R2.fastq.gz	FASTQ	FASTQ	DNA	DNA	12439344	12439344	1160783196	1151284144	50	50	93.3	92.6	101	101	92	89	101	101	101	101	0	0	101	101	1	1	98	98	95	96	29.93	30.2	43.33	43.23	16223	5734	90.5	101	101	101	2
SRR5946935	TRUE	9704045	19408090	1761239278	90.7	50	101	46.43500009949245	97.49999005075561	93.49997015226684	28.79998507613342	17283	0	workflow/work/raw/SRR5946935_R1.fastq.gz	workflow/work/raw/SRR5946935_R2.fastq.gz	FASTQ	FASTQ	DNA	DNA	9704045	9704045	880637162	880602116	50	50	90.7	90.7	101	101	81	82	101	101	101	101	0	0	101	101	1	1	97	98	92	95	28.05	29.55	46.44	46.43	8255	9028	81.5	101	101	101	2
SRR5946938	TRUE	11181005	22362010	2061399056	92.15	50	101	45.28509487298902	98	94	29.169672256947035	24248	0	workflow/work/raw/SRR5946938_R1.fastq.gz	workflow/work/raw/SRR5946938_R2.fastq.gz	FASTQ	FASTQ	DNA	DNA	11181005	11181005	1032477447	1028921609	50	50	92.3	92	101	101	88	86	101	101	101	101	0	0	101	101	1	1	98	98	94	94	28.98	29.36	45.34	45.23	13229	11019	87	101	101	101	2
SRR5946942	TRUE	9793362	19586724	1765953691	90.2	50	101	46.91023678723408	98	93.49830866261374	29.07423889817618	21464	0	workflow/work/raw/SRR5946942_R1.fastq.gz	workflow/work/raw/SRR5946942_R2.fastq.gz	FASTQ	FASTQ	DNA	DNA	9793362	9793362	885963669	879990022	50	50	90.5	89.9	101	101	81	79	101	101	101	101	0	0	101	101	1	1	98	98	93	94	28.85	29.3	46.98	46.84	12437	9027	80	101	101	101	2
SRR5946943	TRUE	13927094	27854188	2561533985	91.95	50	101	44.970077374343326	98.49871042761121	95.49871042761121	30.294290735186163	25569	0	workflow/work/raw/SRR5946943_R1.fastq.gz	workflow/work/raw/SRR5946943_R2.fastq.gz	FASTQ	FASTQ	DNA	DNA	13927094	13927094	1284070276	1277463709	50	50	92.2	91.7	101	101	87	85	101	101	101	101	0	0	101	101	1	1	98	99	95	96	30.02	30.57	45	44.94	19061	6508	86	101	101	101	2
SRR5946944	TRUE	7660588	15321176	1439905262	94	50	101	45.50002606960402	98.49934825989962	96	30.539739303959845	18372	0	workflow/work/raw/SRR5946944_R1.fastq.gz	workflow/work/raw/SRR5946944_R2.fastq.gz	FASTQ	FASTQ	DNA	DNA	7660588	7660588	720891075	719014187	50	50	94.1	93.9	101	101	99	98	101	101	101	101	0	0	101	101	1	1	98	99	96	96	30.34	30.74	45.52	45.48	14344	4028	98.5	101	101	101	2
SRR5946945	TRUE	11045364	22090728	2032621106	92	50	101	44.795026751050564	98.50267510505718	95.50267510505718	30.24657831198374	53626	0	workflow/work/raw/SRR5946945_R1.fastq.gz	workflow/work/raw/SRR5946945_R2.fastq.gz	FASTQ	FASTQ	DNA	DNA	11045364	11045364	1021748028	1010873078	50	50	92.5	91.5	101	101	88	84	101	101	101	101	0	0	101	101	1	1	99	98	96	95	30.54	29.95	44.8	44.79	46121	7505	86	101	101	101	2
SRR5946946	TRUE	12259680	24519360	2339349751	95.4	50	101	47.93500654628278	99	98	33.955216027331865	44101	0	workflow/work/raw/SRR5946946_R1.fastq.gz	workflow/work/raw/SRR5946946_R2.fastq.gz	FASTQ	FASTQ	DNA	DNA	12259680	12259680	1171206280	1168143471	50	50	95.5	95.3	101	101	101	100	101	101	101	101	0	0	101	101	1	1	99	99	98	98	34.12	33.79	47.94	47.93	34710	9391	100.5	101	101	101	2
SRR5946948	TRUE	5606387	11212774	1049255673	93.55	50	101	45.24505560798622	98	95.49920560019693	29.999316816169358	30928	0	workflow/work/raw/SRR5946948_R1.fastq.gz	workflow/work/raw/SRR5946948_R2.fastq.gz	FASTQ	FASTQ	DNA	DNA	5606387	5606387	525461365	523794308	50	50	93.7	93.4	101	101	96	92	101	101	101	101	0	0	101	101	1	1	98	98	95	96	29.57	30.43	45.28	45.21	26829	4099	94	101	101	101	2
SRR5946952	TRUE	7554970	15109940	1357406850	89.8	50	101	46.37	97.49951493246111	93.49854479738333	29.084248145314724	5515	0	workflow/work/raw/SRR5946952_R1.fastq.gz	workflow/work/raw/SRR5946952_R2.fastq.gz	FASTQ	FASTQ	DNA	DNA	7554970	7554970	679361859	678044991	50	50	89.9	89.7	101	101	79	78	101	101	101	101	0	0	101	101	1	1	97	98	92	95	28.31	29.86	46.37	46.37	4690	825	78.5	101	101	101	2
SRR5946955	TRUE	15652704	31305408	2899877358	92.60000000000001	50	101	45.50501537972283	99	97	31.279907721663037	44551	0	workflow/work/raw/SRR5946955_R1.fastq.gz	workflow/work/raw/SRR5946955_R2.fastq.gz	FASTQ	FASTQ	DNA	DNA	15652704	15652704	1454398610	1445478748	50	50	92.9	92.3	101	101	91	88	101	101	101	101	0	0	101	101	1	1	99	99	97	97	31.25	31.31	45.51	45.5	40474	4077	89.5	101	101	101	2
SRR5946958	TRUE	12892252	25784504	2405593594	93.3	50	101	46.880013243284345	99	96.49977927859413	30.94480355794878	35449	0	workflow/work/raw/SRR5946958_R1.fastq.gz	workflow/work/raw/SRR5946958_R2.fastq.gz	FASTQ	FASTQ	DNA	DNA	12892252	12892252	1203327763	1202265831	50	50	93.3	93.3	101	101	93	93	101	101	101	101	0	0	101	101	1	1	99	99	96	97	30.5	31.39	46.91	46.85	32292	3157	93	101	101	101	2
SRR5946961	TRUE	15764689	31529378	2870197919	91.05	50	101	46.04003749952548	98	95	29.6399062511863	17528	0	workflow/work/raw/SRR5946961_R1.fastq.gz	workflow/work/raw/SRR5946961_R2.fastq.gz	FASTQ	FASTQ	DNA	DNA	15764689	15764689	1437789736	1432408183	50	50	91.2	90.9	101	101	83	82	101	101	101	101	0	0	101	101	1	1	98	98	95	95	29.59	29.69	46.06	46.02	15584	1944	82.5	101	101	101	2
SRR5946962	TRUE	8025794	16051588	1451627427	90.4	50	101	48.080088987378986	98	94.49888765776261	29.499733037863027	7341	0	workflow/work/raw/SRR5946962_R1.fastq.gz	workflow/work/raw/SRR5946962_R2.fastq.gz	FASTQ	FASTQ	DNA	DNA	8025794	8025794	727428420	724199007	50	50	90.6	90.2	101	101	81	80	101	101	101	101	0	0	101	101	1	1	98	98	94	95	29.38	29.62	48.12	48.04	6385	956	80.5	101	101	101	2
SRR5946965	TRUE	8091136	16182272	1469455816	90.80000000000001	50	101	43.519969549176295	98	94.50050751372846	29.72545168721834	8503	0	workflow/work/raw/SRR5946965_R1.fastq.gz	workflow/work/raw/SRR5946965_R2.fastq.gz	FASTQ	FASTQ	DNA	DNA	8091136	8091136	733982139	735473677	50	50	90.7	90.9	101	101	81	82	101	101	101	101	0	0	101	101	1	1	98	98	94	95	29.28	30.17	43.55	43.49	7527	976	81.5	101	101	101	2
SRR5946968	TRUE	8032813	16065626	1455575807	90.6	50	101	47.03005957452685	98	94.49925531841434	29.499687233734022	7474	0	workflow/work/raw/SRR5946968_R1.fastq.gz	workflow/work/raw/SRR5946968_R2.fastq.gz	FASTQ	FASTQ	DNA	DNA	8032813	8032813	728871844	726703963	50	50	90.7	90.5	101	101	82	81	101	101	101	101	0	0	101	101	1	1	98	98	94	95	29.29	29.71	47.07	46.99	6501	973	81.5	101	101	101	2
SRR5946969	TRUE	16988016	33976032	3113059562	91.65	50	101	45.98538663913941	98	94	29.286652003595687	15722	0	workflow/work/raw/SRR5946969_R1.fastq.gz	workflow/work/raw/SRR5946969_R2.fastq.gz	FASTQ	FASTQ	DNA	DNA	16988016	16988016	1567471878	1545587684	50	50	92.3	91	101	101	87	82	101	101	101	101	0	0	101	101	1	1	98	98	94	94	29.52	29.05	46.04	45.93	13737	1985	84.5	101	101	101	2
SRR5946973	TRUE	7502483	15004966	1376563577	91.75	50	101	45.695102300996005	98.50204601992023	96	30.290450124382453	38009	0	workflow/work/raw/SRR5946973_R1.fastq.gz	workflow/work/raw/SRR5946973_R2.fastq.gz	FASTQ	FASTQ	DNA	DNA	7502483	7502483	691098265	685465312	50	50	92.1	91.4	101	101	87	84	101	101	101	101	0	0	101	101	1	1	99	98	96	96	30.4	30.18	45.72	45.67	32615	5394	85.5	101	101	101	2
SRR5946978	TRUE	11471641	22943282	2144569182	93.5	50	101	46.06999999999999	98	94.49787273684697	29.67361727895053	15592	0	workflow/work/raw/SRR5946978_R1.fastq.gz	workflow/work/raw/SRR5946978_R2.fastq.gz	FASTQ	FASTQ	DNA	DNA	11471641	11471641	1076846654	1067722528	50	50	93.9	93.1	101	101	99	91	101	101	101	101	0	0	101	101	1	1	98	98	94	95	29.35	30	46.07	46.07	11059	4533	95	101	101	101	2
SRR5946984	TRUE	10510512	21021024	1923333836	91.5	50	101	46.86004381321559	98	95	29.500087626431174	26551	0	workflow/work/raw/SRR5946984_R1.fastq.gz	workflow/work/raw/SRR5946984_R2.fastq.gz	FASTQ	FASTQ	DNA	DNA	10510512	10510512	963773604	959560232	50	50	91.7	91.3	101	101	85	84	101	101	101	101	0	0	101	101	1	1	98	98	95	95	29.54	29.46	46.88	46.84	16305	10246	84.5	101	101	101	2
SRR5946985	TRUE	21160122	42320244	3935383350	93	50	101	45.18	98	94.49774837793122	29.53779341037259	57324	0	workflow/work/raw/SRR5946985_R1.fastq.gz	workflow/work/raw/SRR5946985_R2.fastq.gz	FASTQ	FASTQ	DNA	DNA	21160122	21160122	1976552671	1958830679	50	50	93.4	92.6	101	101	93	89	101	101	101	101	0	0	101	101	1	1	98	98	94	95	29.05	30.03	45.18	45.18	42936	14388	91	101	101	101	2
SRR5946989	TRUE	16114296	32228592	3046412872	94.5	50	101	48.26	98.49939888023162	96	30.4248136528718	34932	0	workflow/work/raw/SRR5946989_R1.fastq.gz	workflow/work/raw/SRR5946989_R2.fastq.gz	FASTQ	FASTQ	DNA	DNA	16114296	16114296	1525037695	1521375177	50	50	94.6	94.4	101	101	100	100	101	101	101	101	0	0	101	101	1	1	98	99	96	96	30.27	30.58	48.26	48.26	26709	8223	100	101	101	101	2
SRR5946993	TRUE	24495164	48990328	4618021628	94.25	50	101	48.47011267668321	98	95.49859154145997	30.18966196995039	44817	0	workflow/work/raw/SRR5946993_R1.fastq.gz	workflow/work/raw/SRR5946993_R2.fastq.gz	FASTQ	FASTQ	DNA	DNA	24495164	24495164	2315515106	2302506522	50	50	94.5	94	101	101	100	99	101	101	101	101	0	0	101	101	1	1	98	98	95	96	30.07	30.31	48.51	48.43	33487	11330	99.5	101	101	101	2
SRR5946999	TRUE	10671026	21342052	1972572302	92.44999999999999	50	101	45.565178530733526	98	94	29.124781795770144	24413	0	workflow/work/raw/SRR5946999_R1.fastq.gz	workflow/work/raw/SRR5946999_R2.fastq.gz	FASTQ	FASTQ	DNA	DNA	10671026	10671026	990199093	982373209	50	50	92.8	92.1	101	101	89	86	101	101	101	101	0	0	101	101	1	1	98	98	94	94	29.07	29.18	45.61	45.52	14502	9911	87.5	101	101	101	2
SRR5947007	TRUE	15291873	30583746	2841521448	92.9	50	101	44.54508554962701	98	95.49828900745992	30.08897340447595	70977	0	workflow/work/raw/SRR5947007_R1.fastq.gz	workflow/work/raw/SRR5947007_R2.fastq.gz	FASTQ	FASTQ	DNA	DNA	15291873	15291873	1425622546	1415898902	50	50	93.2	92.6	101	101	92	89	101	101	101	101	0	0	101	101	1	1	98	98	95	96	29.79	30.39	44.57	44.52	60116	10861	90.5	101	101	101	2
SRR5947010	TRUE	15421855	30843710	2877216019	93.3	50	101	43.90500527939678	98.49947206032152	96	30.529545971876505	32470	0	workflow/work/raw/SRR5947010_R1.fastq.gz	workflow/work/raw/SRR5947010_R2.fastq.gz	FASTQ	FASTQ	DNA	DNA	15421855	15421855	1440127006	1437089013	50	50	93.4	93.2	101	101	93	92	101	101	101	101	0	0	101	101	1	1	98	99	96	96	30.1	30.96	43.91	43.9	25024	7446	92.5	101	101	101	2
SRR5947011	TRUE	16129242	32258484	3006345426	93.19999999999999	50	101	46.18527291345928	98	95	29.925212266023888	68257	0	workflow/work/raw/SRR5947011_R1.fastq.gz	workflow/work/raw/SRR5947011_R2.fastq.gz	FASTQ	FASTQ	DNA	DNA	16129242	16129242	1512289070	1494056356	50	50	93.8	92.6	101	101	97	89	101	101	101	101	0	0	101	101	1	1	98	98	95	95	29.96	29.89	46.23	46.14	57168	11089	93	101	101	101	2
SRR5947015	TRUE	15518647	31037294	2888851699	93.05000000000001	50	101	44.890194643549954	98	95	29.909532855480098	62981	0	workflow/work/raw/SRR5947015_R1.fastq.gz	workflow/work/raw/SRR5947015_R2.fastq.gz	FASTQ	FASTQ	DNA	DNA	15518647	15518647	1450048813	1438802886	50	50	93.4	92.7	101	101	93	89	101	101	101	101	0	0	101	101	1	1	98	98	95	95	29.79	30.03	44.94	44.84	52281	10700	91	101	101	101	2
SRR5947017	TRUE	15526625	31053250	2848895819	91.75	50	101	45.420015817261444	98	95	29.720015817261448	16353	0	workflow/work/raw/SRR5947017_R1.fastq.gz	workflow/work/raw/SRR5947017_R2.fastq.gz	FASTQ	FASTQ	DNA	DNA	15526625	15526625	1426700996	1422194823	50	50	91.9	91.6	101	101	86	85	101	101	101	101	0	0	101	101	1	1	98	98	95	95	29.73	29.71	45.43	45.41	14379	1974	85.5	101	101	101	2
SRR5947019	TRUE	13555880	27111760	2492557329	91.9	50	101	45.750020951313495	98	94.49895243432533	29.62467525464086	14058	0	workflow/work/raw/SRR5947019_R1.fastq.gz	workflow/work/raw/SRR5947019_R2.fastq.gz	FASTQ	FASTQ	DNA	DNA	13555880	13555880	1248889782	1243667547	50	50	92.1	91.7	101	101	87	85	101	101	101	101	0	0	101	101	1	1	98	98	94	95	29.47	29.78	45.76	45.74	12542	1516	86	101	101	101	2
SRR5947020	TRUE	9217804	18435608	1689320496	91.65	50	101	44.56500782382623	98	95	29.78991654585359	9926	0	workflow/work/raw/SRR5947020_R1.fastq.gz	workflow/work/raw/SRR5947020_R2.fastq.gz	FASTQ	FASTQ	DNA	DNA	9217804	9217804	845100813	844219683	50	50	91.7	91.6	101	101	85	85	101	101	101	101	0	0	101	101	1	1	98	98	95	95	29.63	29.95	44.58	44.55	8715	1211	85	101	101	101	2
SRR5947021	TRUE	10786185	21572370	1993841129	92.4	50	101	45.61013550365476	98	94.49830620431544	29.419627364949395	9705	0	workflow/work/raw/SRR5947021_R1.fastq.gz	workflow/work/raw/SRR5947021_R2.fastq.gz	FASTQ	FASTQ	DNA	DNA	10786185	10786185	1000297724	993543405	50	50	92.7	92.1	101	101	90	87	101	101	101	101	0	0	101	101	1	1	98	98	94	95	29.31	29.53	45.65	45.57	8592	1113	88.5	101	101	101	2
SRR5947022	TRUE	9431824	18863648	1717421617	91.05000000000001	50	101	45.64501023226029	98	95	29.769652103150396	9821	0	workflow/work/raw/SRR5947022_R1.fastq.gz	workflow/work/raw/SRR5947022_R2.fastq.gz	FASTQ	FASTQ	DNA	DNA	9431824	9431824	860468119	856953498	50	50	91.2	90.9	101	101	83	82	101	101	101	101	0	0	101	101	1	1	98	98	95	95	29.6	29.94	45.65	45.64	8817	1004	82.5	101	101	101	2
SRR5947023	TRUE	9276303	18552606	1696094981	91.44999999999999	50	101	46.67036217361461	98	94	29.29691952015746	8478	0	workflow/work/raw/SRR5947023_R1.fastq.gz	workflow/work/raw/SRR5947023_R2.fastq.gz	FASTQ	FASTQ	DNA	DNA	9276303	9276303	854190299	841904682	50	50	92.1	90.8	101	101	87	82	101	101	101	101	0	0	101	101	1	1	98	98	94	94	29.56	29.03	46.72	46.62	7419	1059	84.5	101	101	101	2
SRR5947025	TRUE	7428994	14857988	1310321705	88.2	50	101	45.79999734443077	98	95.00026555692291	29.82014871187683	7538	0	workflow/work/raw/SRR5947025_R1.fastq.gz	workflow/work/raw/SRR5947025_R2.fastq.gz	FASTQ	FASTQ	DNA	DNA	7428994	7428994	654986870	655334835	50	50	88.2	88.2	101	101	74	74	101	101	101	101	0	0	101	101	1	1	98	98	94	96	29.26	30.38	45.81	45.79	6692	846	74	101	101	101	2
SRR5947037	TRUE	9116614	18233228	1720676887	94.39999999999999	50	101	46.20001066256549	99	98.50053312827465	34.20511195693768	32825	0	workflow/work/raw/SRR5947037_R1.fastq.gz	workflow/work/raw/SRR5947037_R2.fastq.gz	FASTQ	FASTQ	DNA	DNA	9116614	9116614	861255785	859421102	50	50	94.5	94.3	101	101	100	100	101	101	101	101	0	0	101	101	1	1	99	99	99	98	34.31	34.1	46.21	46.19	26095	6730	100	101	101	101	2
SRR5947039	TRUE	13493110	26986220	2475004566	91.7	50	101	44.695064206245185	98.50214020817285	96	30.300856083269142	68905	0	workflow/work/raw/SRR5947039_R1.fastq.gz	workflow/work/raw/SRR5947039_R2.fastq.gz	FASTQ	FASTQ	DNA	DNA	13493110	13493110	1242799308	1232205258	50	50	92.1	91.3	101	101	87	84	101	101	101	101	0	0	101	101	1	1	99	98	96	96	30.5	30.1	44.71	44.68	59197	9708	85.5	101	101	101	2
SRR5947044	TRUE	11343889	22687778	2127238998	93.75	50	101	44.91023879750253	98	95	29.930298496878155	48233	0	workflow/work/raw/SRR5947044_R1.fastq.gz	workflow/work/raw/SRR5947044_R2.fastq.gz	FASTQ	FASTQ	DNA	DNA	11343889	11343889	1069969241	1057269757	50	50	94.3	93.2	101	101	100	91	101	101	101	101	0	0	101	101	1	1	98	98	95	95	29.98	29.88	44.95	44.87	40252	7981	95.5	101	101	101	2
SRR5947046	TRUE	13145331	26290662	2412256965	91.75	50	101	44.549914645308114	98	94.50085354691888	29.27081940504212	34344	0	workflow/work/raw/SRR5947046_R1.fastq.gz	workflow/work/raw/SRR5947046_R2.fastq.gz	FASTQ	FASTQ	DNA	DNA	13145331	13145331	1204069508	1208187457	50	50	91.6	91.9	101	101	85	86	101	101	101	101	0	0	101	101	1	1	98	98	94	95	28.79	29.75	44.6	44.5	21112	13232	85.5	101	101	101	2
SRR5947050	TRUE	10081805	20163610	1851247671	91.8	50	101	44.82537030122752	98	95	29.81033663747956	44078	0	workflow/work/raw/SRR5947050_R1.fastq.gz	workflow/work/raw/SRR5947050_R2.fastq.gz	FASTQ	FASTQ	DNA	DNA	10081805	10081805	931855829	919391842	50	50	92.4	91.2	101	101	88	83	101	101	101	101	0	0	101	101	1	1	98	98	95	95	29.86	29.76	44.88	44.77	37099	6979	85.5	101	101	101	2
SRR5947056	TRUE	292768	585536	51971390	88.75	50	101	35.909974903114964	98	94.5012548442518	29.17561487368339	748	0	workflow/work/raw/SRR5947056_R1.fastq.gz	workflow/work/raw/SRR5947056_R2.fastq.gz	FASTQ	FASTQ	DNA	DNA	292768	292768	25920479	26050911	50	50	88.5	89	101	101	76	77	100	100	101	101	0	0	101	101	1	1	98	98	94	95	28.93	29.42	35.92	35.9	477	271	76.5	100	101	101	2
SRR5947057	TRUE	14967117	29934234	2754178669	92	50	101	44.40510067626626	99	97	31.150241623039015	38725	0	workflow/work/raw/SRR5947057_R1.fastq.gz	workflow/work/raw/SRR5947057_R2.fastq.gz	FASTQ	FASTQ	DNA	DNA	14967117	14967117	1382634943	1371543726	50	50	92.4	91.6	101	101	88	85	101	101	101	101	0	0	101	101	1	1	99	99	97	97	31.21	31.09	44.43	44.38	34904	3821	86.5	101	101	101	2
SRR5947058	TRUE	11624674	23249348	2134539902	91.8	50	101	46.285123211203384	98	94	29.15973462202348	27274	0	workflow/work/raw/SRR5947058_R1.fastq.gz	workflow/work/raw/SRR5947058_R2.fastq.gz	FASTQ	FASTQ	DNA	DNA	11624674	11624674	1069293022	1065246880	50	50	92	91.6	101	101	86	85	101	101	101	101	0	0	101	101	1	1	98	98	94	94	29.02	29.3	46.35	46.22	16132	11142	85.5	101	101	101	2
SRR5947064	TRUE	8281160	16562320	1527452326	92.2	50	101	44.95003396818291	97.49830159085437	93.99660318170874	29.048607304500578	6301	0	workflow/work/raw/SRR5947064_R1.fastq.gz	workflow/work/raw/SRR5947064_R2.fastq.gz	FASTQ	FASTQ	DNA	DNA	8281160	8281160	766320402	761131924	50	50	92.5	91.9	101	101	89	86	101	101	101	101	0	0	101	101	1	1	97	98	93	95	28.64	29.46	44.96	44.94	5395	906	87.5	101	101	101	2
SRR5947070	TRUE	13082252	26164504	2421027101	92.55000000000001	50	101	42.85	97.49820868031662	93.49820868031662	29.028781902615307	9987	0	workflow/work/raw/SRR5947070_R1.fastq.gz	workflow/work/raw/SRR5947070_R2.fastq.gz	FASTQ	FASTQ	DNA	DNA	13082252	13082252	1214850384	1206176717	50	50	92.9	92.2	101	101	90	87	101	101	101	101	0	0	101	101	1	1	97	98	93	94	28.69	29.37	42.85	42.85	8643	1344	88.5	101	101	101	2
SRR5947072	TRUE	16251507	32503014	2938872686	90.45	50	101	45.42011461526782	98	94.49856730915222	29.50954153892872	14757	0	workflow/work/raw/SRR5947072_R1.fastq.gz	workflow/work/raw/SRR5947072_R2.fastq.gz	FASTQ	FASTQ	DNA	DNA	16251507	16251507	1473646839	1465225847	50	50	90.7	90.2	101	101	81	80	101	101	101	101	0	0	101	101	1	1	98	98	94	95	29.35	29.67	45.46	45.38	12999	1758	80.5	101	101	101	2
SRR5947073	TRUE	5049631	10099262	926754158	91.75	50	101	44.57500730264865	97.49926973513509	93.49780920540526	28.979006839783718	3539	0	workflow/work/raw/SRR5947073_R1.fastq.gz	workflow/work/raw/SRR5947073_R2.fastq.gz	FASTQ	FASTQ	DNA	DNA	5049631	5049631	464053855	462700303	50	50	91.9	91.6	101	101	86	85	101	101	101	101	0	0	101	101	1	1	97	98	92	95	28.3	29.66	44.58	44.57	3050	489	85.5	101	101	101	2
SRR5947074	TRUE	9387974	18775948	1776150710	94.60000000000001	50	101	45.78	99	98.50054452361196	34.13013068566687	32785	0	workflow/work/raw/SRR5947074_R1.fastq.gz	workflow/work/raw/SRR5947074_R2.fastq.gz	FASTQ	FASTQ	DNA	DNA	9387974	9387974	889042511	887108199	50	50	94.7	94.5	101	101	101	100	101	101	101	101	0	0	101	101	1	1	99	99	99	98	34.25	34.01	45.78	45.78	26019	6766	100.5	101	101	101	2
SRR5947080	TRUE	3082896	6165792	563061078	91.35000000000001	50	101	46.880012949749656	98	94.4997841708391	29.624902876877595	3360	0	workflow/work/raw/SRR5947080_R1.fastq.gz	workflow/work/raw/SRR5947080_R2.fastq.gz	FASTQ	FASTQ	DNA	DNA	3082896	3082896	281652064	281409014	50	50	91.4	91.3	101	101	84	84	101	101	101	101	0	0	101	101	1	1	98	98	94	95	29.4	29.85	46.91	46.85	2977	383	84	101	101	101	2
SRR5947082	TRUE	10572074	21144148	1946838511	92.1	50	101	47.71030691254391	98.50383640679892	96.50383640679892	30.62506405697458	135004	0	workflow/work/raw/SRR5947082_R1.fastq.gz	workflow/work/raw/SRR5947082_R2.fastq.gz	FASTQ	FASTQ	DNA	DNA	10572074	10572074	980888120	965950391	50	50	92.8	91.4	101	101	90	85	101	101	101	101	0	0	101	101	1	1	99	98	97	96	31.28	29.96	47.75	47.67	17045	117959	87.5	101	101	101	2
SRR5947086	TRUE	10927312	21854624	1981391133	90.7	50	101	44.64997772291938	97.50111385403076	93.00445541612304	28.687283400763057	18755	0	workflow/work/raw/SRR5947086_R1.fastq.gz	workflow/work/raw/SRR5947086_R2.fastq.gz	FASTQ	FASTQ	DNA	DNA	10927312	10927312	988488586	992902547	50	50	90.5	90.9	101	101	81	82	101	101	101	101	0	0	101	101	1	1	97	98	91	95	27.66	29.71	44.66	44.64	8555	10200	81.5	101	101	101	2
SRR5947089	TRUE	13616675	27233350	2608867109	95.8	50	101	44.08500747786077	99	98.50074778607667	34.090403804481404	49102	0	workflow/work/raw/SRR5947089_R1.fastq.gz	workflow/work/raw/SRR5947089_R2.fastq.gz	FASTQ	FASTQ	DNA	DNA	13616675	13616675	1306384429	1302482680	50	50	95.9	95.7	101	101	101	101	101	101	101	101	0	0	101	101	1	1	99	99	99	98	34.36	33.82	44.09	44.08	38858	10244	101	101	101	101	2
SRR5947090	TRUE	16135928	32271856	2992287985	92.75	50	101	45.53019583084347	98	95	30.010146873132598	67388	0	workflow/work/raw/SRR5947090_R1.fastq.gz	workflow/work/raw/SRR5947090_R2.fastq.gz	FASTQ	FASTQ	DNA	DNA	16135928	16135928	1503468771	1488819214	50	50	93.2	92.3	101	101	92	88	101	101	101	101	0	0	101	101	1	1	98	98	95	95	30.04	29.98	45.57	45.49	56272	11116	90	101	101	101	2
SRR5947095	TRUE	16264715	32529430	3027833879	93.1	50	101	47.100083606733435	98	95.50209016833581	30.065313525250374	80856	0	workflow/work/raw/SRR5947095_R1.fastq.gz	workflow/work/raw/SRR5947095_R2.fastq.gz	FASTQ	FASTQ	DNA	DNA	16264715	16264715	1520245622	1507588257	50	50	93.5	92.7	101	101	93	89	101	101	101	101	0	0	101	101	1	1	98	98	96	95	30.14	29.99	47.12	47.08	69420	11436	91	101	101	101	2
SRR5947102	TRUE	7123506	14247012	1356130920	95.19999999999999	50	101	44.32500476554284	99	98.5004765542843	34.15005718651412	24816	0	workflow/work/raw/SRR5947102_R1.fastq.gz	workflow/work/raw/SRR5947102_R2.fastq.gz	FASTQ	FASTQ	DNA	DNA	7123506	7123506	678711730	677419190	50	50	95.3	95.1	101	101	101	100	101	101	101	101	0	0	101	101	1	1	99	99	99	98	34.21	34.09	44.33	44.32	19560	5256	100.5	101	101	101	2
SRR5950484	TRUE	9085292	18170584	1727518014	95.05	50	101	45.215008319496455	99	98.50083194964589	34.04559068424857	32521	0	workflow/work/raw/SRR5950484_R1.fastq.gz	workflow/work/raw/SRR5950484_R2.fastq.gz	FASTQ	FASTQ	DNA	DNA	9085292	9085292	865196215	862321799	50	50	95.2	94.9	101	101	101	100	101	101	101	101	0	0	101	101	1	1	99	99	99	98	34.4	33.69	45.22	45.21	25773	6748	100.5	101	101	101	2
SRR5950488	TRUE	15559449	31118898	2903740238	93.3	50	101	43.080033492665336	98.49958134168337	95.49958134168337	30.319673446513022	28071	0	workflow/work/raw/SRR5950488_R1.fastq.gz	workflow/work/raw/SRR5950488_R2.fastq.gz	FASTQ	FASTQ	DNA	DNA	15559449	15559449	1453085794	1450654444	50	50	93.4	93.2	101	101	93	92	101	101	101	101	0	0	101	101	1	1	98	99	95	96	29.93	30.71	43.12	43.04	20815	7256	92.5	101	101	101	2
SRR5950489	TRUE	10650728	21301456	1915311418	89.9	50	101	46.270066475456055	98	93.9986704908789	29.19448813898837	24606	0	workflow/work/raw/SRR5950489_R1.fastq.gz	workflow/work/raw/SRR5950489_R2.fastq.gz	FASTQ	FASTQ	DNA	DNA	10650728	10650728	958928921	956382497	50	50	90	89.8	101	101	79	79	101	101	101	101	0	0	101	101	1	1	98	98	93	95	28.81	29.58	46.32	46.22	14595	10011	79	101	101	101	2
SRR5950490	TRUE	10654053	21308106	2041066230	95.8	50	101	48.470000000000006	99	98.50089717617836	33.91561905156306	37386	0	workflow/work/raw/SRR5950490_R1.fastq.gz	workflow/work/raw/SRR5950490_R2.fastq.gz	FASTQ	FASTQ	DNA	DNA	10654053	10654053	1022364311	1018701919	50	50	96	95.6	101	101	101	100	101	101	101	101	0	0	101	101	1	1	99	99	99	98	34.26	33.57	48.47	48.47	29630	7756	100.5	101	101	101	2
SRR5950491	TRUE	11325512	22651024	2105441713	92.95	50	101	48.24014936332745	98	94	29.289850636672554	25172	0	workflow/work/raw/SRR5950491_R1.fastq.gz	workflow/work/raw/SRR5950491_R2.fastq.gz	FASTQ	FASTQ	DNA	DNA	11325512	11325512	1055341488	1050100225	50	50	93.2	92.7	101	101	92	89	101	101	101	101	0	0	101	101	1	1	98	98	94	94	29.23	29.35	48.3	48.18	14091	11081	90.5	101	101	101	2
SRR5950492	TRUE	15423903	30847806	2902722208	94.10000000000001	50	101	43.770085164126044	98	96	30.244765798653376	75596	0	workflow/work/raw/SRR5950492_R1.fastq.gz	workflow/work/raw/SRR5950492_R2.fastq.gz	FASTQ	FASTQ	DNA	DNA	15423903	15423903	1457541299	1445180909	50	50	94.5	93.7	101	101	100	96	101	101	101	101	0	0	101	101	1	1	98	98	96	96	30.19	30.3	43.79	43.75	64189	11407	98	101	101	101	2
SRR5950499	TRUE	5098677	10197354	930473899	91.25	50	101	44.21006383683633	98	94.49680815818348	29.52369134485523	14340	0	workflow/work/raw/SRR5950499_R1.fastq.gz	workflow/work/raw/SRR5950499_R2.fastq.gz	FASTQ	FASTQ	DNA	DNA	5098677	5098677	468206875	462267024	50	50	91.8	90.7	101	101	85	81	101	101	101	101	0	0	101	101	1	1	98	98	94	95	29.32	29.73	44.22	44.2	11003	3337	83	101	101	101	2
SRR5950501	TRUE	11349816	22699632	2103877812	92.7	50	101	43.97501001699808	99	96	30.740140237973097	26533	0	workflow/work/raw/SRR5950501_R1.fastq.gz	workflow/work/raw/SRR5950501_R2.fastq.gz	FASTQ	FASTQ	DNA	DNA	11349816	11349816	1054046360	1049831452	50	50	92.9	92.5	101	101	90	88	101	101	101	101	0	0	101	101	1	1	99	99	96	96	30.81	30.67	43.98	43.97	20417	6116	89	101	101	101	2
SRR5950502	TRUE	10702348	21404696	2013983399	94.1	50	101	45.800022484440554	98.49887577797259	96	30.344471615647112	22225	0	workflow/work/raw/SRR5950502_R1.fastq.gz	workflow/work/raw/SRR5950502_R2.fastq.gz	FASTQ	FASTQ	DNA	DNA	10702348	10702348	1009255864	1004727535	50	50	94.3	93.9	101	101	100	98	101	101	101	101	0	0	101	101	1	1	98	99	96	96	30.11	30.58	45.81	45.79	17203	5022	99	101	101	101	2
SRR5950503	TRUE	12589703	25179406	2354105429	93.5	50	101	47.85499574644157	98.5001417852811	95.5001417852811	30.435146038839537	29511	0	workflow/work/raw/SRR5950503_R1.fastq.gz	workflow/work/raw/SRR5950503_R2.fastq.gz	FASTQ	FASTQ	DNA	DNA	12589703	12589703	1176718937	1177386492	50	50	93.5	93.5	101	101	92	93	101	101	101	101	0	0	101	101	1	1	98	99	95	96	29.92	30.95	47.87	47.84	22837	6674	92.5	101	101	101	2
SRR5950504	TRUE	11201559	22403118	2140551441	95.55	50	101	45.3050063429146	99	98.5006342914606	34.05523468784042	39703	0	workflow/work/raw/SRR5950504_R1.fastq.gz	workflow/work/raw/SRR5950504_R2.fastq.gz	FASTQ	FASTQ	DNA	DNA	11201559	11201559	1071633454	1068917987	50	50	95.7	95.4	101	101	101	101	101	101	101	101	0	0	101	101	1	1	99	99	99	98	34.24	33.87	45.31	45.3	31378	8325	101	101	101	101	2
SRR5950506	TRUE	17512702	35025404	3301263833	94.25	50	101	45.1650281797456	98.50281797456084	95.50281797456084	30.17654988600846	84934	0	workflow/work/raw/SRR5950506_R1.fastq.gz	workflow/work/raw/SRR5950506_R2.fastq.gz	FASTQ	FASTQ	DNA	DNA	17512702	17512702	1659934794	1641329039	50	50	94.8	93.7	101	101	100	96	101	101	101	101	0	0	101	101	1	1	99	98	96	95	30.45	29.9	45.17	45.16	72402	12532	98	101	101	101	2
SRR5950507	TRUE	7530883	15061766	1439436578	95.6	50	101	46.495223909740055	98	95	29.89605557448881	13327	0	workflow/work/raw/SRR5950507_R1.fastq.gz	workflow/work/raw/SRR5950507_R2.fastq.gz	FASTQ	FASTQ	DNA	DNA	7530883	7530883	724322630	715113948	50	50	96.2	95	101	101	101	100	101	101	101	101	0	0	101	101	1	1	98	98	95	95	30.06	29.73	46.53	46.46	9977	3350	100.5	101	101	101	2
SRR5950508	TRUE	12549495	25098990	2388596223	95.15	50	101	46.34001269135809	99	98.50063456790453	34.205247481482765	44735	0	workflow/work/raw/SRR5950508_R1.fastq.gz	workflow/work/raw/SRR5950508_R2.fastq.gz	FASTQ	FASTQ	DNA	DNA	12549495	12549495	1195813838	1192782385	50	50	95.3	95	101	101	101	100	101	101	101	101	0	0	101	101	1	1	99	99	99	98	34.4	34.01	46.35	46.33	35566	9169	100.5	101	101	101	2
SRR5950512	TRUE	10429510	20859020	1917804415	91.9	50	101	45.52997735864009	98	94.50056603399779	29.42063395807752	26054	0	workflow/work/raw/SRR5950512_R1.fastq.gz	workflow/work/raw/SRR5950512_R2.fastq.gz	FASTQ	FASTQ	DNA	DNA	10429510	10429510	957816665	959987750	50	50	91.8	92	101	101	85	86	101	101	101	101	0	0	101	101	1	1	98	98	94	95	28.86	29.98	45.55	45.51	16385	9669	85.5	101	101	101	2
SRR5950514	TRUE	9935901	19871802	1898694391	95.55000000000001	50	101	44.489999999999995	99	98.50055020729242	34.07513755182311	35565	0	workflow/work/raw/SRR5950514_R1.fastq.gz	workflow/work/raw/SRR5950514_R2.fastq.gz	FASTQ	FASTQ	DNA	DNA	9935901	9935901	950391871	948302520	50	50	95.7	95.4	101	101	101	101	101	101	101	101	0	0	101	101	1	1	99	99	99	98	34.2	33.95	44.49	44.49	28092	7473	101	101	101	101	2
SRR5950515	TRUE	10200791	20401582	1845341828	90.45	50	101	45.45495854829233	97.50037683370607	94.00075366741213	29.155508725503182	23146	0	workflow/work/raw/SRR5950515_R1.fastq.gz	workflow/work/raw/SRR5950515_R2.fastq.gz	FASTQ	FASTQ	DNA	DNA	10200791	10200791	921975527	923366301	50	50	90.4	90.5	101	101	80	81	101	101	101	101	0	0	101	101	1	1	97	98	93	95	28.48	29.83	45.51	45.4	13578	9568	80.5	101	101	101	2
SRR5950516	TRUE	10069991	20139982	1872321469	92.95	50	101	47.72998803755639	98.50029906109035	96.00059812218069	30.500346910864806	23537	0	workflow/work/raw/SRR5950516_R1.fastq.gz	workflow/work/raw/SRR5950516_R2.fastq.gz	FASTQ	FASTQ	DNA	DNA	10069991	10069991	935600796	936720673	50	50	92.9	93	101	101	90	90	101	101	101	101	0	0	101	101	1	1	98	99	95	97	29.92	31.08	47.75	47.71	18112	5425	90	101	101	101	2
SRR5950518	TRUE	7704647	15409294	1398950674	90.75	50	101	47.72497708868469	98	94.00041656936934	29.20016246205404	16376	0	workflow/work/raw/SRR5950518_R1.fastq.gz	workflow/work/raw/SRR5950518_R2.fastq.gz	FASTQ	FASTQ	DNA	DNA	7704647	7704647	699183957	699766717	50	50	90.7	90.8	101	101	81	82	101	101	101	101	0	0	101	101	1	1	98	98	93	95	28.81	29.59	47.78	47.67	9003	7373	81.5	101	101	101	2
SRR5950520	TRUE	15797767	31595534	2914499013	92.25	50	101	45.030037954622564	98	96	30.185018977311284	74168	0	workflow/work/raw/SRR5950520_R1.fastq.gz	workflow/work/raw/SRR5950520_R2.fastq.gz	FASTQ	FASTQ	DNA	DNA	15797767	15797767	1462780442	1451718571	50	50	92.6	91.9	101	101	89	86	101	101	101	101	0	0	101	101	1	1	98	98	96	96	30.19	30.18	45.04	45.02	63160	11008	87.5	101	101	101	2
SRR5950521	TRUE	9650670	19301340	1785160614	92.5	50	101	49.08016787007155	98	95.49790162410562	30.099328519713804	17295	0	workflow/work/raw/SRR5950521_R1.fastq.gz	workflow/work/raw/SRR5950521_R2.fastq.gz	FASTQ	FASTQ	DNA	DNA	9650670	9650670	896326245	888834369	50	50	92.9	92.1	101	101	90	87	101	101	101	101	0	0	101	101	1	1	98	98	95	96	29.94	30.26	49.12	49.04	12671	4624	88.5	101	101	101	2
SRR5950524	TRUE	10919648	21839296	2023512616	92.65	50	101	45.05549944474376	98	94	29.086805684842837	23973	0	workflow/work/raw/SRR5950524_R1.fastq.gz	workflow/work/raw/SRR5950524_R2.fastq.gz	FASTQ	FASTQ	DNA	DNA	10919648	10919648	1019530406	1003982210	50	50	93.4	91.9	101	101	92	86	101	101	101	101	0	0	101	101	1	1	98	98	94	94	29.32	28.85	45.12	44.99	13834	10139	89	101	101	101	2
SRR5950530	TRUE	2258	4516	403700	89.4	50	101	50.820051523408466	98	95.50257617042358	30.816210800099086	11	0	workflow/work/raw/SRR5950530_R1.fastq.gz	workflow/work/raw/SRR5950530_R2.fastq.gz	FASTQ	FASTQ	DNA	DNA	2258	2258	202890	200810	50	50	89.9	88.9	101	101	78	76	101	101	101	101	0	0	101	101	1	1	98	98	96	95	31.05	30.58	50.83	50.81	8	3	77	101	101	101	2
SRR5950532	TRUE	15229050	30458100	2822949661	92.7	50	101	48.34013465891555	98.50336647288873	95.50336647288873	30.238130819786512	78181	0	workflow/work/raw/SRR5950532_R1.fastq.gz	workflow/work/raw/SRR5950532_R2.fastq.gz	FASTQ	FASTQ	DNA	DNA	15229050	15229050	1420978214	1401971447	50	50	93.3	92.1	101	101	92	86	101	101	101	101	0	0	101	101	1	1	99	98	96	95	30.7	29.77	48.36	48.32	67490	10691	89	101	101	101	2
SRR5950533	TRUE	9631401	19262802	1819204206	94.45	50	101	44.585012218292995	98.50122182929914	96	30.61530545732478	22258	0	workflow/work/raw/SRR5950533_R1.fastq.gz	workflow/work/raw/SRR5950533_R2.fastq.gz	FASTQ	FASTQ	DNA	DNA	9631401	9631401	911824860	907379346	50	50	94.7	94.2	101	101	100	99	101	101	101	101	0	0	101	101	1	1	99	98	96	96	30.74	30.49	44.59	44.58	17138	5120	99.5	101	101	101	2
SRR5950534	TRUE	13799178	27598356	2548704866	92.35	50	101	46.325009664802835	98.49967783990569	96	30.47978093113587	32643	0	workflow/work/raw/SRR5950534_R1.fastq.gz	workflow/work/raw/SRR5950534_R2.fastq.gz	FASTQ	FASTQ	DNA	DNA	13799178	13799178	1275173524	1273531342	50	50	92.4	92.3	101	101	88	87	101	101	101	101	0	0	101	101	1	1	98	99	96	96	30.14	30.82	46.34	46.31	25148	7495	87.5	101	101	101	2
SRR5950538	TRUE	9755580	19511160	1796050831	92.05	50	101	47.230000000000004	98.50387901577157	95.50387901577157	30.149383287821877	47370	0	workflow/work/raw/SRR5950538_R1.fastq.gz	workflow/work/raw/SRR5950538_R2.fastq.gz	FASTQ	FASTQ	DNA	DNA	9755580	9755580	904992325	891058506	50	50	92.8	91.3	101	101	89	84	101	101	101	101	0	0	101	101	1	1	99	98	96	95	30.71	29.58	47.23	47.23	40678	6692	86.5	101	101	101	2
SRR5950539	TRUE	7107253	14214506	1355399475	95.35	50	101	43.26500740389471	99	98.50074038947079	34.12045904147189	24968	0	workflow/work/raw/SRR5950539_R1.fastq.gz	workflow/work/raw/SRR5950539_R2.fastq.gz	FASTQ	FASTQ	DNA	DNA	7107253	7107253	678703261	676696214	50	50	95.5	95.2	101	101	101	100	101	101	101	101	0	0	101	101	1	1	99	99	99	98	34.43	33.81	43.27	43.26	19769	5199	100.5	101	101	101	2
SRR5950541	TRUE	8879758	17759516	1647567117	92.8	50	101	46.025249681813115	98	95	29.975638075744627	37370	0	workflow/work/raw/SRR5950541_R1.fastq.gz	workflow/work/raw/SRR5950541_R2.fastq.gz	FASTQ	FASTQ	DNA	DNA	8879758	8879758	828354309	819212808	50	50	93.3	92.3	101	101	92	87	101	101	101	101	0	0	101	101	1	1	98	98	95	95	30.09	29.86	46.07	45.98	31311	6059	89.5	101	101	101	2
SRR5950543	TRUE	9177770	18355540	1727952893	94.15	50	101	48.12997158907503	98	94.99857945375135	29.683813843882373	11053	0	workflow/work/raw/SRR5950543_R1.fastq.gz	workflow/work/raw/SRR5950543_R2.fastq.gz	FASTQ	FASTQ	DNA	DNA	9177770	9177770	865203765	862749128	50	50	94.3	94	101	101	100	99	101	101	101	101	0	0	101	101	1	1	98	98	94	96	28.85	30.52	48.11	48.15	7678	3375	99.5	101	101	101	2
SRR5950544	TRUE	7978006	15956012	1453429624	91.1	50	101	45.10526291898396	98	95.502921322044	30.09052583796792	35291	0	workflow/work/raw/SRR5950544_R1.fastq.gz	workflow/work/raw/SRR5950544_R2.fastq.gz	FASTQ	FASTQ	DNA	DNA	7978006	7978006	730960748	722468876	50	50	91.6	90.6	101	101	84	81	101	101	101	101	0	0	101	101	1	1	98	98	96	95	30.18	30	45.15	45.06	29792	5499	82.5	101	101	101	2
SRR5950545	TRUE	9261741	18523482	1683494770	90.89999999999999	50	101	46.36993202133915	97.50056648884035	94.00113297768071	29.185515504844723	19857	0	workflow/work/raw/SRR5950545_R1.fastq.gz	workflow/work/raw/SRR5950545_R2.fastq.gz	FASTQ	FASTQ	DNA	DNA	9261741	9261741	840793704	842701066	50	50	90.8	91	101	101	82	82	101	101	101	101	0	0	101	101	1	1	97	98	93	95	28.73	29.64	46.43	46.31	10913	8944	82	101	101	101	2
SRR5950548	TRUE	6833634	13667268	1246724429	91.25	50	101	47.60482996386365	97.50130797027961	94.00261594055922	29.19175268017468	14487	0	workflow/work/raw/SRR5950548_R1.fastq.gz	workflow/work/raw/SRR5950548_R2.fastq.gz	FASTQ	FASTQ	DNA	DNA	6833634	6833634	621731536	624992893	50	50	91	91.5	101	101	82	84	101	101	101	101	0	0	101	101	1	1	97	98	93	95	28.52	29.86	47.67	47.54	7829	6658	83	101	101	101	2
SRR5950549	TRUE	12022158	24044316	2240981213	93.20000000000002	50	101	44.6149835135588	98	94.00025363755694	29.190096382271637	25710	0	workflow/work/raw/SRR5950549_R1.fastq.gz	workflow/work/raw/SRR5950549_R2.fastq.gz	FASTQ	FASTQ	DNA	DNA	12022158	12022158	1120206408	1120774805	50	50	93.2	93.2	101	101	91	92	101	101	101	101	0	0	101	101	1	1	98	98	93	95	28.81	29.57	44.68	44.55	14227	11483	91.5	101	101	101	2
SRR5950551	TRUE	11010806	22021612	2109344267	95.75	50	101	47.170016175164264	99	98.50080875821301	34.030501430092066	39754	0	workflow/work/raw/SRR5950551_R1.fastq.gz	workflow/work/raw/SRR5950551_R2.fastq.gz	FASTQ	FASTQ	DNA	DNA	11010806	11010806	1056378083	1052966184	50	50	95.9	95.6	101	101	101	101	101	101	101	101	0	0	101	101	1	1	99	99	99	98	34.34	33.72	47.18	47.16	31555	8199	101	101	101	101	2
SRR5950553	TRUE	11979253	23958506	2290394510	95.60000000000002	50	101	47.23	99	98.50076693992774	34.06539113936315	43108	0	workflow/work/raw/SRR5950553_R1.fastq.gz	workflow/work/raw/SRR5950553_R2.fastq.gz	FASTQ	FASTQ	DNA	DNA	11979253	11979253	1146953850	1143440660	50	50	95.7	95.5	101	101	101	101	101	101	101	101	0	0	101	101	1	1	99	99	99	98	34.32	33.81	47.23	47.23	34149	8959	101	101	101	101	2
SRR5950555	TRUE	13509021	27018042	2554020360	94.55	50	101	45.88500384258879	98.49961574112119	95.99923148224238	30.50458884299967	27901	0	workflow/work/raw/SRR5950555_R1.fastq.gz	workflow/work/raw/SRR5950555_R2.fastq.gz	FASTQ	FASTQ	DNA	DNA	13509021	13509021	1277991585	1276028775	50	50	94.6	94.5	101	101	100	100	101	101	101	101	0	0	101	101	1	1	98	99	95	97	29.97	31.04	45.89	45.88	21643	6258	100	101	101	101	2
SRR5950556	TRUE	8744105	17488210	1638900248	93.7	50	101	50.444990327361275	99	98.50096726387218	33.90077381109774	31325	0	workflow/work/raw/SRR5950556_R1.fastq.gz	workflow/work/raw/SRR5950556_R2.fastq.gz	FASTQ	FASTQ	DNA	DNA	8744105	8744105	821035373	817864875	50	50	93.9	93.5	101	101	99	92	101	101	101	101	0	0	101	101	1	1	99	99	99	98	34.3	33.5	50.44	50.45	24834	6491	95.5	101	101	101	2
SRR5950558	TRUE	7163694	14327388	1292672639	90.25	50	101	45.409838070155054	97.50202412306183	94.5060723691855	29.45315763197646	18702	0	workflow/work/raw/SRR5950558_R1.fastq.gz	workflow/work/raw/SRR5950558_R2.fastq.gz	FASTQ	FASTQ	DNA	DNA	7163694	7163694	643719791	648952848	50	50	89.9	90.6	101	101	79	81	101	101	101	101	0	0	101	101	1	1	97	98	93	96	28.67	30.23	45.45	45.37	11543	7159	80	101	101	101	2
SRR5950559	TRUE	11322661	22645322	2052993610	90.64999999999999	50	101	45.68002535322065	97.4993661694836	93.99873233896719	28.84430912473712	21307	0	workflow/work/raw/SRR5950559_R1.fastq.gz	workflow/work/raw/SRR5950559_R2.fastq.gz	FASTQ	FASTQ	DNA	DNA	11322661	11322661	1027798055	1025195555	50	50	90.8	90.5	101	101	81	81	101	101	101	101	0	0	101	101	1	1	97	98	93	95	28.3	29.39	45.7	45.66	10582	10725	81	101	101	101	2
SRR5950561	TRUE	9758236	19516472	1754753183	89.94999999999999	50	101	46.28482397875782	97.50195579157983	94.00391158315966	29.372894571538158	25115	0	workflow/work/raw/SRR5950561_R1.fastq.gz	workflow/work/raw/SRR5950561_R2.fastq.gz	FASTQ	FASTQ	DNA	DNA	9758236	9758236	873944660	880808523	50	50	89.6	90.3	101	101	78	80	101	101	101	101	0	0	101	101	1	1	97	98	93	95	28.63	30.11	46.33	46.24	15461	9654	79	101	101	101	2
SRR5950563	TRUE	9913957	19827914	1812908398	91.39999999999999	50	101	47.66510805203959	98	96	30.145064831223756	55382	0	workflow/work/raw/SRR5950563_R1.fastq.gz	workflow/work/raw/SRR5950563_R2.fastq.gz	FASTQ	FASTQ	DNA	DNA	9913957	9913957	910371968	902536430	50	50	91.8	91	101	101	85	82	101	101	101	101	0	0	101	101	1	1	98	98	96	96	30.16	30.13	47.69	47.64	48261	7121	83.5	101	101	101	2
SRR5950564	TRUE	6073700	12147400	1145736261	94.35	50	101	45.88000000000001	99	98.50073762918113	34.01536143829876	21745	0	workflow/work/raw/SRR5950564_R1.fastq.gz	workflow/work/raw/SRR5950564_R2.fastq.gz	FASTQ	FASTQ	DNA	DNA	6073700	6073700	573713259	572023002	50	50	94.5	94.2	101	101	100	100	101	101	101	101	0	0	101	101	1	1	99	99	99	98	34.26	33.77	45.88	45.88	17261	4484	100	101	101	101	2
SRR5950569	TRUE	11438875	22877750	2169159666	94.8	50	101	45.960357334691466	98	95.5035733469147	29.94157227264247	49998	0	workflow/work/raw/SRR5950569_R1.fastq.gz	workflow/work/raw/SRR5950569_R2.fastq.gz	FASTQ	FASTQ	DNA	DNA	11438875	11438875	1092330993	1076828673	50	50	95.5	94.1	101	101	101	98	101	101	101	101	0	0	101	101	1	1	98	98	96	95	30.16	29.72	46.01	45.91	41944	8054	99.5	101	101	101	2
SRR5950575	TRUE	13624718	27249436	2548285012	93.5	50	101	44.30006934464519	98	96	30.19923720890291	64594	0	workflow/work/raw/SRR5950575_R1.fastq.gz	workflow/work/raw/SRR5950575_R2.fastq.gz	FASTQ	FASTQ	DNA	DNA	13624718	13624718	1278560254	1269724758	50	50	93.8	93.2	101	101	99	92	101	101	101	101	0	0	101	101	1	1	98	98	96	96	29.98	30.42	44.32	44.28	54874	9720	95.5	101	101	101	2
SRR5950577	TRUE	11480253	22960506	2153534328	93.80000000000001	50	101	45.070298273490074	98	95	29.92023861879206	48767	0	workflow/work/raw/SRR5950577_R1.fastq.gz	workflow/work/raw/SRR5950577_R2.fastq.gz	FASTQ	FASTQ	DNA	DNA	11480253	11480253	1083190586	1070343742	50	50	94.4	93.2	101	101	100	91	101	101	101	101	0	0	101	101	1	1	98	98	95	95	29.96	29.88	45.12	45.02	40795	7972	95.5	101	101	101	2
SRR5950581	TRUE	8733238	17466476	1584719296	90.75	50	101	45.53036644723231	98	94	29.075763431733968	19252	0	workflow/work/raw/SRR5950581_R1.fastq.gz	workflow/work/raw/SRR5950581_R2.fastq.gz	FASTQ	FASTQ	DNA	DNA	8733238	8733238	797198948	787520348	50	50	91.3	90.2	101	101	83	80	101	101	101	101	0	0	101	101	1	1	98	98	94	94	29.2	28.95	45.59	45.47	11365	7887	81.5	101	101	101	2
SRR5950584	TRUE	10324230	20648460	1901336829	92.05	50	101	43.5700124264463	98	94.49968933884254	29.36980739008238	26158	0	workflow/work/raw/SRR5950584_R1.fastq.gz	workflow/work/raw/SRR5950584_R2.fastq.gz	FASTQ	FASTQ	DNA	DNA	10324230	10324230	951259086	950077743	50	50	92.1	92	101	101	87	86	101	101	101	101	0	0	101	101	1	1	98	98	94	95	29.06	29.68	43.59	43.55	16431	9727	86.5	101	101	101	2
SRR5950585	TRUE	18605942	37211884	3476434791	93.4	50	101	46.23000225406788	98.4999718241515	95.4999718241515	30.264968724808167	32898	0	workflow/work/raw/SRR5950585_R1.fastq.gz	workflow/work/raw/SRR5950585_R2.fastq.gz	FASTQ	FASTQ	DNA	DNA	18605942	18605942	1738315347	1738119444	50	50	93.4	93.4	101	101	93	93	101	101	101	101	0	0	101	101	1	1	98	99	95	96	29.71	30.82	46.27	46.19	24161	8737	93	101	101	101	2
SRR5950587	TRUE	12410247	24820494	2364051626	95.25	50	101	45.65001491819367	99	98.50074590968345	34.00539533213223	43934	0	workflow/work/raw/SRR5950587_R1.fastq.gz	workflow/work/raw/SRR5950587_R2.fastq.gz	FASTQ	FASTQ	DNA	DNA	12410247	12410247	1183789182	1180262444	50	50	95.4	95.1	101	101	101	100	101	101	101	101	0	0	101	101	1	1	99	99	99	98	34.27	33.74	45.66	45.64	34743	9191	100.5	101	101	101	2
SRR5950591	TRUE	11444414	22888828	2183171569	95.35000000000001	50	101	44.86001679739262	99	98.50083986963097	34.100571111349055	40437	0	workflow/work/raw/SRR5950591_R1.fastq.gz	workflow/work/raw/SRR5950591_R2.fastq.gz	FASTQ	FASTQ	DNA	DNA	11444414	11444414	1093419364	1089752205	50	50	95.5	95.2	101	101	101	100	101	101	101	101	0	0	101	101	1	1	99	99	99	98	34.44	33.76	44.87	44.85	32092	8345	100.5	101	101	101	2
SRR5950593	TRUE	11011826	22023652	1984910753	90.1	50	101	43.61978526964028	97.50268412949647	94.50805238848943	29.479965639568483	28707	0	workflow/work/raw/SRR5950593_R1.fastq.gz	workflow/work/raw/SRR5950593_R2.fastq.gz	FASTQ	FASTQ	DNA	DNA	11011826	11011826	987127619	997783134	50	50	89.6	90.6	101	101	78	81	101	101	101	101	0	0	101	101	1	1	97	98	93	96	28.55	30.4	43.66	43.58	17546	11161	79.5	101	101	101	2
SRR5950594	TRUE	10057100	20114200	1854765051	92.25	50	101	45.34996697956974	98	94.5008255107563	29.45560262285209	25598	0	workflow/work/raw/SRR5950594_R1.fastq.gz	workflow/work/raw/SRR5950594_R2.fastq.gz	FASTQ	FASTQ	DNA	DNA	10057100	10057100	925851397	928913654	50	50	92.1	92.4	101	101	86	88	101	101	101	101	0	0	101	101	1	1	98	98	94	95	29.09	29.82	45.37	45.33	15603	9995	87	101	101	101	2
SRR5950595	TRUE	6975032	13950064	1315092297	94.3	50	101	46.36500467749299	99	98	34.1000467749299	24491	0	workflow/work/raw/SRR5950595_R1.fastq.gz	workflow/work/raw/SRR5950595_R2.fastq.gz	FASTQ	FASTQ	DNA	DNA	6975032	6975032	658161282	656931015	50	50	94.4	94.2	101	101	100	100	101	101	101	101	0	0	101	101	1	1	99	99	98	98	34.15	34.05	46.37	46.36	19440	5051	100	101	101	101	2
SRR5950596	TRUE	13187626	26375252	2442007252	92.55	50	101	47.100013551261966	98	95	29.509959346214092	34016	0	workflow/work/raw/SRR5950596_R1.fastq.gz	workflow/work/raw/SRR5950596_R2.fastq.gz	FASTQ	FASTQ	DNA	DNA	13187626	13187626	1221830933	1220176319	50	50	92.6	92.5	101	101	89	88	101	101	101	101	0	0	101	101	1	1	98	98	95	95	29.45	29.57	47.12	47.08	21056	12960	88.5	101	101	101	2
SRR5950598	TRUE	13146512	26293024	2378744106	90.45	50	101	44.71492931509548	98	94.50141369809032	29.396399561109412	33606	0	workflow/work/raw/SRR5950598_R1.fastq.gz	workflow/work/raw/SRR5950598_R2.fastq.gz	FASTQ	FASTQ	DNA	DNA	13146512	13146512	1186009227	1192734879	50	50	90.2	90.7	101	101	80	81	101	101	101	101	0	0	101	101	1	1	98	98	94	95	28.9	29.89	44.74	44.69	20669	12937	80.5	101	101	101	2
SRR5950599	TRUE	13479075	26958150	2463650983	91.4	50	101	45.089954137976214	98	94.50114655059483	29.521031895535344	34458	0	workflow/work/raw/SRR5950599_R1.fastq.gz	workflow/work/raw/SRR5950599_R2.fastq.gz	FASTQ	FASTQ	DNA	DNA	13479075	13479075	1229000791	1234650192	50	50	91.2	91.6	101	101	83	85	101	101	101	101	0	0	101	101	1	1	98	98	94	95	29.07	29.97	45.11	45.07	21217	13241	84	101	101	101	2
SRR5950600	TRUE	12259032	24518064	2350672357	95.85000000000001	50	101	44.20500682707012	99	98.50068270701156	34.13529356401497	43448	0	workflow/work/raw/SRR5950600_R1.fastq.gz	workflow/work/raw/SRR5950600_R2.fastq.gz	FASTQ	FASTQ	DNA	DNA	12259032	12259032	1176940999	1173731358	50	50	96	95.7	101	101	101	101	101	101	101	101	0	0	101	101	1	1	99	99	99	98	34.35	33.92	44.21	44.2	34230	9218	101	101	101	101	2
SRR5950601	TRUE	12346826	24693652	2300666867	93.15	50	101	44.29	98	96	30.245136510378583	59602	0	workflow/work/raw/SRR5950601_R1.fastq.gz	workflow/work/raw/SRR5950601_R2.fastq.gz	FASTQ	FASTQ	DNA	DNA	12346826	12346826	1154820075	1145846792	50	50	93.5	92.8	101	101	94	90	101	101	101	101	0	0	101	101	1	1	98	98	96	96	30.28	30.21	44.29	44.29	50657	8945	92	101	101	101	2
SRR5950602	TRUE	11095140	22190280	2012953401	90.75	50	101	45.500121433128996	97.4991326205072	93.4991326205072	28.95934079158547	23591	0	workflow/work/raw/SRR5950602_R1.fastq.gz	workflow/work/raw/SRR5950602_R2.fastq.gz	FASTQ	FASTQ	DNA	DNA	11095140	11095140	1008222695	1004730706	50	50	90.9	90.6	101	101	82	81	101	101	101	101	0	0	101	101	1	1	97	98	93	94	28.58	29.34	45.57	45.43	13581	10010	81.5	101	101	101	2
SRR5950604	TRUE	8614057	17228114	1631323888	94.64999999999999	50	101	47.28999999999999	99	98.50079967872082	34.140543781530155	31165	0	workflow/work/raw/SRR5950604_R1.fastq.gz	workflow/work/raw/SRR5950604_R2.fastq.gz	FASTQ	FASTQ	DNA	DNA	8614057	8614057	816966479	814357409	50	50	94.8	94.5	101	101	101	100	101	101	101	101	0	0	101	101	1	1	99	99	99	98	34.48	33.8	47.29	47.29	24806	6359	100.5	101	101	101	2
SRR5950605	TRUE	21113317	42226634	3931478699	93.10000000000001	50	101	46.6951105865956	98	96	30.329968403829827	39897	0	workflow/work/raw/SRR5950605_R1.fastq.gz	workflow/work/raw/SRR5950605_R2.fastq.gz	FASTQ	FASTQ	DNA	DNA	21113317	21113317	1971950333	1959528366	50	50	93.4	92.8	101	101	93	90	101	101	101	101	0	0	101	101	1	1	98	98	96	96	30.32	30.34	46.73	46.66	30056	9841	91.5	101	101	101	2
SRR5950606	TRUE	5992706	11985412	1073113046	89.55	50	101	46.74499586229987	99	96	30.814838629694563	13637	0	workflow/work/raw/SRR5950606_R1.fastq.gz	workflow/work/raw/SRR5950606_R2.fastq.gz	FASTQ	FASTQ	DNA	DNA	5992706	5992706	537000545	536112501	50	50	89.6	89.5	101	101	78	77	101	101	101	101	0	0	101	101	1	1	99	99	96	96	30.62	31.01	46.74	46.75	10405	3232	77.5	101	101	101	2
SRR5950609	TRUE	14297280	28594560	2727464404	95.35	50	101	46.405007584267636	99	98.50075842676333	34.01039438191693	50981	0	workflow/work/raw/SRR5950609_R1.fastq.gz	workflow/work/raw/SRR5950609_R2.fastq.gz	FASTQ	FASTQ	DNA	DNA	14297280	14297280	1365800784	1361663620	50	50	95.5	95.2	101	101	101	100	101	101	101	101	0	0	101	101	1	1	99	99	99	98	34.27	33.75	46.41	46.4	40402	10579	100.5	101	101	101	2
SRR5950610	TRUE	5721239	11442478	1082960413	94.65	50	101	42.54523107181205	98	95	30.045179722520476	10270	0	workflow/work/raw/SRR5950610_R1.fastq.gz	workflow/work/raw/SRR5950610_R2.fastq.gz	FASTQ	FASTQ	DNA	DNA	5721239	5721239	544260669	538699744	50	50	95.1	94.2	101	101	101	99	101	101	101	101	0	0	101	101	1	1	98	98	95	95	30.08	30.01	42.59	42.5	7638	2632	100	101	101	101	2
SRR5950612	TRUE	15914065	31828130	2973643804	93.45	50	101	44.270291924708275	98	95	29.995904966595653	29367	0	workflow/work/raw/SRR5950612_R1.fastq.gz	workflow/work/raw/SRR5950612_R2.fastq.gz	FASTQ	FASTQ	DNA	DNA	15914065	15914065	1495502703	1478141101	50	50	94	92.9	101	101	99	90	101	101	101	101	0	0	101	101	1	1	98	98	95	95	30.15	29.84	44.32	44.22	21634	7733	94.5	101	101	101	2
SRR5950614	TRUE	10985881	21971762	2064409964	93.95	50	101	46.554997790143396	98.50004419713215	95.50004419713215	30.37504287121819	25785	0	workflow/work/raw/SRR5950614_R1.fastq.gz	workflow/work/raw/SRR5950614_R2.fastq.gz	FASTQ	FASTQ	DNA	DNA	10985881	10985881	1032113741	1032296223	50	50	93.9	94	101	101	99	98	101	101	101	101	0	0	101	101	1	1	98	99	95	96	29.89	30.86	46.58	46.53	19858	5927	98.5	101	101	101	2
SRR5950617	TRUE	14558155	29116310	2694696211	92.55	50	101	45.22509954728251	98	94	29.14477375617611	31436	0	workflow/work/raw/SRR5950617_R1.fastq.gz	workflow/work/raw/SRR5950617_R2.fastq.gz	FASTQ	FASTQ	DNA	DNA	14558155	14558155	1349786739	1344909472	50	50	92.7	92.4	101	101	89	88	101	101	101	101	0	0	101	101	1	1	98	98	94	94	29.02	29.27	45.28	45.17	17381	14055	88.5	101	101	101	2
SRR5950618	TRUE	21460412	42920824	4003239159	93.25	50	101	45.58010790441011	98	95.49865119487356	30.154716750923452	38723	0	workflow/work/raw/SRR5950618_R1.fastq.gz	workflow/work/raw/SRR5950618_R2.fastq.gz	FASTQ	FASTQ	DNA	DNA	21460412	21460412	2007019169	1996219990	50	50	93.5	93	101	101	93	91	101	101	101	101	0	0	101	101	1	1	98	98	95	96	30.05	30.26	45.62	45.54	28782	9941	92	101	101	101	2
SRR5950619	TRUE	12203225	24406450	2318942525	95.05	50	101	45.0050080270187	99	98.50080270186946	34.100545837271234	43558	0	workflow/work/raw/SRR5950619_R1.fastq.gz	workflow/work/raw/SRR5950619_R2.fastq.gz	FASTQ	FASTQ	DNA	DNA	12203225	12203225	1161332682	1157609843	50	50	95.2	94.9	101	101	101	100	101	101	101	101	0	0	101	101	1	1	99	99	99	98	34.44	33.76	45.01	45	34540	9018	100.5	101	101	101	2
SRR5950623	TRUE	10478344	20956688	1982215458	94.55000000000001	50	101	44.98	99	98.50077063671047	34.12046238202628	36980	0	workflow/work/raw/SRR5950623_R1.fastq.gz	workflow/work/raw/SRR5950623_R2.fastq.gz	FASTQ	FASTQ	DNA	DNA	10478344	10478344	992635297	989580161	50	50	94.7	94.4	101	101	101	100	101	101	101	101	0	0	101	101	1	1	99	99	99	98	34.42	33.82	44.98	44.98	29382	7598	100.5	101	101	101	2
SRR5950626	TRUE	7978949	15957898	1424109941	89.25	50	101	46.47499300500284	98	94.5006994997165	29.57560856475336	19558	0	workflow/work/raw/SRR5950626_R1.fastq.gz	workflow/work/raw/SRR5950626_R2.fastq.gz	FASTQ	FASTQ	DNA	DNA	7978949	7978949	711058806	713051135	50	50	89.1	89.4	101	101	77	77	101	101	101	101	0	0	101	101	1	1	98	98	94	95	29.14	30.01	46.48	46.47	11808	7750	77	101	101	101	2
SRR5950630	TRUE	15067890	30135780	2767922570	91.85	50	101	48.93009820634542	98	95.50245515863546	30.12073654759063	74967	0	workflow/work/raw/SRR5950630_R1.fastq.gz	workflow/work/raw/SRR5950630_R2.fastq.gz	FASTQ	FASTQ	DNA	DNA	15067890	15067890	1390756974	1377165596	50	50	92.3	91.4	101	101	87	84	101	101	101	101	0	0	101	101	1	1	98	98	96	95	30.27	29.97	48.95	48.91	64581	10386	85.5	101	101	101	2
SRR5950632	TRUE	14501473	29002946	2670295458	92.05000000000001	50	101	45.71497756428045	98	94.50074785731819	29.50050854297637	37413	0	workflow/work/raw/SRR5950632_R1.fastq.gz	workflow/work/raw/SRR5950632_R2.fastq.gz	FASTQ	FASTQ	DNA	DNA	14501473	14501473	1333150729	1337144729	50	50	91.9	92.2	101	101	86	87	101	101	101	101	0	0	101	101	1	1	98	98	94	95	29.16	29.84	45.73	45.7	23370	14043	86.5	101	101	101	2
SRR5950633	TRUE	11261265	22522530	2111164202	93.75	50	101	44.44007135181615	98	94.49643240919258	29.389072426390072	31251	0	workflow/work/raw/SRR5950633_R1.fastq.gz	workflow/work/raw/SRR5950633_R2.fastq.gz	FASTQ	FASTQ	DNA	DNA	11261265	11261265	1063113871	1048050331	50	50	94.4	93.1	101	101	100	91	101	101	101	101	0	0	101	101	1	1	98	98	94	95	29.26	29.52	44.45	44.43	23888	7363	95.5	101	101	101	2
SRR5950635	TRUE	16964566	33929132	3238175678	95.44999999999999	50	101	43.76500618142189	99	98.50061814218839	34.27524107545347	61261	0	workflow/work/raw/SRR5950635_R1.fastq.gz	workflow/work/raw/SRR5950635_R2.fastq.gz	FASTQ	FASTQ	DNA	DNA	16964566	16964566	1621089492	1617086186	50	50	95.6	95.3	101	101	101	101	101	101	101	101	0	0	101	101	1	1	99	99	99	98	34.47	34.08	43.77	43.76	48317	12944	101	101	101	101	2
SRR5950637	TRUE	11020095	22040190	2057651614	93.35	50	101	45.885006474473094	98.49935255269116	96	30.514475567679845	23064	0	workflow/work/raw/SRR5950637_R1.fastq.gz	workflow/work/raw/SRR5950637_R2.fastq.gz	FASTQ	FASTQ	DNA	DNA	11020095	11020095	1030158028	1027493586	50	50	93.5	93.2	101	101	93	92	101	101	101	101	0	0	101	101	1	1	98	99	96	96	30.11	30.92	45.89	45.88	17838	5226	92.5	101	101	101	2
SRR5950640	TRUE	15389249	30778498	2886887361	93.8	50	101	42.71001437373365	98.49928131331758	96	30.594561601123722	33352	0	workflow/work/raw/SRR5950640_R1.fastq.gz	workflow/work/raw/SRR5950640_R2.fastq.gz	FASTQ	FASTQ	DNA	DNA	15389249	15389249	1445518448	1441368913	50	50	93.9	93.7	101	101	99	96	101	101	101	101	0	0	101	101	1	1	98	99	96	96	30.29	30.9	42.72	42.7	25735	7617	97.5	101	101	101	2
SRR5950642	TRUE	8460820	16921640	1621773303	95.8	50	101	47.0900201442766	99	98.50100721383006	33.930886348170446	30035	0	workflow/work/raw/SRR5950642_R1.fastq.gz	workflow/work/raw/SRR5950642_R2.fastq.gz	FASTQ	FASTQ	DNA	DNA	8460820	8460820	812520124	809253179	50	50	96	95.6	101	101	101	101	101	101	101	101	0	0	101	101	1	1	99	99	99	98	34.37	33.49	47.1	47.08	23876	6159	101	101	101	101	2
SRR5950645	TRUE	5371929	10743858	1028297667	95.7	50	101	46.28001866940927	99	98.50093347046366	33.97072810696166	19100	0	workflow/work/raw/SRR5950645_R1.fastq.gz	workflow/work/raw/SRR5950645_R2.fastq.gz	FASTQ	FASTQ	DNA	DNA	5371929	5371929	515108719	513188948	50	50	95.9	95.5	101	101	101	101	101	101	101	101	0	0	101	101	1	1	99	99	99	98	34.36	33.58	46.29	46.27	15124	3976	101	101	101	101	2
SRR5950648	TRUE	12714237	25428474	2389001537	93.95	50	101	46.30028031486779	98	95	30.05553259824881	23277	0	workflow/work/raw/SRR5950648_R1.fastq.gz	workflow/work/raw/SRR5950648_R2.fastq.gz	FASTQ	FASTQ	DNA	DNA	12714237	12714237	1201197495	1187804042	50	50	94.5	93.4	101	101	100	93	101	101	101	101	0	0	101	101	1	1	98	98	95	95	30.15	29.96	46.35	46.25	17033	6244	96.5	101	101	101	2
SRR5950650	TRUE	7888925	15777850	1504289328	95.35	50	101	45.08500938709711	99	98.50093870971077	34.025760354865724	28080	0	workflow/work/raw/SRR5950650_R1.fastq.gz	workflow/work/raw/SRR5950650_R2.fastq.gz	FASTQ	FASTQ	DNA	DNA	7888925	7888925	753556755	750732573	50	50	95.5	95.2	101	101	101	100	101	101	101	101	0	0	101	101	1	1	99	99	99	98	34.43	33.62	45.09	45.08	22265	5815	100.5	101	101	101	2
SRR5950651	TRUE	10298329	20596658	1905996063	92.55000000000001	50	101	45.195007675207364	98	95	29.509994883195098	25438	0	workflow/work/raw/SRR5950651_R1.fastq.gz	workflow/work/raw/SRR5950651_R2.fastq.gz	FASTQ	FASTQ	DNA	DNA	10298329	10298329	953485662	952510401	50	50	92.6	92.5	101	101	89	88	101	101	101	101	0	0	101	101	1	1	98	98	95	95	29.5	29.52	45.21	45.18	15434	10004	88.5	101	101	101	2
SRR5950653	TRUE	4239578	8479156	788509602	92.95	50	101	44.42009789942925	98	95.50244748573144	30.029804201141484	19816	0	workflow/work/raw/SRR5950653_R1.fastq.gz	workflow/work/raw/SRR5950653_R2.fastq.gz	FASTQ	FASTQ	DNA	DNA	4239578	4239578	396184667	392324935	50	50	93.4	92.5	101	101	93	89	101	101	101	101	0	0	101	101	1	1	98	98	96	95	29.99	30.07	44.44	44.4	16832	2984	91	101	101	101	2
SRR5950655	TRUE	7856616	15713232	1468818466	93.5	50	101	46.115004117057445	99	98.50041170574444	34.240016468229776	28182	0	workflow/work/raw/SRR5950655_R1.fastq.gz	workflow/work/raw/SRR5950655_R2.fastq.gz	FASTQ	FASTQ	DNA	DNA	7856616	7856616	735013954	733804512	50	50	93.6	93.4	101	101	92	91	101	101	101	101	0	0	101	101	1	1	99	99	99	98	34.26	34.22	46.12	46.11	22203	5979	91.5	101	101	101	2
SRR5950656	TRUE	16910635	33821270	3128430242	92.5	50	101	46.00029416551715	98	95.50294165517148	30.011058995861735	72390	0	workflow/work/raw/SRR5950656_R1.fastq.gz	workflow/work/raw/SRR5950656_R2.fastq.gz	FASTQ	FASTQ	DNA	DNA	16910635	16910635	1573417884	1555012358	50	50	93	92	101	101	91	86	101	101	101	101	0	0	101	101	1	1	98	98	96	95	30.19	29.83	46.05	45.95	60673	11717	88.5	101	101	101	2
SRR5950658	TRUE	9043675	18087350	1618906658	89.55	50	101	46.76525422303255	98	94	29.174432887081252	20339	0	workflow/work/raw/SRR5950658_R1.fastq.gz	workflow/work/raw/SRR5950658_R2.fastq.gz	FASTQ	FASTQ	DNA	DNA	9043675	9043675	812619201	806287457	50	50	89.9	89.2	101	101	79	77	101	101	101	101	0	0	101	101	1	1	98	98	94	94	29.03	29.32	46.83	46.7	11781	8558	78	101	101	101	2
SRR5950660	TRUE	9406533	18813066	1700609747	90.35	50	101	46.060005184416944	98	94.49974077915243	29.5449040882864	23337	0	workflow/work/raw/SRR5950660_R1.fastq.gz	workflow/work/raw/SRR5950660_R2.fastq.gz	FASTQ	FASTQ	DNA	DNA	9406533	9406533	850745707	849864040	50	50	90.4	90.3	101	101	80	80	101	101	101	101	0	0	101	101	1	1	98	98	94	95	29.36	29.73	46.07	46.05	14228	9109	80	101	101	101	2
SRR5950662	TRUE	20407826	40815652	3786601189	92.80000000000001	50	101	44.8499908315272	98.49954157636007	96	30.70476620394364	43386	0	workflow/work/raw/SRR5950662_R1.fastq.gz	workflow/work/raw/SRR5950662_R2.fastq.gz	FASTQ	FASTQ	DNA	DNA	20407826	20407826	1895036462	1891564727	50	50	92.9	92.7	101	101	90	90	101	101	101	101	0	0	101	101	1	1	98	99	96	96	30.45	30.96	44.84	44.86	33208	10178	90	101	101	101	2
SRR5950664	TRUE	7273535	14547070	1325591405	91.1	50	101	49.90005465058821	97.49945349411797	93.99890698823594	29.08450267964735	16329	0	workflow/work/raw/SRR5950664_R1.fastq.gz	workflow/work/raw/SRR5950664_R2.fastq.gz	FASTQ	FASTQ	DNA	DNA	7273535	7273535	663520146	662071259	50	50	91.2	91	101	101	83	83	101	101	101	101	0	0	101	101	1	1	97	98	93	95	28.63	29.54	49.95	49.85	9769	6560	83	101	101	101	2
SRR5950665	TRUE	5653743	11307486	1076506489	95.19999999999999	50	101	43.335004898330894	99	98.50048983309009	34.20006857663262	19834	0	workflow/work/raw/SRR5950665_R1.fastq.gz	workflow/work/raw/SRR5950665_R2.fastq.gz	FASTQ	FASTQ	DNA	DNA	5653743	5653743	538780553	537725936	50	50	95.3	95.1	101	101	101	100	101	101	101	101	0	0	101	101	1	1	99	99	99	98	34.27	34.13	43.34	43.33	15656	4178	100.5	101	101	101	2
SRR5950668	TRUE	5020561	10041122	922957172	91.9	50	101	45.355297960922066	98	95	29.825352135635175	20513	0	workflow/work/raw/SRR5950668_R1.fastq.gz	workflow/work/raw/SRR5950668_R2.fastq.gz	FASTQ	FASTQ	DNA	DNA	5020561	5020561	463978633	458978539	50	50	92.4	91.4	101	101	88	84	101	101	101	101	0	0	101	101	1	1	98	98	95	95	29.89	29.76	45.41	45.3	17205	3308	86	101	101	101	2
SRR5950669	TRUE	11775482	23550964	2213776210	94	50	101	44.37498936275948	98.50035457468395	96.0007091493679	30.475407760886547	27833	0	workflow/work/raw/SRR5950669_R1.fastq.gz	workflow/work/raw/SRR5950669_R2.fastq.gz	FASTQ	FASTQ	DNA	DNA	11775482	11775482	1106103156	1107673054	50	50	93.9	94.1	101	101	99	99	101	101	101	101	0	0	101	101	1	1	98	99	95	97	29.9	31.05	44.39	44.36	21264	6569	99	101	101	101	2
SRR5950673	TRUE	15859503	31719006	2961650753	93.35	50	101	46.56028338175227	98	95	29.924551312225574	27238	0	workflow/work/raw/SRR5950673_R1.fastq.gz	workflow/work/raw/SRR5950673_R2.fastq.gz	FASTQ	FASTQ	DNA	DNA	15859503	15859503	1487819358	1473831395	50	50	93.8	92.9	101	101	99	91	101	101	101	101	0	0	101	101	1	1	98	98	95	95	29.83	30.02	46.62	46.5	20271	6967	95	101	101	101	2
SRR5950683	TRUE	16651772	33303544	3119313349	93.64999999999999	50	101	44.840003591607754	98.49982041961248	95.99964083922497	30.494789890946606	34415	0	workflow/work/raw/SRR5950683_R1.fastq.gz	workflow/work/raw/SRR5950683_R2.fastq.gz	FASTQ	FASTQ	DNA	DNA	16651772	16651772	1560216842	1559096507	50	50	93.7	93.6	101	101	97	95	101	101	101	101	0	0	101	101	1	1	98	99	95	97	29.91	31.08	44.85	44.83	26543	7872	96	101	101	101	2
SRR5950688	TRUE	5955166	11910332	1122923988	94.3	50	101	47.18	99	98.5006769852707	34.09531818307723	20996	0	workflow/work/raw/SRR5950688_R1.fastq.gz	workflow/work/raw/SRR5950688_R2.fastq.gz	FASTQ	FASTQ	DNA	DNA	5955166	5955166	562222197	560701791	50	50	94.4	94.2	101	101	100	100	101	101	101	101	0	0	101	101	1	1	99	99	99	98	34.33	33.86	47.18	47.18	16610	4386	100	101	101	101	2
SRR5950689	TRUE	10426662	20853324	1880655707	90.2	50	101	45.2899821294563	98	94.50044676359255	29.46050037522365	26196	0	workflow/work/raw/SRR5950689_R1.fastq.gz	workflow/work/raw/SRR5950689_R2.fastq.gz	FASTQ	FASTQ	DNA	DNA	10426662	10426662	939487645	941168062	50	50	90.1	90.3	101	101	79	80	101	101	101	101	0	0	101	101	1	1	98	98	94	95	28.9	30.02	45.31	45.27	16353	9843	79.5	101	101	101	2
SRR5950691	TRUE	10311558	20623116	1947981221	94.44999999999999	50	101	43.64997551560586	98.5006121098536	96.0012242197072	30.54080798500675	24177	0	workflow/work/raw/SRR5950691_R1.fastq.gz	workflow/work/raw/SRR5950691_R2.fastq.gz	FASTQ	FASTQ	DNA	DNA	10311558	10311558	972798232	975182989	50	50	94.3	94.6	101	101	100	100	101	101	101	101	0	0	101	101	1	1	98	99	95	97	29.88	31.2	43.67	43.63	18611	5566	100	101	101	101	2
SRR5950692	TRUE	12206908	24413816	2244994072	91.94999999999999	50	101	48.035009608208	98.49903917920011	96	30.51940429110407	25843	0	workflow/work/raw/SRR5950692_R1.fastq.gz	workflow/work/raw/SRR5950692_R2.fastq.gz	FASTQ	FASTQ	DNA	DNA	12206908	12206908	1124654073	1120339999	50	50	92.1	91.8	101	101	87	85	101	101	101	101	0	0	101	101	1	1	98	99	96	96	30.21	30.83	48.04	48.03	19875	5968	86	101	101	101	2
SRR5950693	TRUE	11814757	23629514	2187981861	92.59999999999998	50	101	45.91003512212389	97.4982438938053	93.4982438938053	28.653718042477866	21038	0	workflow/work/raw/SRR5950693_R1.fastq.gz	workflow/work/raw/SRR5950693_R2.fastq.gz	FASTQ	FASTQ	DNA	DNA	11814757	11814757	1097833259	1090148602	50	50	92.9	92.3	101	101	90	87	101	101	101	101	0	0	101	101	1	1	97	98	93	94	28.29	29.02	45.92	45.9	10224	10814	88.5	101	101	101	2
SRR5950694	TRUE	11184491	22368982	2139361149	95.64999999999999	50	101	45.885007166230444	99	98.50071662304455	34.10536547775273	39663	0	workflow/work/raw/SRR5950694_R1.fastq.gz	workflow/work/raw/SRR5950694_R2.fastq.gz	FASTQ	FASTQ	DNA	DNA	11184491	11184491	1071213690	1068147459	50	50	95.8	95.5	101	101	101	101	101	101	101	101	0	0	101	101	1	1	99	99	99	98	34.36	33.85	45.89	45.88	31415	8248	101	101	101	101	2
SRR5950696	TRUE	7008926	14017852	1212695224	86.5	50	101	45.404878913145616	97.50172981220548	95.00345962441095	29.487473631453835	18346	0	workflow/work/raw/SRR5950696_R1.fastq.gz	workflow/work/raw/SRR5950696_R2.fastq.gz	FASTQ	FASTQ	DNA	DNA	7008926	7008926	604249877	608445347	50	50	86.2	86.8	101	101	70	71	100	100	101	101	0	0	101	101	1	1	97	98	94	96	28.77	30.2	45.44	45.37	11316	7030	70.5	100	101	101	2
SRR5950697	TRUE	5108685	10217370	873755474	85.5	50	101	48.46501202085745	97.49982827346498	93.99965654692997	29.20981796987288	11731	0	workflow/work/raw/SRR5950697_R1.fastq.gz	workflow/work/raw/SRR5950697_R2.fastq.gz	FASTQ	FASTQ	DNA	DNA	5108685	5108685	437027784	436727690	50	50	85.5	85.5	101	101	69	69	98	98	101	101	0	0	101	101	1	1	97	98	93	95	28.68	29.74	48.5	48.43	7019	4712	69	98	101	101	2
SRR5950698	TRUE	7034989	14069978	1285900400	91.4	50	101	45.8800590887288	98	94.49704556355998	29.543315971229184	20045	0	workflow/work/raw/SRR5950698_R1.fastq.gz	workflow/work/raw/SRR5950698_R2.fastq.gz	FASTQ	FASTQ	DNA	DNA	7034989	7034989	646749311	639151089	50	50	91.9	90.9	101	101	86	82	101	101	101	101	0	0	101	101	1	1	98	98	94	95	29.26	29.83	45.89	45.87	15501	4544	84	101	101	101	2
SRR5950699	TRUE	8932013	17864026	1598964056	89.55000000000001	50	101	46.37521251218796	98	94	29.119574975624094	20182	0	workflow/work/raw/SRR5950699_R1.fastq.gz	workflow/work/raw/SRR5950699_R2.fastq.gz	FASTQ	FASTQ	DNA	DNA	8932013	8932013	802571113	796392943	50	50	89.9	89.2	101	101	79	77	101	101	101	101	0	0	101	101	1	1	98	98	94	94	29.01	29.23	46.43	46.32	11924	8258	78	101	101	101	2
SRR5950701	TRUE	3795888	7591776	685128335	90.25	50	101	49.51	97.50089473529073	93.0035789411629	28.63178947058145	6297	0	workflow/work/raw/SRR5950701_R1.fastq.gz	workflow/work/raw/SRR5950701_R2.fastq.gz	FASTQ	FASTQ	DNA	DNA	3795888	3795888	341951159	343177176	50	50	90.1	90.4	101	101	79	80	101	101	101	101	0	0	101	101	1	1	97	98	91	95	27.63	29.63	49.51	49.51	2917	3380	79.5	101	101	101	2
SRR5950703	TRUE	14778362	29556724	2779302832	94	50	101	45.36	99	96	30.714841471935003	33366	0	workflow/work/raw/SRR5950703_R1.fastq.gz	workflow/work/raw/SRR5950703_R2.fastq.gz	FASTQ	FASTQ	DNA	DNA	14778362	14778362	1390910266	1388392566	50	50	94.1	93.9	101	101	99	98	101	101	101	101	0	0	101	101	1	1	99	99	96	96	30.54	30.89	45.36	45.36	25618	7748	98.5	101	101	101	2
SRR5950705	TRUE	8741924	17483848	1574639849	90.05000000000001	50	101	44.51999709642176	97.50014517891195	93.50043553673586	28.800217768367933	15981	0	workflow/work/raw/SRR5950705_R1.fastq.gz	workflow/work/raw/SRR5950705_R2.fastq.gz	FASTQ	FASTQ	DNA	DNA	8741924	8741924	787091320	787548529	50	50	90	90.1	101	101	79	79	101	101	101	101	0	0	101	101	1	1	97	98	92	95	28.05	29.55	44.53	44.51	7817	8164	79	101	101	101	2
SRR5950706	TRUE	7456830	14913660	1341160679	89.9	50	101	46.76504651761417	98	93.99896627524076	29.2045916787201	17303	0	workflow/work/raw/SRR5950706_R1.fastq.gz	workflow/work/raw/SRR5950706_R2.fastq.gz	FASTQ	FASTQ	DNA	DNA	7456830	7456830	671273535	669887144	50	50	90	89.8	101	101	79	79	101	101	101	101	0	0	101	101	1	1	98	98	93	95	28.81	29.6	46.81	46.72	10399	6904	79	101	101	101	2
SRR5950710	TRUE	10529590	21059180	1990730208	94.55	50	101	45.395007255086576	99	98.50072550865717	34.140391774674875	37818	0	workflow/work/raw/SRR5950710_R1.fastq.gz	workflow/work/raw/SRR5950710_R2.fastq.gz	FASTQ	FASTQ	DNA	DNA	10529590	10529590	996809396	993920812	50	50	94.7	94.4	101	101	101	100	101	101	101	101	0	0	101	101	1	1	99	99	99	98	34.41	33.87	45.4	45.39	29971	7847	100.5	101	101	101	2
SRR5950711	TRUE	12027248	24054496	2206887350	91.75	50	101	45.48996298304941	98	94.50046271188242	29.470296135604745	31891	0	workflow/work/raw/SRR5950711_R1.fastq.gz	workflow/work/raw/SRR5950711_R2.fastq.gz	FASTQ	FASTQ	DNA	DNA	12027248	12027248	1102422522	1104464828	50	50	91.7	91.8	101	101	85	85	101	101	101	101	0	0	101	101	1	1	98	98	94	95	29.15	29.79	45.53	45.45	19886	12005	85	101	101	101	2
SRR5950716	TRUE	9107802	18215604	1729634357	95	50	101	44.94500513377002	99	98.50051337700157	34.27010267540032	33323	0	workflow/work/raw/SRR5950716_R1.fastq.gz	workflow/work/raw/SRR5950716_R2.fastq.gz	FASTQ	FASTQ	DNA	DNA	9107802	9107802	865705133	863929224	50	50	95.1	94.9	101	101	101	100	101	101	101	101	0	0	101	101	1	1	99	99	99	98	34.37	34.17	44.95	44.94	26208	7115	100.5	101	101	101	2
SRR5950720	TRUE	3216799	6433598	585633062	91.05	50	101	46.520177338758245	98	94.49852217701466	29.763980302140116	12649	0	workflow/work/raw/SRR5950720_R1.fastq.gz	workflow/work/raw/SRR5950720_R2.fastq.gz	FASTQ	FASTQ	DNA	DNA	3216799	3216799	293681993	291951069	50	50	91.3	90.8	101	101	83	82	101	101	101	101	0	0	101	101	1	1	98	98	94	95	29.42	30.11	46.58	46.46	10482	2167	82.5	101	101	101	2
SRR5950721	TRUE	2549066	5098132	459968473	90.2	50	101	45.06	98.50003024011605	96.0000604802321	30.680039916953177	5287	0	workflow/work/raw/SRR5950721_R1.fastq.gz	workflow/work/raw/SRR5950721_R2.fastq.gz	FASTQ	FASTQ	DNA	DNA	2549066	2549066	229970327	229998146	50	50	90.2	90.2	101	101	80	80	101	101	101	101	0	0	101	101	1	1	98	99	95	97	30.02	31.34	45.06	45.06	4099	1188	80	101	101	101	2
SRR5950722	TRUE	6813410	13626820	1235085022	90.65	50	101	46.48499262541458	98.49926254145765	96	30.53447640443493	14023	0	workflow/work/raw/SRR5950722_R1.fastq.gz	workflow/work/raw/SRR5950722_R2.fastq.gz	FASTQ	FASTQ	DNA	DNA	6813410	6813410	618453335	616631687	50	50	90.8	90.5	101	101	81	81	101	101	101	101	0	0	101	101	1	1	98	99	96	96	30.18	30.89	46.48	46.49	10781	3242	81	101	101	101	2
SRR5950726	TRUE	10749258	21498516	1942082217	90.3	50	101	43.78498871245264	98	94.50112875473593	29.436162617378006	26352	0	workflow/work/raw/SRR5950726_R1.fastq.gz	workflow/work/raw/SRR5950726_R2.fastq.gz	FASTQ	FASTQ	DNA	DNA	10749258	10749258	968848974	973233243	50	50	90.1	90.5	101	101	80	81	101	101	101	101	0	0	101	101	1	1	98	98	94	95	28.92	29.95	43.79	43.78	16082	10270	80.5	101	101	101	2
SRR5950727	TRUE	16154594	32309188	3003194838	92.95	50	101	43.1052160395329	98	94	29.094351881401305	36065	0	workflow/work/raw/SRR5950727_R1.fastq.gz	workflow/work/raw/SRR5950727_R2.fastq.gz	FASTQ	FASTQ	DNA	DNA	16154594	16154594	1506588256	1496606582	50	50	93.3	92.6	101	101	92	89	101	101	101	101	0	0	101	101	1	1	98	98	94	94	28.9	29.29	43.17	43.04	20892	15173	90.5	101	101	101	2
SRR5950732	TRUE	9384106	18768212	1703463883	90.75	50	101	49.12502356691879	97.49764330812056	93.9952866162411	29.247077702069486	23564	0	workflow/work/raw/SRR5950732_R1.fastq.gz	workflow/work/raw/SRR5950732_R2.fastq.gz	FASTQ	FASTQ	DNA	DNA	9384106	9384106	855746481	847717402	50	50	91.2	90.3	101	101	83	80	101	101	101	101	0	0	101	101	1	1	97	98	93	95	28.63	29.87	49.13	49.12	17712	5852	81.5	101	101	101	2
SRR5950734	TRUE	7252450	14504900	1380328036	95.2	50	101	44.42	99	98	34.06505316965104	25598	0	workflow/work/raw/SRR5950734_R1.fastq.gz	workflow/work/raw/SRR5950734_R2.fastq.gz	FASTQ	FASTQ	DNA	DNA	7252450	7252450	690831214	689496822	50	50	95.3	95.1	101	101	101	100	101	101	101	101	0	0	101	101	1	1	99	99	98	98	34.12	34.01	44.42	44.42	20311	5287	100.5	101	101	101	2
SRR5950735	TRUE	11499936	22999872	2043001904	88.85	50	101	43.88997162013413	98	95.00283798658663	29.51181631141544	27986	0	workflow/work/raw/SRR5950735_R1.fastq.gz	workflow/work/raw/SRR5950735_R2.fastq.gz	FASTQ	FASTQ	DNA	DNA	11499936	11499936	1018601946	1024399958	50	50	88.6	89.1	101	101	75	76	101	101	101	101	0	0	101	101	1	1	98	98	94	96	28.87	30.15	43.9	43.88	17005	10981	75.5	101	101	101	2
SRR5950736	TRUE	7395325	14790650	1350295580	91.3	50	101	49.6406183209457	98	94.50441657818357	29.59698746018261	31541	0	workflow/work/raw/SRR5950736_R1.fastq.gz	workflow/work/raw/SRR5950736_R2.fastq.gz	FASTQ	FASTQ	DNA	DNA	7395325	7395325	681111476	669184104	50	50	92.1	90.5	101	101	86	81	101	101	101	101	0	0	101	101	1	1	98	98	95	94	29.82	29.37	49.71	49.57	26750	4791	83.5	101	101	101	2
SRR5950739	TRUE	15982325	31964650	2989546082	93.5	50	101	44.82500295058171	98	94.49994098836574	29.414958101739675	40904	0	workflow/work/raw/SRR5950739_R1.fastq.gz	workflow/work/raw/SRR5950739_R2.fastq.gz	FASTQ	FASTQ	DNA	DNA	15982325	15982325	1494949459	1494596623	50	50	93.5	93.5	101	101	93	93	101	101	101	101	0	0	101	101	1	1	98	98	94	95	29.06	29.77	44.85	44.8	25697	15207	93	101	101	101	2
SRR5950742	TRUE	10898069	21796138	2003112958	91.95	50	101	46.934796179317615	97.50135880454926	94.00271760909851	29.131820798096	22601	0	workflow/work/raw/SRR5950742_R1.fastq.gz	workflow/work/raw/SRR5950742_R2.fastq.gz	FASTQ	FASTQ	DNA	DNA	10898069	10898069	998834640	1004278318	50	50	91.7	92.2	101	101	85	87	101	101	101	101	0	0	101	101	1	1	97	98	93	95	28.46	29.8	47.01	46.86	12164	10437	86	101	101	101	2
SRR5950745	TRUE	16059448	32118896	3010364595	93.75	50	101	46.64498791127325	98	94.50024177453496	29.310232103553552	39876	0	workflow/work/raw/SRR5950745_R1.fastq.gz	workflow/work/raw/SRR5950745_R2.fastq.gz	FASTQ	FASTQ	DNA	DNA	16059448	16059448	1504454468	1505910127	50	50	93.7	93.8	101	101	94	95	101	101	101	101	0	0	101	101	1	1	98	98	94	95	28.83	29.79	46.67	46.62	24849	15027	94.5	101	101	101	2
SRR5950746	TRUE	4847942	9695884	903060648	93.15	50	101	48.2805020618283	98	95	29.666966408827502	20014	0	workflow/work/raw/SRR5950746_R1.fastq.gz	workflow/work/raw/SRR5950746_R2.fastq.gz	FASTQ	FASTQ	DNA	DNA	4847942	4847942	455308593	447752055	50	50	93.9	92.4	101	101	99	88	101	101	101	101	0	0	101	101	1	1	98	98	95	95	29.9	29.43	48.34	48.22	16865	3149	93.5	101	101	101	2
SRR5950747	TRUE	9362993	18725986	1720557419	91.9	50	101	46.9199976961013	98	94.50011519493498	29.445072572809032	22576	0	workflow/work/raw/SRR5950747_R1.fastq.gz	workflow/work/raw/SRR5950747_R2.fastq.gz	FASTQ	FASTQ	DNA	DNA	9362993	9362993	860080510	860476909	50	50	91.9	91.9	101	101	86	86	101	101	101	101	0	0	101	101	1	1	98	98	94	95	29.13	29.76	46.93	46.91	13458	9118	86	101	101	101	2
SRR5950750	TRUE	10674803	21349606	2019826536	94.65	50	101	46.1850079047085	99	98.50079047085062	34.13049009192737	38133	0	workflow/work/raw/SRR5950750_R1.fastq.gz	workflow/work/raw/SRR5950750_R2.fastq.gz	FASTQ	FASTQ	DNA	DNA	10674803	10674803	1011509882	1008316654	50	50	94.8	94.5	101	101	101	100	101	101	101	101	0	0	101	101	1	1	99	99	99	98	34.44	33.82	46.19	46.18	30245	7888	100.5	101	101	101	2
SRR5950752	TRUE	14052303	28104606	2634105601	93.75	50	101	47.12	98	94.99625483845588	29.828539386997797	19522	0	workflow/work/raw/SRR5950752_R1.fastq.gz	workflow/work/raw/SRR5950752_R2.fastq.gz	FASTQ	FASTQ	DNA	DNA	14052303	14052303	1321985376	1312120225	50	50	94.1	93.4	101	101	99	92	101	101	101	101	0	0	101	101	1	1	98	98	94	96	29.44	30.22	47.12	47.12	13852	5670	95.5	101	101	101	2
SRR5950754	TRUE	7232394	14464788	1361667268	94.14999999999999	50	101	47.12500712870187	99	98.50071287018702	33.94534930639164	25493	0	workflow/work/raw/SRR5950754_R1.fastq.gz	workflow/work/raw/SRR5950754_R2.fastq.gz	FASTQ	FASTQ	DNA	DNA	7232394	7232394	681804326	679862942	50	50	94.3	94	101	101	100	99	101	101	101	101	0	0	101	101	1	1	99	99	99	98	34.19	33.7	47.13	47.12	20264	5229	99.5	101	101	101	2
SRR5950755	TRUE	13626514	27253028	2441035622	89.55	50	101	44.35004727510692	98.4992120815515	95.4992120815515	30.459606040775753	26269	0	workflow/work/raw/SRR5950755_R1.fastq.gz	workflow/work/raw/SRR5950755_R2.fastq.gz	FASTQ	FASTQ	DNA	DNA	13626514	13626514	1222441148	1218594474	50	50	89.7	89.4	101	101	78	77	101	101	101	101	0	0	101	101	1	1	98	99	95	96	30.21	30.71	44.38	44.32	19631	6638	77.5	101	101	101	2
SRR5950758	TRUE	22578395	45156790	4133432110	91.55	50	101	50.01064319566143	98	94.50459425472455	29.547067414626053	95477	0	workflow/work/raw/SRR5950758_R1.fastq.gz	workflow/work/raw/SRR5950758_R2.fastq.gz	FASTQ	FASTQ	DNA	DNA	22578395	22578395	2085706095	2047726015	50	50	92.4	90.7	101	101	88	81	101	101	101	101	0	0	101	101	1	1	98	98	95	94	29.77	29.32	50.08	49.94	81247	14230	84.5	101	101	101	2
SRR5950760	TRUE	8913414	17826828	1682281580	94.35000000000001	50	101	45.48500697364231	99	98.50069736423079	34.18032078754616	31878	0	workflow/work/raw/SRR5950760_R1.fastq.gz	workflow/work/raw/SRR5950760_R2.fastq.gz	FASTQ	FASTQ	DNA	DNA	8913414	8913414	842313953	839967627	50	50	94.5	94.2	101	101	101	100	101	101	101	101	0	0	101	101	1	1	99	99	99	98	34.41	33.95	45.49	45.48	25149	6729	100.5	101	101	101	2
SRR5950767	TRUE	14631031	29262062	2662958159	91	50	101	47.55502439409901	97.49756059009863	94.49756059009863	29.332389831405536	37804	0	workflow/work/raw/SRR5950767_R1.fastq.gz	workflow/work/raw/SRR5950767_R2.fastq.gz	FASTQ	FASTQ	DNA	DNA	14631031	14631031	1337975126	1324983033	50	50	91.4	90.6	101	101	84	81	101	101	101	101	0	0	101	101	1	1	97	98	94	95	28.8	29.87	47.56	47.55	28707	9097	82.5	101	101	101	2
SRR5950769	TRUE	15619888	31239776	2899977027	92.80000000000001	50	101	45.36004426929897	97.49955730701035	93.9991146140207	29.159636991748492	36600	0	workflow/work/raw/SRR5950769_R1.fastq.gz	workflow/work/raw/SRR5950769_R2.fastq.gz	FASTQ	FASTQ	DNA	DNA	15619888	15619888	1451272313	1448704714	50	50	92.9	92.7	101	101	90	89	101	101	101	101	0	0	101	101	1	1	97	98	93	95	28.75	29.57	45.41	45.31	21750	14850	89.5	101	101	101	2
SRR5950770	TRUE	15569954	31139908	2903965772	93.25	50	101	44.48	98	94.99740102928459	29.908622545520828	21437	0	workflow/work/raw/SRR5950770_R1.fastq.gz	workflow/work/raw/SRR5950770_R2.fastq.gz	FASTQ	FASTQ	DNA	DNA	15569954	15569954	1455756547	1448209225	50	50	93.5	93	101	101	93	91	101	101	101	101	0	0	101	101	1	1	98	98	94	96	29.38	30.44	44.48	44.48	15339	6098	92	101	101	101	2
SRR5950771	TRUE	8905513	17811026	1692563734	95	50	101	45.56001043944144	99	98	34.04008351553159	30661	0	workflow/work/raw/SRR5950771_R1.fastq.gz	workflow/work/raw/SRR5950771_R2.fastq.gz	FASTQ	FASTQ	DNA	DNA	8905513	8905513	847165338	845398396	50	50	95.1	94.9	101	101	101	100	101	101	101	101	0	0	101	101	1	1	99	99	98	98	34.12	33.96	45.57	45.55	24259	6402	100.5	101	101	101	2
SRR5950773	TRUE	9037270	18074540	1705714308	94.35	50	101	44.780034908272576	98	95.49825458637122	30.059650917274244	42415	0	workflow/work/raw/SRR5950773_R1.fastq.gz	workflow/work/raw/SRR5950773_R2.fastq.gz	FASTQ	FASTQ	DNA	DNA	9037270	9037270	855834331	849879977	50	50	94.7	94	101	101	100	98	101	101	101	101	0	0	101	101	1	1	98	98	95	96	29.96	30.16	44.79	44.77	35965	6450	99	101	101	101	2
SRR5950774	TRUE	13818670	27637340	2602407662	94.2	50	101	43.20507425478829	98.49893921731007	95.49893921731007	30.374331706905338	26017	0	workflow/work/raw/SRR5950774_R1.fastq.gz	workflow/work/raw/SRR5950774_R2.fastq.gz	FASTQ	FASTQ	DNA	DNA	13818670	13818670	1303964420	1298443242	50	50	94.4	94	101	101	100	99	101	101	101	101	0	0	101	101	1	1	98	99	95	96	30.06	30.69	43.24	43.17	19481	6536	99.5	101	101	101	2
SRR5950778	TRUE	6994992	13989984	1288505297	92.10000000000001	50	101	46.440122125458366	98.50305313645909	95.50305313645909	30.217534103261045	35964	0	workflow/work/raw/SRR5950778_R1.fastq.gz	workflow/work/raw/SRR5950778_R2.fastq.gz	FASTQ	FASTQ	DNA	DNA	6994992	6994992	648186631	640318666	50	50	92.7	91.5	101	101	89	84	101	101	101	101	0	0	101	101	1	1	99	98	96	95	30.63	29.8	46.46	46.42	31124	4840	86.5	101	101	101	2
SRR5950779	TRUE	8864829	17729658	1642022175	92.60000000000001	50	101	47.775553016560195	98	95.0100548465492	29.71462522941263	39366	0	workflow/work/raw/SRR5950779_R1.fastq.gz	workflow/work/raw/SRR5950779_R2.fastq.gz	FASTQ	FASTQ	DNA	DNA	8864829	8864829	829266228	812755947	50	50	93.5	91.7	101	101	92	85	101	101	101	101	0	0	101	101	1	1	98	98	96	94	30.17	29.25	47.83	47.72	33498	5868	88.5	101	101	101	2
SRR5950780	TRUE	22183489	44366978	4137131027	93.25	50	101	43.87	98	94.99618040451297	29.743605847647235	30205	0	workflow/work/raw/SRR5950780_R1.fastq.gz	workflow/work/raw/SRR5950780_R2.fastq.gz	FASTQ	FASTQ	DNA	DNA	22183489	22183489	2076466597	2060664430	50	50	93.6	92.9	101	101	97	91	101	101	101	101	0	0	101	101	1	1	98	98	94	96	29.38	30.11	43.87	43.87	21543	8662	94	101	101	101	2
SRR5950782	TRUE	10327033	20654066	1906908379	92.3	50	101	44.10009797339613	98	95.49836711006449	29.989477475220635	57360	0	workflow/work/raw/SRR5950782_R1.fastq.gz	workflow/work/raw/SRR5950782_R2.fastq.gz	FASTQ	FASTQ	DNA	DNA	10327033	10327033	956567961	950340418	50	50	92.6	92	101	101	89	86	101	101	101	101	0	0	101	101	1	1	98	98	95	96	29.83	30.15	44.13	44.07	49882	7478	87.5	101	101	101	2
SRR5950783	TRUE	11051935	22103870	1994321070	90.25	50	101	44.984933830463916	97.50132339072164	94.50397017216491	29.462143892969046	27610	0	workflow/work/raw/SRR5950783_R1.fastq.gz	workflow/work/raw/SRR5950783_R2.fastq.gz	FASTQ	FASTQ	DNA	DNA	11051935	11051935	994521269	999799801	50	50	90	90.5	101	101	79	81	101	101	101	101	0	0	101	101	1	1	97	98	93	96	28.65	30.27	45.01	44.96	17124	10486	80	101	101	101	2
SRR5950784	TRUE	13566015	27132030	2380588392	87.75	50	101	48.03496523559458	98	94.50049663436316	29.320427105552312	35190	0	workflow/work/raw/SRR5950784_R1.fastq.gz	workflow/work/raw/SRR5950784_R2.fastq.gz	FASTQ	FASTQ	DNA	DNA	13566015	13566015	1189111914	1191476478	50	50	87.7	87.8	101	101	73	74	101	100	101	101	0	0	101	101	1	1	98	98	94	95	28.89	29.75	48.07	48	21715	13475	73.5	100.5	101	101	2
SRR5950785	TRUE	11367855	22735710	2019983595	88.85	50	101	44.88995591779051	98	94.50110205523724	29.525980829161142	29255	0	workflow/work/raw/SRR5950785_R1.fastq.gz	workflow/work/raw/SRR5950785_R2.fastq.gz	FASTQ	FASTQ	DNA	DNA	11367855	11367855	1007765664	1012217931	50	50	88.7	89	101	101	75	76	101	101	101	101	0	0	101	101	1	1	98	98	94	95	29.08	29.97	44.91	44.87	18029	11226	75.5	101	101	101	2
SRR5950787	TRUE	11689719	23379438	2165443152	92.60000000000001	50	101	45.069876169272895	97.50154788408872	94.00309576817743	29.346934855110895	30219	0	workflow/work/raw/SRR5950787_R1.fastq.gz	workflow/work/raw/SRR5950787_R2.fastq.gz	FASTQ	FASTQ	DNA	DNA	11689719	11689719	1079369721	1086073431	50	50	92.3	92.9	101	101	88	90	101	101	101	101	0	0	101	101	1	1	97	98	93	95	28.72	29.97	45.11	45.03	18563	11656	89	101	101	101	2
SRR5950789	TRUE	19918525	39837050	3702128561	92.95	50	101	46.66499168640568	98.49916864056738	94.99833728113474	29.83374464725673	26168	0	workflow/work/raw/SRR5950789_R1.fastq.gz	workflow/work/raw/SRR5950789_R2.fastq.gz	FASTQ	FASTQ	DNA	DNA	19918525	19918525	1854142080	1847986481	50	50	93.1	92.8	101	101	91	90	101	101	101	101	0	0	101	101	1	1	98	99	94	96	29.08	30.59	46.66	46.67	18375	7793	90.5	101	101	101	2
SRR5950791	TRUE	12128936	24257872	2250246538	92.75	50	101	48.02499635504827	98.49963550482751	96	30.62482868726893	26537	0	workflow/work/raw/SRR5950791_R1.fastq.gz	workflow/work/raw/SRR5950791_R2.fastq.gz	FASTQ	FASTQ	DNA	DNA	12128936	12128936	1125943473	1124303065	50	50	92.8	92.7	101	101	90	89	101	101	101	101	0	0	101	101	1	1	98	99	96	96	30.39	30.86	48.02	48.03	20285	6252	89.5	101	101	101	2
SRR5950792	TRUE	10617639	21235278	1936721273	91.25	50	101	45.120010790742214	97.49973023144462	92.99946046288923	28.779687068475756	19609	0	workflow/work/raw/SRR5950792_R1.fastq.gz	workflow/work/raw/SRR5950792_R2.fastq.gz	FASTQ	FASTQ	DNA	DNA	10617639	10617639	968883103	967838170	50	50	91.3	91.2	101	101	83	83	101	101	101	101	0	0	101	101	1	1	97	98	92	94	28.2	29.36	45.14	45.1	9372	10237	83	101	101	101	2
SRR5962887	TRUE	8901309	17802618	1684301765	94.65	50	101	42.96010963106722	98	95.49862961165988	30.119808145632383	16435	0	workflow/work/raw/SRR5962887_R1.fastq.gz	workflow/work/raw/SRR5962887_R2.fastq.gz	FASTQ	FASTQ	DNA	DNA	8901309	8901309	844459030	839842735	50	50	94.9	94.4	101	101	100	99	101	101	101	101	0	0	101	101	1	1	98	98	95	96	30.05	30.19	43	42.92	12248	4187	99.5	101	101	101	2
SRR5962888	TRUE	8002406	16004812	1512213288	94.5	50	101	44.645006061208484	99	98	33.72506667329325	33564	0	workflow/work/raw/SRR5962888_R1.fastq.gz	workflow/work/raw/SRR5962888_R2.fastq.gz	FASTQ	FASTQ	DNA	DNA	8002406	8002406	757023228	755190060	50	50	94.6	94.4	101	101	101	100	101	101	101	101	0	0	101	101	1	1	99	99	98	98	33.78	33.67	44.65	44.64	26042	7522	100.5	101	101	101	2
SRR5962894	TRUE	8447798	16895596	1606192251	95.05000000000001	50	101	46.40500792328253	99	98	33.61524562175839	35758	0	workflow/work/raw/SRR5962894_R1.fastq.gz	workflow/work/raw/SRR5962894_R2.fastq.gz	FASTQ	FASTQ	DNA	DNA	8447798	8447798	804368757	801823494	50	50	95.2	94.9	101	101	101	100	101	101	101	101	0	0	101	101	1	1	99	99	98	98	33.77	33.46	46.41	46.4	27874	7884	100.5	101	101	101	2
SRR5962898	TRUE	5021346	10042692	934594034	93.05	50	101	48.965007283001775	99	98	33.31011652802825	20940	0	workflow/work/raw/SRR5962898_R1.fastq.gz	workflow/work/raw/SRR5962898_R2.fastq.gz	FASTQ	FASTQ	DNA	DNA	5021346	5021346	467977682	466616352	50	50	93.2	92.9	101	101	91	89	101	101	101	101	0	0	101	101	1	1	99	99	98	98	33.39	33.23	48.97	48.96	16517	4423	90	101	101	101	2
SRR5962899	TRUE	11692836	23385672	2212113051	94.6	50	101	45.56500603072027	99	98	33.7300482457621	49577	0	workflow/work/raw/SRR5962899_R1.fastq.gz	workflow/work/raw/SRR5962899_R2.fastq.gz	FASTQ	FASTQ	DNA	DNA	11692836	11692836	1107390589	1104722462	50	50	94.7	94.5	101	101	101	100	101	101	101	101	0	0	101	101	1	1	99	99	98	98	33.77	33.69	45.57	45.56	38632	10945	100.5	101	101	101	2
SRR5962900	TRUE	10152187	20304374	1931165291	95.10000000000001	50	101	48.914988916761764	99	98	33.425742576962044	40220	0	workflow/work/raw/SRR5962900_R1.fastq.gz	workflow/work/raw/SRR5962900_R2.fastq.gz	FASTQ	FASTQ	DNA	DNA	10152187	10152187	967723002	963442289	50	50	95.3	94.9	101	101	101	100	101	101	101	101	0	0	101	101	1	1	99	99	98	98	33.76	33.09	48.91	48.92	30786	9434	100.5	101	101	101	2
SRR5962901	TRUE	5163527	10327054	981930366	95.1	50	101	46.27000000000001	99	98	33.52544268524027	22084	0	workflow/work/raw/SRR5962901_R1.fastq.gz	workflow/work/raw/SRR5962901_R2.fastq.gz	FASTQ	FASTQ	DNA	DNA	5163527	5163527	491890047	490040319	50	50	95.3	94.9	101	101	101	100	101	101	101	101	0	0	101	101	1	1	99	99	98	98	33.76	33.29	46.27	46.27	17338	4746	100.5	101	101	101	2
SRR5962902	TRUE	11562147	23124294	2200748394	95.14999999999999	50	101	43.64500728067782	99	98	33.71020385897871	47540	0	workflow/work/raw/SRR5962902_R1.fastq.gz	workflow/work/raw/SRR5962902_R2.fastq.gz	FASTQ	FASTQ	DNA	DNA	11562147	11562147	1101976491	1098771903	50	50	95.3	95	101	101	101	101	101	101	101	101	0	0	101	101	1	1	99	99	98	98	33.85	33.57	43.65	43.64	36768	10772	101	101	101	101	2
SRR5962903	TRUE	3667319	7334638	700527248	95.55000000000001	50	101	42.740014994363214	99	98	33.60016493799539	14633	0	workflow/work/raw/SRR5962903_R1.fastq.gz	workflow/work/raw/SRR5962903_R2.fastq.gz	FASTQ	FASTQ	DNA	DNA	3667319	3667319	350788822	349738426	50	50	95.7	95.4	101	101	101	101	101	101	101	101	0	0	101	101	1	1	99	99	98	98	33.71	33.49	42.75	42.73	11247	3386	101	101	101	101	2
