species	genus	family	order	class	phylum	domain	clade_name
Phocaeicola_vulgatus	Phocaeicola	Bacteroidaceae	Bacteroidales	Bacteroidia	Bacteroidetes	Bacteria	k__Bacteria|p__Bacteroidetes|c__Bacteroidia|o__Bacteroidales|f__Bacteroidaceae|g__Phocaeicola|s__Phocaeicola_vulgatus
Bacteroides_uniformis	Bacteroides	Bacteroidaceae	Bacteroidales	Bacteroidia	Bacteroidetes	Bacteria	k__Bacteria|p__Bacteroidetes|c__Bacteroidia|o__Bacteroidales|f__Bacteroidaceae|g__Bacteroides|s__Bacteroides_uniformis
Bacteroides_xylanisolvens	Bacteroides	Bacteroidaceae	Bacteroidales	Bacteroidia	Bacteroidetes	Bacteria	k__Bacteria|p__Bacteroidetes|c__Bacteroidia|o__Bacteroidales|f__Bacteroidaceae|g__Bacteroides|s__Bacteroides_xylanisolvens
Faecalibacterium_prausnitzii	Faecalibacterium	Oscillospiraceae	Eubacteriales	Clostridia	Firmicutes	Bacteria	k__Bacteria|p__Firmicutes|c__Clostridia|o__Eubacteriales|f__Oscillospiraceae|g__Faecalibacterium|s__Faecalibacterium_prausnitzii
Bacteroides_cellulosilyticus	Bacteroides	Bacteroidaceae	Bacteroidales	Bacteroidia	Bacteroidetes	Bacteria	k__Bacteria|p__Bacteroidetes|c__Bacteroidia|o__Bacteroidales|f__Bacteroidaceae|g__Bacteroides|s__Bacteroides_cellulosilyticus
Bacteroides_fragilis	Bacteroides	Bacteroidaceae	Bacteroidales	Bacteroidia	Bacteroidetes	Bacteria	k__Bacteria|p__Bacteroidetes|c__Bacteroidia|o__Bacteroidales|f__Bacteroidaceae|g__Bacteroides|s__Bacteroides_fragilis
Lachnospira_pectinoschiza	Lachnospira	Lachnospiraceae	Eubacteriales	Clostridia	Firmicutes	Bacteria	k__Bacteria|p__Firmicutes|c__Clostridia|o__Eubacteriales|f__Lachnospiraceae|g__Lachnospira|s__Lachnospira_pectinoschiza
Dialister_invisus	Dialister	Veillonellaceae	Veillonellales	Negativicutes	Firmicutes	Bacteria	k__Bacteria|p__Firmicutes|c__Negativicutes|o__Veillonellales|f__Veillonellaceae|g__Dialister|s__Dialister_invisus
Lacrimispora_amygdalina	Lacrimispora	Lachnospiraceae	Eubacteriales	Clostridia	Firmicutes	Bacteria	k__Bacteria|p__Firmicutes|c__Clostridia|o__Eubacteriales|f__Lachnospiraceae|g__Lacrimispora|s__Lacrimispora_amygdalina
Alistipes_putredinis	Alistipes	Rikenellaceae	Bacteroidales	Bacteroidia	Bacteroidetes	Bacteria	k__Bacteria|p__Bacteroidetes|c__Bacteroidia|o__Bacteroidales|f__Rikenellaceae|g__Alistipes|s__Alistipes_putredinis
Clostridium_sp_AT4	Clostridium	Clostridiaceae	Eubacteriales	Clostridia	Firmicutes	Bacteria	k__Bacteria|p__Firmicutes|c__Clostridia|o__Eubacteriales|f__Clostridiaceae|g__Clostridium|s__Clostridium_sp_AT4
GGB6612_SGB9346	GGB6612	FGB2404	OFGB2404	CFGB2404	Proteobacteria	Bacteria	k__Bacteria|p__Proteobacteria|c__CFGB2404|o__OFGB2404|f__FGB2404|g__GGB6612|s__GGB6612_SGB9346
Parabacteroides_distasonis	Parabacteroides	Tannerellaceae	Bacteroidales	Bacteroidia	Bacteroidetes	Bacteria	k__Bacteria|p__Bacteroidetes|c__Bacteroidia|o__Bacteroidales|f__Tannerellaceae|g__Parabacteroides|s__Parabacteroides_distasonis
Roseburia_inulinivorans	Roseburia	Lachnospiraceae	Eubacteriales	Clostridia	Firmicutes	Bacteria	k__Bacteria|p__Firmicutes|c__Clostridia|o__Eubacteriales|f__Lachnospiraceae|g__Roseburia|s__Roseburia_inulinivorans
Fusicatenibacter_saccharivorans	Fusicatenibacter	Lachnospiraceae	Eubacteriales	Clostridia	Firmicutes	Bacteria	k__Bacteria|p__Firmicutes|c__Clostridia|o__Eubacteriales|f__Lachnospiraceae|g__Fusicatenibacter|s__Fusicatenibacter_saccharivorans
Bacteroides_cutis	Bacteroides	Bacteroidaceae	Bacteroidales	Bacteroidia	Bacteroidetes	Bacteria	k__Bacteria|p__Bacteroidetes|c__Bacteroidia|o__Bacteroidales|f__Bacteroidaceae|g__Bacteroides|s__Bacteroides_cutis
Roseburia_intestinalis	Roseburia	Lachnospiraceae	Eubacteriales	Clostridia	Firmicutes	Bacteria	k__Bacteria|p__Firmicutes|c__Clostridia|o__Eubacteriales|f__Lachnospiraceae|g__Roseburia|s__Roseburia_intestinalis
Bacteroides_thetaiotaomicron	Bacteroides	Bacteroidaceae	Bacteroidales	Bacteroidia	Bacteroidetes	Bacteria	k__Bacteria|p__Bacteroidetes|c__Bacteroidia|o__Bacteroidales|f__Bacteroidaceae|g__Bacteroides|s__Bacteroides_thetaiotaomicron
Anaerostipes_hadrus	Anaerostipes	Lachnospiraceae	Eubacteriales	Clostridia	Firmicutes	Bacteria	k__Bacteria|p__Firmicutes|c__Clostridia|o__Eubacteriales|f__Lachnospiraceae|g__Anaerostipes|s__Anaerostipes_hadrus
GGB6606_SGB9340	GGB6606	FGB10055	OFGB10055	CFGB10055	Proteobacteria	Bacteria	k__Bacteria|p__Proteobacteria|c__CFGB10055|o__OFGB10055|f__FGB10055|g__GGB6606|s__GGB6606_SGB9340
Blautia_obeum	Blautia	Lachnospiraceae	Eubacteriales	Clostridia	Firmicutes	Bacteria	k__Bacteria|p__Firmicutes|c__Clostridia|o__Eubacteriales|f__Lachnospiraceae|g__Blautia|s__Blautia_obeum
Clostridium_sp_AF34_10BH	Clostridium	Clostridiaceae	Eubacteriales	Clostridia	Firmicutes	Bacteria	k__Bacteria|p__Firmicutes|c__Clostridia|o__Eubacteriales|f__Clostridiaceae|g__Clostridium|s__Clostridium_sp_AF34_10BH
GGB1495_SGB2071	GGB1495	FGB629	OFGB629	CFGB629	Bacteroidetes	Bacteria	k__Bacteria|p__Bacteroidetes|c__CFGB629|o__OFGB629|f__FGB629|g__GGB1495|s__GGB1495_SGB2071
Alistipes_onderdonkii	Alistipes	Rikenellaceae	Bacteroidales	Bacteroidia	Bacteroidetes	Bacteria	k__Bacteria|p__Bacteroidetes|c__Bacteroidia|o__Bacteroidales|f__Rikenellaceae|g__Alistipes|s__Alistipes_onderdonkii
Clostridium_SGB4750	Clostridium	Clostridiaceae	Eubacteriales	Clostridia	Firmicutes	Bacteria	k__Bacteria|p__Firmicutes|c__Clostridia|o__Eubacteriales|f__Clostridiaceae|g__Clostridium|s__Clostridium_SGB4750
Bacteroides_caccae	Bacteroides	Bacteroidaceae	Bacteroidales	Bacteroidia	Bacteroidetes	Bacteria	k__Bacteria|p__Bacteroidetes|c__Bacteroidia|o__Bacteroidales|f__Bacteroidaceae|g__Bacteroides|s__Bacteroides_caccae
Coprobacter_fastidiosus	Coprobacter	Barnesiellaceae	Bacteroidales	Bacteroidia	Bacteroidetes	Bacteria	k__Bacteria|p__Bacteroidetes|c__Bacteroidia|o__Bacteroidales|f__Barnesiellaceae|g__Coprobacter|s__Coprobacter_fastidiosus
Odoribacter_splanchnicus	Odoribacter	Odoribacteraceae	Bacteroidales	Bacteroidia	Bacteroidetes	Bacteria	k__Bacteria|p__Bacteroidetes|c__Bacteroidia|o__Bacteroidales|f__Odoribacteraceae|g__Odoribacter|s__Odoribacter_splanchnicus
Phocaeicola_coprocola	Phocaeicola	Bacteroidaceae	Bacteroidales	Bacteroidia	Bacteroidetes	Bacteria	k__Bacteria|p__Bacteroidetes|c__Bacteroidia|o__Bacteroidales|f__Bacteroidaceae|g__Phocaeicola|s__Phocaeicola_coprocola
Clostridium_sp_AF27_2AA	Clostridium	Clostridiaceae	Eubacteriales	Clostridia	Firmicutes	Bacteria	k__Bacteria|p__Firmicutes|c__Clostridia|o__Eubacteriales|f__Clostridiaceae|g__Clostridium|s__Clostridium_sp_AF27_2AA
Phocaeicola_dorei	Phocaeicola	Bacteroidaceae	Bacteroidales	Bacteroidia	Bacteroidetes	Bacteria	k__Bacteria|p__Bacteroidetes|c__Bacteroidia|o__Bacteroidales|f__Bacteroidaceae|g__Phocaeicola|s__Phocaeicola_dorei
Dysosmobacter_sp_BX15	Dysosmobacter	Oscillospiraceae	Eubacteriales	Clostridia	Firmicutes	Bacteria	k__Bacteria|p__Firmicutes|c__Clostridia|o__Eubacteriales|f__Oscillospiraceae|g__Dysosmobacter|s__Dysosmobacter_sp_BX15
Dorea_longicatena	Dorea	Lachnospiraceae	Eubacteriales	Clostridia	Firmicutes	Bacteria	k__Bacteria|p__Firmicutes|c__Clostridia|o__Eubacteriales|f__Lachnospiraceae|g__Dorea|s__Dorea_longicatena
Roseburia_sp_AF02_12	Roseburia	Lachnospiraceae	Eubacteriales	Clostridia	Firmicutes	Bacteria	k__Bacteria|p__Firmicutes|c__Clostridia|o__Eubacteriales|f__Lachnospiraceae|g__Roseburia|s__Roseburia_sp_AF02_12
Eubacterium_ventriosum	Eubacterium	Eubacteriaceae	Eubacteriales	Clostridia	Firmicutes	Bacteria	k__Bacteria|p__Firmicutes|c__Clostridia|o__Eubacteriales|f__Eubacteriaceae|g__Eubacterium|s__Eubacterium_ventriosum
Lachnospira_sp_NSJ_43	Lachnospira	Lachnospiraceae	Eubacteriales	Clostridia	Firmicutes	Bacteria	k__Bacteria|p__Firmicutes|c__Clostridia|o__Eubacteriales|f__Lachnospiraceae|g__Lachnospira|s__Lachnospira_sp_NSJ_43
Escherichia_coli	Escherichia	Enterobacteriaceae	Enterobacterales	Gammaproteobacteria	Proteobacteria	Bacteria	k__Bacteria|p__Proteobacteria|c__Gammaproteobacteria|o__Enterobacterales|f__Enterobacteriaceae|g__Escherichia|s__Escherichia_coli
Blautia_wexlerae	Blautia	Lachnospiraceae	Eubacteriales	Clostridia	Firmicutes	Bacteria	k__Bacteria|p__Firmicutes|c__Clostridia|o__Eubacteriales|f__Lachnospiraceae|g__Blautia|s__Blautia_wexlerae
Bacteroides_ovatus	Bacteroides	Bacteroidaceae	Bacteroidales	Bacteroidia	Bacteroidetes	Bacteria	k__Bacteria|p__Bacteroidetes|c__Bacteroidia|o__Bacteroidales|f__Bacteroidaceae|g__Bacteroides|s__Bacteroides_ovatus
Barnesiella_intestinihominis	Barnesiella	Barnesiellaceae	Bacteroidales	Bacteroidia	Bacteroidetes	Bacteria	k__Bacteria|p__Bacteroidetes|c__Bacteroidia|o__Bacteroidales|f__Barnesiellaceae|g__Barnesiella|s__Barnesiella_intestinihominis
Faecalicatena_fissicatena	Faecalicatena	Lachnospiraceae	Eubacteriales	Clostridia	Firmicutes	Bacteria	k__Bacteria|p__Firmicutes|c__Clostridia|o__Eubacteriales|f__Lachnospiraceae|g__Faecalicatena|s__Faecalicatena_fissicatena
Candidatus_Cibionibacter_quicibialis	Candidatus_Cibionibacter	Ruminococcaceae	Clostridiales	Clostridia	Firmicutes	Bacteria	k__Bacteria|p__Firmicutes|c__Clostridia|o__Clostridiales|f__Ruminococcaceae|g__Candidatus_Cibionibacter|s__Candidatus_Cibionibacter_quicibialis
Romboutsia_timonensis	Romboutsia	Peptostreptococcaceae	Eubacteriales	Clostridia	Firmicutes	Bacteria	k__Bacteria|p__Firmicutes|c__Clostridia|o__Eubacteriales|f__Peptostreptococcaceae|g__Romboutsia|s__Romboutsia_timonensis
Coprobacter_secundus	Coprobacter	Barnesiellaceae	Bacteroidales	Bacteroidia	Bacteroidetes	Bacteria	k__Bacteria|p__Bacteroidetes|c__Bacteroidia|o__Bacteroidales|f__Barnesiellaceae|g__Coprobacter|s__Coprobacter_secundus
Ruminococcus_lactaris	Mediterraneibacter	Lachnospiraceae	Eubacteriales	Clostridia	Firmicutes	Bacteria	k__Bacteria|p__Firmicutes|c__Clostridia|o__Eubacteriales|f__Lachnospiraceae|g__Mediterraneibacter|s__Ruminococcus_lactaris
Butyricimonas_faecihominis	Butyricimonas	Odoribacteraceae	Bacteroidales	Bacteroidia	Bacteroidetes	Bacteria	k__Bacteria|p__Bacteroidetes|c__Bacteroidia|o__Bacteroidales|f__Odoribacteraceae|g__Butyricimonas|s__Butyricimonas_faecihominis
Butyricimonas_paravirosa	Butyricimonas	Odoribacteraceae	Bacteroidales	Bacteroidia	Bacteroidetes	Bacteria	k__Bacteria|p__Bacteroidetes|c__Bacteroidia|o__Bacteroidales|f__Odoribacteraceae|g__Butyricimonas|s__Butyricimonas_paravirosa
Parabacteroides_merdae	Parabacteroides	Tannerellaceae	Bacteroidales	Bacteroidia	Bacteroidetes	Bacteria	k__Bacteria|p__Bacteroidetes|c__Bacteroidia|o__Bacteroidales|f__Tannerellaceae|g__Parabacteroides|s__Parabacteroides_merdae
GGB3167_SGB4181	GGB3167	Oscillospiraceae	Eubacteriales	Clostridia	Firmicutes	Bacteria	k__Bacteria|p__Firmicutes|c__Clostridia|o__Eubacteriales|f__Oscillospiraceae|g__GGB3167|s__GGB3167_SGB4181
Eubacteriales_unclassified_SGB15148	Eubacteriales_unclassified	Eubacteriales_unclassified	Eubacteriales	Clostridia	Firmicutes	Bacteria	k__Bacteria|p__Firmicutes|c__Clostridia|o__Eubacteriales|f__Eubacteriales_unclassified|g__Eubacteriales_unclassified|s__Eubacteriales_unclassified_SGB15148
Ruminococcus_gnavus	Mediterraneibacter	Lachnospiraceae	Eubacteriales	Clostridia	Firmicutes	Bacteria	k__Bacteria|p__Firmicutes|c__Clostridia|o__Eubacteriales|f__Lachnospiraceae|g__Mediterraneibacter|s__Ruminococcus_gnavus
GGB1420_SGB1957	GGB1420	FGB602	OFGB602	CFGB602	Bacteroidetes	Bacteria	k__Bacteria|p__Bacteroidetes|c__CFGB602|o__OFGB602|f__FGB602|g__GGB1420|s__GGB1420_SGB1957
Lawsonibacter_asaccharolyticus	Lawsonibacter	Clostridiales_unclassified	Clostridiales	Clostridia	Firmicutes	Bacteria	k__Bacteria|p__Firmicutes|c__Clostridia|o__Clostridiales|f__Clostridiales_unclassified|g__Lawsonibacter|s__Lawsonibacter_asaccharolyticus
Alistipes_finegoldii	Alistipes	Rikenellaceae	Bacteroidales	Bacteroidia	Bacteroidetes	Bacteria	k__Bacteria|p__Bacteroidetes|c__Bacteroidia|o__Bacteroidales|f__Rikenellaceae|g__Alistipes|s__Alistipes_finegoldii
GGB18083_SGB26726	GGB18083	Helicobacteraceae	Campylobacterales	Epsilonproteobacteria	Proteobacteria	Bacteria	k__Bacteria|p__Proteobacteria|c__Epsilonproteobacteria|o__Campylobacterales|f__Helicobacteraceae|g__GGB18083|s__GGB18083_SGB26726
GGB33928_SGB15225	GGB33928	Oscillospiraceae	Eubacteriales	Clostridia	Firmicutes	Bacteria	k__Bacteria|p__Firmicutes|c__Clostridia|o__Eubacteriales|f__Oscillospiraceae|g__GGB33928|s__GGB33928_SGB15225
GGB3480_SGB4648	GGB3480	Clostridiaceae	Eubacteriales	Clostridia	Firmicutes	Bacteria	k__Bacteria|p__Firmicutes|c__Clostridia|o__Eubacteriales|f__Clostridiaceae|g__GGB3480|s__GGB3480_SGB4648
Enterocloster_bolteae	Enterocloster	Lachnospiraceae	Eubacteriales	Clostridia	Firmicutes	Bacteria	k__Bacteria|p__Firmicutes|c__Clostridia|o__Eubacteriales|f__Lachnospiraceae|g__Enterocloster|s__Enterocloster_bolteae
Clostridiaceae_bacterium_AF18_31LB	Clostridiaceae_unclassified	Clostridiaceae	Eubacteriales	Clostridia	Firmicutes	Bacteria	k__Bacteria|p__Firmicutes|c__Clostridia|o__Eubacteriales|f__Clostridiaceae|g__Clostridiaceae_unclassified|s__Clostridiaceae_bacterium_AF18_31LB
Lacrimispora_saccharolytica	Lacrimispora	Lachnospiraceae	Eubacteriales	Clostridia	Firmicutes	Bacteria	k__Bacteria|p__Firmicutes|c__Clostridia|o__Eubacteriales|f__Lachnospiraceae|g__Lacrimispora|s__Lacrimispora_saccharolytica
Brachyspira_pilosicoli	Brachyspira	Brachyspiraceae	Brachyspirales	Spirochaetia	Spirochaetes	Bacteria	k__Bacteria|p__Spirochaetes|c__Spirochaetia|o__Brachyspirales|f__Brachyspiraceae|g__Brachyspira|s__Brachyspira_pilosicoli
Clostridium_fessum	Clostridium	Clostridiaceae	Eubacteriales	Clostridia	Firmicutes	Bacteria	k__Bacteria|p__Firmicutes|c__Clostridia|o__Eubacteriales|f__Clostridiaceae|g__Clostridium|s__Clostridium_fessum
Flavonifractor_plautii	Flavonifractor	Oscillospiraceae	Eubacteriales	Clostridia	Firmicutes	Bacteria	k__Bacteria|p__Firmicutes|c__Clostridia|o__Eubacteriales|f__Oscillospiraceae|g__Flavonifractor|s__Flavonifractor_plautii
Clostridium_sp_AF36_4	Clostridium	Clostridiaceae	Eubacteriales	Clostridia	Firmicutes	Bacteria	k__Bacteria|p__Firmicutes|c__Clostridia|o__Eubacteriales|f__Clostridiaceae|g__Clostridium|s__Clostridium_sp_AF36_4
GGB9619_SGB15067	GGB9619	Oscillospiraceae	Eubacteriales	Clostridia	Firmicutes	Bacteria	k__Bacteria|p__Firmicutes|c__Clostridia|o__Eubacteriales|f__Oscillospiraceae|g__GGB9619|s__GGB9619_SGB15067
Vescimonas_coprocola	Vescimonas	Oscillospiraceae	Eubacteriales	Clostridia	Firmicutes	Bacteria	k__Bacteria|p__Firmicutes|c__Clostridia|o__Eubacteriales|f__Oscillospiraceae|g__Vescimonas|s__Vescimonas_coprocola
Hydrogenoanaerobacterium_saccharovorans	Hydrogenoanaerobacterium	Oscillospiraceae	Eubacteriales	Clostridia	Firmicutes	Bacteria	k__Bacteria|p__Firmicutes|c__Clostridia|o__Eubacteriales|f__Oscillospiraceae|g__Hydrogenoanaerobacterium|s__Hydrogenoanaerobacterium_saccharovorans
Dorea_formicigenerans	Dorea	Lachnospiraceae	Eubacteriales	Clostridia	Firmicutes	Bacteria	k__Bacteria|p__Firmicutes|c__Clostridia|o__Eubacteriales|f__Lachnospiraceae|g__Dorea|s__Dorea_formicigenerans
Clostridiales_bacterium	Eubacteriales_unclassified	Eubacteriales_unclassified	Eubacteriales	Clostridia	Firmicutes	Bacteria	k__Bacteria|p__Firmicutes|c__Clostridia|o__Eubacteriales|f__Eubacteriales_unclassified|g__Eubacteriales_unclassified|s__Clostridiales_bacterium
Alistipes_shahii	Alistipes	Rikenellaceae	Bacteroidales	Bacteroidia	Bacteroidetes	Bacteria	k__Bacteria|p__Bacteroidetes|c__Bacteroidia|o__Bacteroidales|f__Rikenellaceae|g__Alistipes|s__Alistipes_shahii
Fusobacterium_mortiferum	Fusobacterium	Fusobacteriaceae	Fusobacteriales	Fusobacteriia	Fusobacteria	Bacteria	k__Bacteria|p__Fusobacteria|c__Fusobacteriia|o__Fusobacteriales|f__Fusobacteriaceae|g__Fusobacterium|s__Fusobacterium_mortiferum
Blautia_faecis	Blautia	Lachnospiraceae	Eubacteriales	Clostridia	Firmicutes	Bacteria	k__Bacteria|p__Firmicutes|c__Clostridia|o__Eubacteriales|f__Lachnospiraceae|g__Blautia|s__Blautia_faecis
Clostridiaceae_bacterium	Clostridiaceae_unclassified	Clostridiaceae	Eubacteriales	Clostridia	Firmicutes	Bacteria	k__Bacteria|p__Firmicutes|c__Clostridia|o__Eubacteriales|f__Clostridiaceae|g__Clostridiaceae_unclassified|s__Clostridiaceae_bacterium
Streptococcus_thermophilus	Streptococcus	Streptococcaceae	Lactobacillales	Bacilli	Firmicutes	Bacteria	k__Bacteria|p__Firmicutes|c__Bacilli|o__Lactobacillales|f__Streptococcaceae|g__Streptococcus|s__Streptococcus_thermophilus
Ruminococcus_torques	Mediterraneibacter	Lachnospiraceae	Eubacteriales	Clostridia	Firmicutes	Bacteria	k__Bacteria|p__Firmicutes|c__Clostridia|o__Eubacteriales|f__Lachnospiraceae|g__Mediterraneibacter|s__Ruminococcus_torques
Clostridium_sp_AF34_13	Clostridium	Clostridiaceae	Eubacteriales	Clostridia	Firmicutes	Bacteria	k__Bacteria|p__Firmicutes|c__Clostridia|o__Eubacteriales|f__Clostridiaceae|g__Clostridium|s__Clostridium_sp_AF34_13
GGB9818_SGB15459	GGB9818	Desulfovibrionaceae	Desulfovibrionales	Deltaproteobacteria	Proteobacteria	Bacteria	k__Bacteria|p__Proteobacteria|c__Deltaproteobacteria|o__Desulfovibrionales|f__Desulfovibrionaceae|g__GGB9818|s__GGB9818_SGB15459
Eubacterium_siraeum	Oscillospiraceae_unclassified	Oscillospiraceae	Eubacteriales	Clostridia	Firmicutes	Bacteria	k__Bacteria|p__Firmicutes|c__Clostridia|o__Eubacteriales|f__Oscillospiraceae|g__Oscillospiraceae_unclassified|s__Eubacterium_siraeum
Eubacteriaceae_bacterium	Eubacteriaceae_unclassified	Eubacteriaceae	Eubacteriales	Clostridia	Firmicutes	Bacteria	k__Bacteria|p__Firmicutes|c__Clostridia|o__Eubacteriales|f__Eubacteriaceae|g__Eubacteriaceae_unclassified|s__Eubacteriaceae_bacterium
Clostridium_sp_AM22_11AC	Clostridium	Clostridiaceae	Eubacteriales	Clostridia	Firmicutes	Bacteria	k__Bacteria|p__Firmicutes|c__Clostridia|o__Eubacteriales|f__Clostridiaceae|g__Clostridium|s__Clostridium_sp_AM22_11AC
Clostridium_leptum	Oscillospiraceae_unclassified	Oscillospiraceae	Eubacteriales	Clostridia	Firmicutes	Bacteria	k__Bacteria|p__Firmicutes|c__Clostridia|o__Eubacteriales|f__Oscillospiraceae|g__Oscillospiraceae_unclassified|s__Clostridium_leptum
GGB9184_SGB14123	GGB9184	FGB2880	OFGB2880	CFGB2880	Firmicutes	Bacteria	k__Bacteria|p__Firmicutes|c__CFGB2880|o__OFGB2880|f__FGB2880|g__GGB9184|s__GGB9184_SGB14123
Ruminococcus_bicirculans	Ruminococcus	Oscillospiraceae	Eubacteriales	Clostridia	Firmicutes	Bacteria	k__Bacteria|p__Firmicutes|c__Clostridia|o__Eubacteriales|f__Oscillospiraceae|g__Ruminococcus|s__Ruminococcus_bicirculans
Lachnospiraceae_bacterium_OM04_12BH	Lachnospiraceae_unclassified	Lachnospiraceae	Eubacteriales	Clostridia	Firmicutes	Bacteria	k__Bacteria|p__Firmicutes|c__Clostridia|o__Eubacteriales|f__Lachnospiraceae|g__Lachnospiraceae_unclassified|s__Lachnospiraceae_bacterium_OM04_12BH
Clostridium_symbiosum	Lachnoclostridium	Lachnospiraceae	Eubacteriales	Clostridia	Firmicutes	Bacteria	k__Bacteria|p__Firmicutes|c__Clostridia|o__Eubacteriales|f__Lachnospiraceae|g__Lachnoclostridium|s__Clostridium_symbiosum
Fusobacterium_ulcerans	Fusobacterium	Fusobacteriaceae	Fusobacteriales	Fusobacteriia	Fusobacteria	Bacteria	k__Bacteria|p__Fusobacteria|c__Fusobacteriia|o__Fusobacteriales|f__Fusobacteriaceae|g__Fusobacterium|s__Fusobacterium_ulcerans
Faecalibacterium_SGB15346	Faecalibacterium	Oscillospiraceae	Eubacteriales	Clostridia	Firmicutes	Bacteria	k__Bacteria|p__Firmicutes|c__Clostridia|o__Eubacteriales|f__Oscillospiraceae|g__Faecalibacterium|s__Faecalibacterium_SGB15346
Haemophilus_parainfluenzae	Haemophilus	Pasteurellaceae	Pasteurellales	Gammaproteobacteria	Proteobacteria	Bacteria	k__Bacteria|p__Proteobacteria|c__Gammaproteobacteria|o__Pasteurellales|f__Pasteurellaceae|g__Haemophilus|s__Haemophilus_parainfluenzae
Dysgonomonas_mossii	Dysgonomonas	Dysgonomonadaceae	Bacteroidales	Bacteroidia	Bacteroidetes	Bacteria	k__Bacteria|p__Bacteroidetes|c__Bacteroidia|o__Bacteroidales|f__Dysgonomonadaceae|g__Dysgonomonas|s__Dysgonomonas_mossii
Veillonella_parvula	Veillonella	Veillonellaceae	Veillonellales	Negativicutes	Firmicutes	Bacteria	k__Bacteria|p__Firmicutes|c__Negativicutes|o__Veillonellales|f__Veillonellaceae|g__Veillonella|s__Veillonella_parvula
Anaerotignum_lactatifermentans	Anaerotignum	Lachnospiraceae	Eubacteriales	Clostridia	Firmicutes	Bacteria	k__Bacteria|p__Firmicutes|c__Clostridia|o__Eubacteriales|f__Lachnospiraceae|g__Anaerotignum|s__Anaerotignum_lactatifermentans
Enterocloster_aldenensis	Enterocloster	Lachnospiraceae	Eubacteriales	Clostridia	Firmicutes	Bacteria	k__Bacteria|p__Firmicutes|c__Clostridia|o__Eubacteriales|f__Lachnospiraceae|g__Enterocloster|s__Enterocloster_aldenensis
Enterocloster_citroniae	Enterocloster	Lachnospiraceae	Eubacteriales	Clostridia	Firmicutes	Bacteria	k__Bacteria|p__Firmicutes|c__Clostridia|o__Eubacteriales|f__Lachnospiraceae|g__Enterocloster|s__Enterocloster_citroniae
Phocaeicola_sartorii	Phocaeicola	Bacteroidaceae	Bacteroidales	Bacteroidia	Bacteroidetes	Bacteria	k__Bacteria|p__Bacteroidetes|c__Bacteroidia|o__Bacteroidales|f__Bacteroidaceae|g__Phocaeicola|s__Phocaeicola_sartorii
Dysosmobacter_welbionis	Dysosmobacter	Oscillospiraceae	Eubacteriales	Clostridia	Firmicutes	Bacteria	k__Bacteria|p__Firmicutes|c__Clostridia|o__Eubacteriales|f__Oscillospiraceae|g__Dysosmobacter|s__Dysosmobacter_welbionis
Agathobaculum_butyriciproducens	Agathobaculum	Oscillospiraceae	Eubacteriales	Clostridia	Firmicutes	Bacteria	k__Bacteria|p__Firmicutes|c__Clostridia|o__Eubacteriales|f__Oscillospiraceae|g__Agathobaculum|s__Agathobaculum_butyriciproducens
GGB4602_SGB6365	GGB4602	FGB1765	OFGB1765	CFGB1765	Firmicutes	Bacteria	k__Bacteria|p__Firmicutes|c__CFGB1765|o__OFGB1765|f__FGB1765|g__GGB4602|s__GGB4602_SGB6365
Roseburia_hominis	Roseburia	Lachnospiraceae	Eubacteriales	Clostridia	Firmicutes	Bacteria	k__Bacteria|p__Firmicutes|c__Clostridia|o__Eubacteriales|f__Lachnospiraceae|g__Roseburia|s__Roseburia_hominis
Firmicutes_bacterium_AF16_15	Firmicutes_unclassified	Firmicutes_unclassified	Firmicutes_unclassified	Firmicutes_unclassified	Firmicutes	Bacteria	k__Bacteria|p__Firmicutes|c__Firmicutes_unclassified|o__Firmicutes_unclassified|f__Firmicutes_unclassified|g__Firmicutes_unclassified|s__Firmicutes_bacterium_AF16_15
Intestinimonas_timonensis	Intestinimonas	Eubacteriales_unclassified	Eubacteriales	Clostridia	Firmicutes	Bacteria	k__Bacteria|p__Firmicutes|c__Clostridia|o__Eubacteriales|f__Eubacteriales_unclassified|g__Intestinimonas|s__Intestinimonas_timonensis
Klebsiella_pneumoniae	Klebsiella	Enterobacteriaceae	Enterobacterales	Gammaproteobacteria	Proteobacteria	Bacteria	k__Bacteria|p__Proteobacteria|c__Gammaproteobacteria|o__Enterobacterales|f__Enterobacteriaceae|g__Klebsiella|s__Klebsiella_pneumoniae
GGB3653_SGB4964	GGB3653	Lachnospiraceae	Eubacteriales	Clostridia	Firmicutes	Bacteria	k__Bacteria|p__Firmicutes|c__Clostridia|o__Eubacteriales|f__Lachnospiraceae|g__GGB3653|s__GGB3653_SGB4964
GGB3817_SGB5182	GGB3817	Clostridia_unclassified	Clostridia_unclassified	Clostridia	Firmicutes	Bacteria	k__Bacteria|p__Firmicutes|c__Clostridia|o__Clostridia_unclassified|f__Clostridia_unclassified|g__GGB3817|s__GGB3817_SGB5182
GGB3746_SGB5089	GGB3746	Lachnospiraceae	Eubacteriales	Clostridia	Firmicutes	Bacteria	k__Bacteria|p__Firmicutes|c__Clostridia|o__Eubacteriales|f__Lachnospiraceae|g__GGB3746|s__GGB3746_SGB5089
Hungatella_hathewayi	Hungatella	Clostridiaceae	Eubacteriales	Clostridia	Firmicutes	Bacteria	k__Bacteria|p__Firmicutes|c__Clostridia|o__Eubacteriales|f__Clostridiaceae|g__Hungatella|s__Hungatella_hathewayi
Sellimonas_intestinalis	Sellimonas	Lachnospiraceae	Eubacteriales	Clostridia	Firmicutes	Bacteria	k__Bacteria|p__Firmicutes|c__Clostridia|o__Eubacteriales|f__Lachnospiraceae|g__Sellimonas|s__Sellimonas_intestinalis
Ruthenibacterium_lactatiformans	Ruthenibacterium	Oscillospiraceae	Eubacteriales	Clostridia	Firmicutes	Bacteria	k__Bacteria|p__Firmicutes|c__Clostridia|o__Eubacteriales|f__Oscillospiraceae|g__Ruthenibacterium|s__Ruthenibacterium_lactatiformans
Enterocloster_lavalensis	Enterocloster	Lachnospiraceae	Eubacteriales	Clostridia	Firmicutes	Bacteria	k__Bacteria|p__Firmicutes|c__Clostridia|o__Eubacteriales|f__Lachnospiraceae|g__Enterocloster|s__Enterocloster_lavalensis
Blautia_hansenii	Blautia	Lachnospiraceae	Eubacteriales	Clostridia	Firmicutes	Bacteria	k__Bacteria|p__Firmicutes|c__Clostridia|o__Eubacteriales|f__Lachnospiraceae|g__Blautia|s__Blautia_hansenii
Negativibacillus_massiliensis	Negativibacillus	Firmicutes_unclassified	Firmicutes_unclassified	Firmicutes_unclassified	Firmicutes	Bacteria	k__Bacteria|p__Firmicutes|c__Firmicutes_unclassified|o__Firmicutes_unclassified|f__Firmicutes_unclassified|g__Negativibacillus|s__Negativibacillus_massiliensis
Pseudoflavonifractor_gallinarum	Pseudoflavonifractor	Oscillospiraceae	Eubacteriales	Clostridia	Firmicutes	Bacteria	k__Bacteria|p__Firmicutes|c__Clostridia|o__Eubacteriales|f__Oscillospiraceae|g__Pseudoflavonifractor|s__Pseudoflavonifractor_gallinarum
Clostridiaceae_bacterium_Marseille_Q4145	Clostridiaceae_unclassified	Clostridiaceae	Eubacteriales	Clostridia	Firmicutes	Bacteria	k__Bacteria|p__Firmicutes|c__Clostridia|o__Eubacteriales|f__Clostridiaceae|g__Clostridiaceae_unclassified|s__Clostridiaceae_bacterium_Marseille_Q4145
TM7_phylum_sp_oral_taxon_352	Candidatus_Saccharibacteria_unclassified	Candidatus_Saccharibacteria_unclassified	Candidatus_Saccharibacteria_unclassified	Candidatus_Saccharibacteria_unclassified	Candidatus_Saccharibacteria	Bacteria	k__Bacteria|p__Candidatus_Saccharibacteria|c__Candidatus_Saccharibacteria_unclassified|o__Candidatus_Saccharibacteria_unclassified|f__Candidatus_Saccharibacteria_unclassified|g__Candidatus_Saccharibacteria_unclassified|s__TM7_phylum_sp_oral_taxon_352
Holdemania_filiformis	Holdemania	Erysipelotrichaceae	Erysipelotrichales	Erysipelotrichia	Firmicutes	Bacteria	k__Bacteria|p__Firmicutes|c__Erysipelotrichia|o__Erysipelotrichales|f__Erysipelotrichaceae|g__Holdemania|s__Holdemania_filiformis
Klebsiella_variicola	Klebsiella	Enterobacteriaceae	Enterobacterales	Gammaproteobacteria	Proteobacteria	Bacteria	k__Bacteria|p__Proteobacteria|c__Gammaproteobacteria|o__Enterobacterales|f__Enterobacteriaceae|g__Klebsiella|s__Klebsiella_variicola
Anaerostipes_rhamnosivorans	Anaerostipes	Lachnospiraceae	Eubacteriales	Clostridia	Firmicutes	Bacteria	k__Bacteria|p__Firmicutes|c__Clostridia|o__Eubacteriales|f__Lachnospiraceae|g__Anaerostipes|s__Anaerostipes_rhamnosivorans
Veillonellaceae_bacterium	Veillonellaceae_unclassified	Veillonellaceae	Veillonellales	Negativicutes	Firmicutes	Bacteria	k__Bacteria|p__Firmicutes|c__Negativicutes|o__Veillonellales|f__Veillonellaceae|g__Veillonellaceae_unclassified|s__Veillonellaceae_bacterium
Tyzzerella_nexilis	Tyzzerella	Lachnospiraceae	Eubacteriales	Clostridia	Firmicutes	Bacteria	k__Bacteria|p__Firmicutes|c__Clostridia|o__Eubacteriales|f__Lachnospiraceae|g__Tyzzerella|s__Tyzzerella_nexilis
Roseburia_faecis	Roseburia	Lachnospiraceae	Eubacteriales	Clostridia	Firmicutes	Bacteria	k__Bacteria|p__Firmicutes|c__Clostridia|o__Eubacteriales|f__Lachnospiraceae|g__Roseburia|s__Roseburia_faecis
Eubacterium_rectale	Lachnospiraceae_unclassified	Lachnospiraceae	Eubacteriales	Clostridia	Firmicutes	Bacteria	k__Bacteria|p__Firmicutes|c__Clostridia|o__Eubacteriales|f__Lachnospiraceae|g__Lachnospiraceae_unclassified|s__Eubacterium_rectale
Eisenbergiella_massiliensis	Eisenbergiella	Lachnospiraceae	Eubacteriales	Clostridia	Firmicutes	Bacteria	k__Bacteria|p__Firmicutes|c__Clostridia|o__Eubacteriales|f__Lachnospiraceae|g__Eisenbergiella|s__Eisenbergiella_massiliensis
Intestinimonas_massiliensis	Intestinimonas	Eubacteriales_unclassified	Eubacteriales	Clostridia	Firmicutes	Bacteria	k__Bacteria|p__Firmicutes|c__Clostridia|o__Eubacteriales|f__Eubacteriales_unclassified|g__Intestinimonas|s__Intestinimonas_massiliensis
Veillonella_dispar	Veillonella	Veillonellaceae	Veillonellales	Negativicutes	Firmicutes	Bacteria	k__Bacteria|p__Firmicutes|c__Negativicutes|o__Veillonellales|f__Veillonellaceae|g__Veillonella|s__Veillonella_dispar
Anaerostipes_caccae	Anaerostipes	Lachnospiraceae	Eubacteriales	Clostridia	Firmicutes	Bacteria	k__Bacteria|p__Firmicutes|c__Clostridia|o__Eubacteriales|f__Lachnospiraceae|g__Anaerostipes|s__Anaerostipes_caccae
Clostridium_butyricum	Clostridium	Clostridiaceae	Eubacteriales	Clostridia	Firmicutes	Bacteria	k__Bacteria|p__Firmicutes|c__Clostridia|o__Eubacteriales|f__Clostridiaceae|g__Clostridium|s__Clostridium_butyricum
Intestinibacter_bartlettii	Intestinibacter	Peptostreptococcaceae	Eubacteriales	Clostridia	Firmicutes	Bacteria	k__Bacteria|p__Firmicutes|c__Clostridia|o__Eubacteriales|f__Peptostreptococcaceae|g__Intestinibacter|s__Intestinibacter_bartlettii
Clostridium_SGB6173	Clostridium	Clostridiaceae	Eubacteriales	Clostridia	Firmicutes	Bacteria	k__Bacteria|p__Firmicutes|c__Clostridia|o__Eubacteriales|f__Clostridiaceae|g__Clostridium|s__Clostridium_SGB6173
Clostridium_sp_NSJ_42	Clostridium	Clostridiaceae	Eubacteriales	Clostridia	Firmicutes	Bacteria	k__Bacteria|p__Firmicutes|c__Clostridia|o__Eubacteriales|f__Clostridiaceae|g__Clostridium|s__Clostridium_sp_NSJ_42
GGB9574_SGB14987	GGB9574	Clostridiaceae	Eubacteriales	Clostridia	Firmicutes	Bacteria	k__Bacteria|p__Firmicutes|c__Clostridia|o__Eubacteriales|f__Clostridiaceae|g__GGB9574|s__GGB9574_SGB14987
Erysipelatoclostridium_ramosum	Erysipelatoclostridium	Erysipelotrichaceae	Erysipelotrichales	Erysipelotrichia	Firmicutes	Bacteria	k__Bacteria|p__Firmicutes|c__Erysipelotrichia|o__Erysipelotrichales|f__Erysipelotrichaceae|g__Erysipelatoclostridium|s__Erysipelatoclostridium_ramosum
Clostridium_spiroforme	Erysipelatoclostridium	Erysipelotrichaceae	Erysipelotrichales	Erysipelotrichia	Firmicutes	Bacteria	k__Bacteria|p__Firmicutes|c__Erysipelotrichia|o__Erysipelotrichales|f__Erysipelotrichaceae|g__Erysipelatoclostridium|s__Clostridium_spiroforme
Blautia_producta	Blautia	Lachnospiraceae	Eubacteriales	Clostridia	Firmicutes	Bacteria	k__Bacteria|p__Firmicutes|c__Clostridia|o__Eubacteriales|f__Lachnospiraceae|g__Blautia|s__Blautia_producta
Clostridium_neonatale	Clostridium	Clostridiaceae	Eubacteriales	Clostridia	Firmicutes	Bacteria	k__Bacteria|p__Firmicutes|c__Clostridia|o__Eubacteriales|f__Clostridiaceae|g__Clostridium|s__Clostridium_neonatale
Erysipelatoclostridium_sp_An15	Erysipelatoclostridium	Erysipelotrichaceae	Erysipelotrichales	Erysipelotrichia	Firmicutes	Bacteria	k__Bacteria|p__Firmicutes|c__Erysipelotrichia|o__Erysipelotrichales|f__Erysipelotrichaceae|g__Erysipelatoclostridium|s__Erysipelatoclostridium_sp_An15
Proteus_mirabilis	Proteus	Morganellaceae	Enterobacterales	Gammaproteobacteria	Proteobacteria	Bacteria	k__Bacteria|p__Proteobacteria|c__Gammaproteobacteria|o__Enterobacterales|f__Morganellaceae|g__Proteus|s__Proteus_mirabilis
Anaerosporobacter_mobilis	Anaerosporobacter	Lachnospiraceae	Eubacteriales	Clostridia	Firmicutes	Bacteria	k__Bacteria|p__Firmicutes|c__Clostridia|o__Eubacteriales|f__Lachnospiraceae|g__Anaerosporobacter|s__Anaerosporobacter_mobilis
Clostridium_paraputrificum	Clostridium	Clostridiaceae	Eubacteriales	Clostridia	Firmicutes	Bacteria	k__Bacteria|p__Firmicutes|c__Clostridia|o__Eubacteriales|f__Clostridiaceae|g__Clostridium|s__Clostridium_paraputrificum
Veillonella_atypica	Veillonella	Veillonellaceae	Veillonellales	Negativicutes	Firmicutes	Bacteria	k__Bacteria|p__Firmicutes|c__Negativicutes|o__Veillonellales|f__Veillonellaceae|g__Veillonella|s__Veillonella_atypica
Clostridium_sp_Marseille_P299	Clostridium	Clostridiaceae	Eubacteriales	Clostridia	Firmicutes	Bacteria	k__Bacteria|p__Firmicutes|c__Clostridia|o__Eubacteriales|f__Clostridiaceae|g__Clostridium|s__Clostridium_sp_Marseille_P299
Roseburia_SGB4949	Roseburia	Lachnospiraceae	Eubacteriales	Clostridia	Firmicutes	Bacteria	k__Bacteria|p__Firmicutes|c__Clostridia|o__Eubacteriales|f__Lachnospiraceae|g__Roseburia|s__Roseburia_SGB4949
Clostridium_polynesiense	Clostridium	Clostridiaceae	Eubacteriales	Clostridia	Firmicutes	Bacteria	k__Bacteria|p__Firmicutes|c__Clostridia|o__Eubacteriales|f__Clostridiaceae|g__Clostridium|s__Clostridium_polynesiense
GGB1549_SGB2133	GGB1549	Muribaculaceae	Bacteroidales	Bacteroidia	Bacteroidetes	Bacteria	k__Bacteria|p__Bacteroidetes|c__Bacteroidia|o__Bacteroidales|f__Muribaculaceae|g__GGB1549|s__GGB1549_SGB2133
Bacteroides_gallinarum	Bacteroides	Bacteroidaceae	Bacteroidales	Bacteroidia	Bacteroidetes	Bacteria	k__Bacteria|p__Bacteroidetes|c__Bacteroidia|o__Bacteroidales|f__Bacteroidaceae|g__Bacteroides|s__Bacteroides_gallinarum
Bacteroides_stercoris	Bacteroides	Bacteroidaceae	Bacteroidales	Bacteroidia	Bacteroidetes	Bacteria	k__Bacteria|p__Bacteroidetes|c__Bacteroidia|o__Bacteroidales|f__Bacteroidaceae|g__Bacteroides|s__Bacteroides_stercoris
Bacteroides_nordii	Bacteroides	Bacteroidaceae	Bacteroidales	Bacteroidia	Bacteroidetes	Bacteria	k__Bacteria|p__Bacteroidetes|c__Bacteroidia|o__Bacteroidales|f__Bacteroidaceae|g__Bacteroides|s__Bacteroides_nordii
GGB3278_SGB4328	GGB3278	Eubacteriaceae	Eubacteriales	Clostridia	Firmicutes	Bacteria	k__Bacteria|p__Firmicutes|c__Clostridia|o__Eubacteriales|f__Eubacteriaceae|g__GGB3278|s__GGB3278_SGB4328
Clostridium_sp_AM49_4BH	Clostridium	Clostridiaceae	Eubacteriales	Clostridia	Firmicutes	Bacteria	k__Bacteria|p__Firmicutes|c__Clostridia|o__Eubacteriales|f__Clostridiaceae|g__Clostridium|s__Clostridium_sp_AM49_4BH
Ruminococcus_bromii	Ruminococcus	Oscillospiraceae	Eubacteriales	Clostridia	Firmicutes	Bacteria	k__Bacteria|p__Firmicutes|c__Clostridia|o__Eubacteriales|f__Oscillospiraceae|g__Ruminococcus|s__Ruminococcus_bromii
Lachnospira_eligens	Lachnospira	Lachnospiraceae	Eubacteriales	Clostridia	Firmicutes	Bacteria	k__Bacteria|p__Firmicutes|c__Clostridia|o__Eubacteriales|f__Lachnospiraceae|g__Lachnospira|s__Lachnospira_eligens
Parasutterella_excrementihominis	Parasutterella	Sutterellaceae	Burkholderiales	Betaproteobacteria	Proteobacteria	Bacteria	k__Bacteria|p__Proteobacteria|c__Betaproteobacteria|o__Burkholderiales|f__Sutterellaceae|g__Parasutterella|s__Parasutterella_excrementihominis
Intestinimonas_butyriciproducens	Intestinimonas	Eubacteriales_unclassified	Eubacteriales	Clostridia	Firmicutes	Bacteria	k__Bacteria|p__Firmicutes|c__Clostridia|o__Eubacteriales|f__Eubacteriales_unclassified|g__Intestinimonas|s__Intestinimonas_butyriciproducens
Bacteroides_intestinalis	Bacteroides	Bacteroidaceae	Bacteroidales	Bacteroidia	Bacteroidetes	Bacteria	k__Bacteria|p__Bacteroidetes|c__Bacteroidia|o__Bacteroidales|f__Bacteroidaceae|g__Bacteroides|s__Bacteroides_intestinalis
Butyricicoccus_SGB14990	Butyricicoccus	Clostridiaceae	Eubacteriales	Clostridia	Firmicutes	Bacteria	k__Bacteria|p__Firmicutes|c__Clostridia|o__Eubacteriales|f__Clostridiaceae|g__Butyricicoccus|s__Butyricicoccus_SGB14990
Roseburia_sp_BX1005	Roseburia	Lachnospiraceae	Eubacteriales	Clostridia	Firmicutes	Bacteria	k__Bacteria|p__Firmicutes|c__Clostridia|o__Eubacteriales|f__Lachnospiraceae|g__Roseburia|s__Roseburia_sp_BX1005
Alistipes_provencensis	Alistipes	Rikenellaceae	Bacteroidales	Bacteroidia	Bacteroidetes	Bacteria	k__Bacteria|p__Bacteroidetes|c__Bacteroidia|o__Bacteroidales|f__Rikenellaceae|g__Alistipes|s__Alistipes_provencensis
Phascolarctobacterium_faecium	Phascolarctobacterium	Acidaminococcaceae	Acidaminococcales	Negativicutes	Firmicutes	Bacteria	k__Bacteria|p__Firmicutes|c__Negativicutes|o__Acidaminococcales|f__Acidaminococcaceae|g__Phascolarctobacterium|s__Phascolarctobacterium_faecium
Clostridium_sp_1001270H_150608_G6	Clostridium	Clostridiaceae	Eubacteriales	Clostridia	Firmicutes	Bacteria	k__Bacteria|p__Firmicutes|c__Clostridia|o__Eubacteriales|f__Clostridiaceae|g__Clostridium|s__Clostridium_sp_1001270H_150608_G6
Eubacteriales_unclassified_SGB15145	Eubacteriales_unclassified	Eubacteriales_unclassified	Eubacteriales	Clostridia	Firmicutes	Bacteria	k__Bacteria|p__Firmicutes|c__Clostridia|o__Eubacteriales|f__Eubacteriales_unclassified|g__Eubacteriales_unclassified|s__Eubacteriales_unclassified_SGB15145
Collinsella_aerofaciens	Collinsella	Coriobacteriaceae	Coriobacteriales	Coriobacteriia	Actinobacteria	Bacteria	k__Bacteria|p__Actinobacteria|c__Coriobacteriia|o__Coriobacteriales|f__Coriobacteriaceae|g__Collinsella|s__Collinsella_aerofaciens
Clostridiales_bacterium_KLE1615	Eubacteriales_unclassified	Eubacteriales_unclassified	Eubacteriales	Clostridia	Firmicutes	Bacteria	k__Bacteria|p__Firmicutes|c__Clostridia|o__Eubacteriales|f__Eubacteriales_unclassified|g__Eubacteriales_unclassified|s__Clostridiales_bacterium_KLE1615
Oscillibacter_sp_ER4	Oscillibacter	Oscillospiraceae	Eubacteriales	Clostridia	Firmicutes	Bacteria	k__Bacteria|p__Firmicutes|c__Clostridia|o__Eubacteriales|f__Oscillospiraceae|g__Oscillibacter|s__Oscillibacter_sp_ER4
GGB9635_SGB15106	GGB9635	Oscillospiraceae	Eubacteriales	Clostridia	Firmicutes	Bacteria	k__Bacteria|p__Firmicutes|c__Clostridia|o__Eubacteriales|f__Oscillospiraceae|g__GGB9635|s__GGB9635_SGB15106
Gemmiger_SGB15299	Gemmiger	Eubacteriales_unclassified	Eubacteriales	Clostridia	Firmicutes	Bacteria	k__Bacteria|p__Firmicutes|c__Clostridia|o__Eubacteriales|f__Eubacteriales_unclassified|g__Gemmiger|s__Gemmiger_SGB15299
Clostridiaceae_bacterium_Marseille_Q4143	Clostridiaceae_unclassified	Clostridiaceae	Eubacteriales	Clostridia	Firmicutes	Bacteria	k__Bacteria|p__Firmicutes|c__Clostridia|o__Eubacteriales|f__Clostridiaceae|g__Clostridiaceae_unclassified|s__Clostridiaceae_bacterium_Marseille_Q4143
Frisingicoccus_caecimuris	Frisingicoccus	Lachnospiraceae	Eubacteriales	Clostridia	Firmicutes	Bacteria	k__Bacteria|p__Firmicutes|c__Clostridia|o__Eubacteriales|f__Lachnospiraceae|g__Frisingicoccus|s__Frisingicoccus_caecimuris
Bilophila_wadsworthia	Bilophila	Desulfovibrionaceae	Desulfovibrionales	Deltaproteobacteria	Proteobacteria	Bacteria	k__Bacteria|p__Proteobacteria|c__Deltaproteobacteria|o__Desulfovibrionales|f__Desulfovibrionaceae|g__Bilophila|s__Bilophila_wadsworthia
Anaerobutyricum_soehngenii	Anaerobutyricum	Lachnospiraceae	Eubacteriales	Clostridia	Firmicutes	Bacteria	k__Bacteria|p__Firmicutes|c__Clostridia|o__Eubacteriales|f__Lachnospiraceae|g__Anaerobutyricum|s__Anaerobutyricum_soehngenii
GGB9619_SGB15066	GGB9619	Oscillospiraceae	Eubacteriales	Clostridia	Firmicutes	Bacteria	k__Bacteria|p__Firmicutes|c__Clostridia|o__Eubacteriales|f__Oscillospiraceae|g__GGB9619|s__GGB9619_SGB15066
GGB4768_SGB6601	GGB4768	FGB1798	OFGB1798	CFGB1798	Firmicutes	Bacteria	k__Bacteria|p__Firmicutes|c__CFGB1798|o__OFGB1798|f__FGB1798|g__GGB4768|s__GGB4768_SGB6601
Blautia_massiliensis	Blautia	Lachnospiraceae	Eubacteriales	Clostridia	Firmicutes	Bacteria	k__Bacteria|p__Firmicutes|c__Clostridia|o__Eubacteriales|f__Lachnospiraceae|g__Blautia|s__Blautia_massiliensis
GGB9708_SGB15234	GGB9708	Oscillospiraceae	Eubacteriales	Clostridia	Firmicutes	Bacteria	k__Bacteria|p__Firmicutes|c__Clostridia|o__Eubacteriales|f__Oscillospiraceae|g__GGB9708|s__GGB9708_SGB15234
Clostridia_bacterium	Clostridia_unclassified	Clostridia_unclassified	Clostridia_unclassified	Clostridia	Firmicutes	Bacteria	k__Bacteria|p__Firmicutes|c__Clostridia|o__Clostridia_unclassified|f__Clostridia_unclassified|g__Clostridia_unclassified|s__Clostridia_bacterium
GGB9713_SGB15249	GGB9713	Oscillospiraceae	Eubacteriales	Clostridia	Firmicutes	Bacteria	k__Bacteria|p__Firmicutes|c__Clostridia|o__Eubacteriales|f__Oscillospiraceae|g__GGB9713|s__GGB9713_SGB15249
GGB9581_SGB14999	GGB9581	Clostridia_unclassified	Clostridia_unclassified	Clostridia	Firmicutes	Bacteria	k__Bacteria|p__Firmicutes|c__Clostridia|o__Clostridia_unclassified|f__Clostridia_unclassified|g__GGB9581|s__GGB9581_SGB14999
Klebsiella_michiganensis	Klebsiella	Enterobacteriaceae	Enterobacterales	Gammaproteobacteria	Proteobacteria	Bacteria	k__Bacteria|p__Proteobacteria|c__Gammaproteobacteria|o__Enterobacterales|f__Enterobacteriaceae|g__Klebsiella|s__Klebsiella_michiganensis
Anaerosacchariphilus_sp_NSJ_68	Anaerosacchariphilus	Lachnospiraceae	Eubacteriales	Clostridia	Firmicutes	Bacteria	k__Bacteria|p__Firmicutes|c__Clostridia|o__Eubacteriales|f__Lachnospiraceae|g__Anaerosacchariphilus|s__Anaerosacchariphilus_sp_NSJ_68
GGB9559_SGB14969	GGB9559	FGB3048	OFGB3048	CFGB3048	Firmicutes	Bacteria	k__Bacteria|p__Firmicutes|c__CFGB3048|o__OFGB3048|f__FGB3048|g__GGB9559|s__GGB9559_SGB14969
Streptococcus_salivarius	Streptococcus	Streptococcaceae	Lactobacillales	Bacilli	Firmicutes	Bacteria	k__Bacteria|p__Firmicutes|c__Bacilli|o__Lactobacillales|f__Streptococcaceae|g__Streptococcus|s__Streptococcus_salivarius
Bifidobacterium_longum	Bifidobacterium	Bifidobacteriaceae	Bifidobacteriales	Actinomycetia	Actinobacteria	Bacteria	k__Bacteria|p__Actinobacteria|c__Actinomycetia|o__Bifidobacteriales|f__Bifidobacteriaceae|g__Bifidobacterium|s__Bifidobacterium_longum
GGB9715_SGB15260	GGB9715	Oscillospiraceae	Eubacteriales	Clostridia	Firmicutes	Bacteria	k__Bacteria|p__Firmicutes|c__Clostridia|o__Eubacteriales|f__Oscillospiraceae|g__GGB9715|s__GGB9715_SGB15260
GGB47687_SGB2286	GGB47687	FGB1670	OFGB1670	CFGB1670	Bacteroidetes	Bacteria	k__Bacteria|p__Bacteroidetes|c__CFGB1670|o__OFGB1670|f__FGB1670|g__GGB47687|s__GGB47687_SGB2286
GGB3109_SGB4121	GGB3109	FGB1292	OFGB1292	CFGB1292	Firmicutes	Bacteria	k__Bacteria|p__Firmicutes|c__CFGB1292|o__OFGB1292|f__FGB1292|g__GGB3109|s__GGB3109_SGB4121
Lachnospiraceae_bacterium	Lachnospiraceae_unclassified	Lachnospiraceae	Eubacteriales	Clostridia	Firmicutes	Bacteria	k__Bacteria|p__Firmicutes|c__Clostridia|o__Eubacteriales|f__Lachnospiraceae|g__Lachnospiraceae_unclassified|s__Lachnospiraceae_bacterium
Turicibacter_sanguinis	Turicibacter	Turicibacteraceae	Erysipelotrichales	Erysipelotrichia	Firmicutes	Bacteria	k__Bacteria|p__Firmicutes|c__Erysipelotrichia|o__Erysipelotrichales|f__Turicibacteraceae|g__Turicibacter|s__Turicibacter_sanguinis
Anaerobutyricum_hallii	Anaerobutyricum	Lachnospiraceae	Eubacteriales	Clostridia	Firmicutes	Bacteria	k__Bacteria|p__Firmicutes|c__Clostridia|o__Eubacteriales|f__Lachnospiraceae|g__Anaerobutyricum|s__Anaerobutyricum_hallii
GGB9620_SGB15068	GGB9620	Oscillospiraceae	Eubacteriales	Clostridia	Firmicutes	Bacteria	k__Bacteria|p__Firmicutes|c__Clostridia|o__Eubacteriales|f__Oscillospiraceae|g__GGB9620|s__GGB9620_SGB15068
GGB3570_SGB4777	GGB3570	FGB3529	OFGB3529	CFGB3529	Firmicutes	Bacteria	k__Bacteria|p__Firmicutes|c__CFGB3529|o__OFGB3529|f__FGB3529|g__GGB3570|s__GGB3570_SGB4777
GGB9758_SGB15368	GGB9758	FGB38642	OFGB38642	CFGB38642	Firmicutes	Bacteria	k__Bacteria|p__Firmicutes|c__CFGB38642|o__OFGB38642|f__FGB38642|g__GGB9758|s__GGB9758_SGB15368
GGB9699_SGB15216	GGB9699	Oscillospiraceae	Eubacteriales	Clostridia	Firmicutes	Bacteria	k__Bacteria|p__Firmicutes|c__Clostridia|o__Eubacteriales|f__Oscillospiraceae|g__GGB9699|s__GGB9699_SGB15216
GGB3496_SGB4671	GGB3496	Lachnospiraceae	Eubacteriales	Clostridia	Firmicutes	Bacteria	k__Bacteria|p__Firmicutes|c__Clostridia|o__Eubacteriales|f__Lachnospiraceae|g__GGB3496|s__GGB3496_SGB4671
GGB9707_SGB15229	GGB9707	Oscillospiraceae	Eubacteriales	Clostridia	Firmicutes	Bacteria	k__Bacteria|p__Firmicutes|c__Clostridia|o__Eubacteriales|f__Oscillospiraceae|g__GGB9707|s__GGB9707_SGB15229
Adlercreutzia_equolifaciens	Adlercreutzia	Eggerthellaceae	Eggerthellales	Coriobacteriia	Actinobacteria	Bacteria	k__Bacteria|p__Actinobacteria|c__Coriobacteriia|o__Eggerthellales|f__Eggerthellaceae|g__Adlercreutzia|s__Adlercreutzia_equolifaciens
Streptococcus_parasanguinis	Streptococcus	Streptococcaceae	Lactobacillales	Bacilli	Firmicutes	Bacteria	k__Bacteria|p__Firmicutes|c__Bacilli|o__Lactobacillales|f__Streptococcaceae|g__Streptococcus|s__Streptococcus_parasanguinis
Mediterraneibacter_butyricigenes	Mediterraneibacter	Lachnospiraceae	Eubacteriales	Clostridia	Firmicutes	Bacteria	k__Bacteria|p__Firmicutes|c__Clostridia|o__Eubacteriales|f__Lachnospiraceae|g__Mediterraneibacter|s__Mediterraneibacter_butyricigenes
Pseudoflavonifractor_capillosus	Pseudoflavonifractor	Oscillospiraceae	Eubacteriales	Clostridia	Firmicutes	Bacteria	k__Bacteria|p__Firmicutes|c__Clostridia|o__Eubacteriales|f__Oscillospiraceae|g__Pseudoflavonifractor|s__Pseudoflavonifractor_capillosus
GGB9760_SGB15374	GGB9760	Eubacteriales_unclassified	Eubacteriales	Clostridia	Firmicutes	Bacteria	k__Bacteria|p__Firmicutes|c__Clostridia|o__Eubacteriales|f__Eubacteriales_unclassified|g__GGB9760|s__GGB9760_SGB15374
Enterobacter_asburiae	Enterobacter	Enterobacteriaceae	Enterobacterales	Gammaproteobacteria	Proteobacteria	Bacteria	k__Bacteria|p__Proteobacteria|c__Gammaproteobacteria|o__Enterobacterales|f__Enterobacteriaceae|g__Enterobacter|s__Enterobacter_asburiae
Neobittarella_massiliensis	Neobittarella	Oscillospiraceae	Eubacteriales	Clostridia	Firmicutes	Bacteria	k__Bacteria|p__Firmicutes|c__Clostridia|o__Eubacteriales|f__Oscillospiraceae|g__Neobittarella|s__Neobittarella_massiliensis
Waltera_intestinalis	Waltera	Lachnospiraceae	Eubacteriales	Clostridia	Firmicutes	Bacteria	k__Bacteria|p__Firmicutes|c__Clostridia|o__Eubacteriales|f__Lachnospiraceae|g__Waltera|s__Waltera_intestinalis
Faecalibacterium_SGB15315	Faecalibacterium	Oscillospiraceae	Eubacteriales	Clostridia	Firmicutes	Bacteria	k__Bacteria|p__Firmicutes|c__Clostridia|o__Eubacteriales|f__Oscillospiraceae|g__Faecalibacterium|s__Faecalibacterium_SGB15315
GGB3175_SGB4191	GGB3175	FGB1325	OFGB1325	CFGB1325	Firmicutes	Bacteria	k__Bacteria|p__Firmicutes|c__CFGB1325|o__OFGB1325|f__FGB1325|g__GGB3175|s__GGB3175_SGB4191
Lactobacillus_delbrueckii	Lactobacillus	Lactobacillaceae	Lactobacillales	Bacilli	Firmicutes	Bacteria	k__Bacteria|p__Firmicutes|c__Bacilli|o__Lactobacillales|f__Lactobacillaceae|g__Lactobacillus|s__Lactobacillus_delbrueckii
Paraprevotella_clara	Paraprevotella	Prevotellaceae	Bacteroidales	Bacteroidia	Bacteroidetes	Bacteria	k__Bacteria|p__Bacteroidetes|c__Bacteroidia|o__Bacteroidales|f__Prevotellaceae|g__Paraprevotella|s__Paraprevotella_clara
GGB36599_SGB9269	GGB36599	FGB2397	OFGB2397	CFGB2397	Proteobacteria	Bacteria	k__Bacteria|p__Proteobacteria|c__CFGB2397|o__OFGB2397|f__FGB2397|g__GGB36599|s__GGB36599_SGB9269
Dysosmobacter_sp_NSJ_60	Dysosmobacter	Oscillospiraceae	Eubacteriales	Clostridia	Firmicutes	Bacteria	k__Bacteria|p__Firmicutes|c__Clostridia|o__Eubacteriales|f__Oscillospiraceae|g__Dysosmobacter|s__Dysosmobacter_sp_NSJ_60
Clostridium_sp_AM33_3	Clostridium	Clostridiaceae	Eubacteriales	Clostridia	Firmicutes	Bacteria	k__Bacteria|p__Firmicutes|c__Clostridia|o__Eubacteriales|f__Clostridiaceae|g__Clostridium|s__Clostridium_sp_AM33_3
GGB3819_SGB5184	GGB3819	Clostridia_unclassified	Clostridia_unclassified	Clostridia	Firmicutes	Bacteria	k__Bacteria|p__Firmicutes|c__Clostridia|o__Clostridia_unclassified|f__Clostridia_unclassified|g__GGB3819|s__GGB3819_SGB5184
GGB33586_SGB53517	GGB33586	Clostridia_unclassified	Clostridia_unclassified	Clostridia	Firmicutes	Bacteria	k__Bacteria|p__Firmicutes|c__Clostridia|o__Clostridia_unclassified|f__Clostridia_unclassified|g__GGB33586|s__GGB33586_SGB53517
Anaerotruncus_colihominis	Anaerotruncus	Oscillospiraceae	Eubacteriales	Clostridia	Firmicutes	Bacteria	k__Bacteria|p__Firmicutes|c__Clostridia|o__Eubacteriales|f__Oscillospiraceae|g__Anaerotruncus|s__Anaerotruncus_colihominis
Enterocloster_clostridioformis	Enterocloster	Lachnospiraceae	Eubacteriales	Clostridia	Firmicutes	Bacteria	k__Bacteria|p__Firmicutes|c__Clostridia|o__Eubacteriales|f__Lachnospiraceae|g__Enterocloster|s__Enterocloster_clostridioformis
Emergencia_timonensis	Emergencia	Eubacteriales_Family_XIII_Incertae_Sedis	Eubacteriales	Clostridia	Firmicutes	Bacteria	k__Bacteria|p__Firmicutes|c__Clostridia|o__Eubacteriales|f__Eubacteriales_Family_XIII_Incertae_Sedis|g__Emergencia|s__Emergencia_timonensis
GGB9719_SGB15272	GGB9719	Oscillospiraceae	Eubacteriales	Clostridia	Firmicutes	Bacteria	k__Bacteria|p__Firmicutes|c__Clostridia|o__Eubacteriales|f__Oscillospiraceae|g__GGB9719|s__GGB9719_SGB15272
Phocea_massiliensis	Phocea	Oscillospiraceae	Eubacteriales	Clostridia	Firmicutes	Bacteria	k__Bacteria|p__Firmicutes|c__Clostridia|o__Eubacteriales|f__Oscillospiraceae|g__Phocea|s__Phocea_massiliensis
Oscillospiraceae_unclassified_SGB4196	Oscillospiraceae_unclassified	Oscillospiraceae	Eubacteriales	Clostridia	Firmicutes	Bacteria	k__Bacteria|p__Firmicutes|c__Clostridia|o__Eubacteriales|f__Oscillospiraceae|g__Oscillospiraceae_unclassified|s__Oscillospiraceae_unclassified_SGB4196
Hydrogenoanaerobacterium_SGB53821	Hydrogenoanaerobacterium	Oscillospiraceae	Eubacteriales	Clostridia	Firmicutes	Bacteria	k__Bacteria|p__Firmicutes|c__Clostridia|o__Eubacteriales|f__Oscillospiraceae|g__Hydrogenoanaerobacterium|s__Hydrogenoanaerobacterium_SGB53821
Eubacterium_sp_AF34_35BH	Eubacterium	Eubacteriaceae	Eubacteriales	Clostridia	Firmicutes	Bacteria	k__Bacteria|p__Firmicutes|c__Clostridia|o__Eubacteriales|f__Eubacteriaceae|g__Eubacterium|s__Eubacterium_sp_AF34_35BH
Longibaculum_muris	Longibaculum	Erysipelotrichaceae	Erysipelotrichales	Erysipelotrichia	Firmicutes	Bacteria	k__Bacteria|p__Firmicutes|c__Erysipelotrichia|o__Erysipelotrichales|f__Erysipelotrichaceae|g__Longibaculum|s__Longibaculum_muris
Clostridiales_bacterium_1_7_47FAA	Eubacteriales_unclassified	Eubacteriales_unclassified	Eubacteriales	Clostridia	Firmicutes	Bacteria	k__Bacteria|p__Firmicutes|c__Clostridia|o__Eubacteriales|f__Eubacteriales_unclassified|g__Eubacteriales_unclassified|s__Clostridiales_bacterium_1_7_47FAA
GGB9641_SGB15117	GGB9641	Oscillospiraceae	Eubacteriales	Clostridia	Firmicutes	Bacteria	k__Bacteria|p__Firmicutes|c__Clostridia|o__Eubacteriales|f__Oscillospiraceae|g__GGB9641|s__GGB9641_SGB15117
GGB52130_SGB14966	GGB52130	FGB3047	OFGB3047	CFGB3047	Firmicutes	Bacteria	k__Bacteria|p__Firmicutes|c__CFGB3047|o__OFGB3047|f__FGB3047|g__GGB52130|s__GGB52130_SGB14966
GGB1266_SGB1699	GGB1266	FGB4405	OFGB4405	CFGB4405	Bacteroidetes	Bacteria	k__Bacteria|p__Bacteroidetes|c__CFGB4405|o__OFGB4405|f__FGB4405|g__GGB1266|s__GGB1266_SGB1699
Prevotella_disiens	Prevotella	Prevotellaceae	Bacteroidales	Bacteroidia	Bacteroidetes	Bacteria	k__Bacteria|p__Bacteroidetes|c__Bacteroidia|o__Bacteroidales|f__Prevotellaceae|g__Prevotella|s__Prevotella_disiens
GGB9474_SGB14868	GGB9474	Clostridia_unclassified	Clostridia_unclassified	Clostridia	Firmicutes	Bacteria	k__Bacteria|p__Firmicutes|c__Clostridia|o__Clostridia_unclassified|f__Clostridia_unclassified|g__GGB9474|s__GGB9474_SGB14868
Coprococcus_eutactus	Coprococcus	Lachnospiraceae	Eubacteriales	Clostridia	Firmicutes	Bacteria	k__Bacteria|p__Firmicutes|c__Clostridia|o__Eubacteriales|f__Lachnospiraceae|g__Coprococcus|s__Coprococcus_eutactus
Mediterraneibacter_glycyrrhizinilyticus	Mediterraneibacter	Lachnospiraceae	Eubacteriales	Clostridia	Firmicutes	Bacteria	k__Bacteria|p__Firmicutes|c__Clostridia|o__Eubacteriales|f__Lachnospiraceae|g__Mediterraneibacter|s__Mediterraneibacter_glycyrrhizinilyticus
GGB6601_SGB9333	GGB6601	FGB2403	OFGB2403	CFGB2403	Proteobacteria	Bacteria	k__Bacteria|p__Proteobacteria|c__CFGB2403|o__OFGB2403|f__FGB2403|g__GGB6601|s__GGB6601_SGB9333
GGB51510_SGB71883	GGB51510	FGB74494	OFGB74494	CFGB74494	Firmicutes	Bacteria	k__Bacteria|p__Firmicutes|c__CFGB74494|o__OFGB74494|f__FGB74494|g__GGB51510|s__GGB51510_SGB71883
Faecalimonas_umbilicata	Faecalimonas	Lachnospiraceae	Eubacteriales	Clostridia	Firmicutes	Bacteria	k__Bacteria|p__Firmicutes|c__Clostridia|o__Eubacteriales|f__Lachnospiraceae|g__Faecalimonas|s__Faecalimonas_umbilicata
Prevotella_bivia	Prevotella	Prevotellaceae	Bacteroidales	Bacteroidia	Bacteroidetes	Bacteria	k__Bacteria|p__Bacteroidetes|c__Bacteroidia|o__Bacteroidales|f__Prevotellaceae|g__Prevotella|s__Prevotella_bivia
Ruminococcus_bovis	Ruminococcus	Oscillospiraceae	Eubacteriales	Clostridia	Firmicutes	Bacteria	k__Bacteria|p__Firmicutes|c__Clostridia|o__Eubacteriales|f__Oscillospiraceae|g__Ruminococcus|s__Ruminococcus_bovis
Eubacterium_ramulus	Eubacterium	Eubacteriaceae	Eubacteriales	Clostridia	Firmicutes	Bacteria	k__Bacteria|p__Firmicutes|c__Clostridia|o__Eubacteriales|f__Eubacteriaceae|g__Eubacterium|s__Eubacterium_ramulus
GGB9453_SGB14844	GGB9453	Oscillospiraceae	Eubacteriales	Clostridia	Firmicutes	Bacteria	k__Bacteria|p__Firmicutes|c__Clostridia|o__Eubacteriales|f__Oscillospiraceae|g__GGB9453|s__GGB9453_SGB14844
Bifidobacterium_bifidum	Bifidobacterium	Bifidobacteriaceae	Bifidobacteriales	Actinomycetia	Actinobacteria	Bacteria	k__Bacteria|p__Actinobacteria|c__Actinomycetia|o__Bifidobacteriales|f__Bifidobacteriaceae|g__Bifidobacterium|s__Bifidobacterium_bifidum
GGB9491_SGB14888	GGB9491	FGB9491	OFGB9491	CFGB9491	Firmicutes	Bacteria	k__Bacteria|p__Firmicutes|c__CFGB9491|o__OFGB9491|f__FGB9491|g__GGB9491|s__GGB9491_SGB14888
Prevotella_oris	Prevotella	Prevotellaceae	Bacteroidales	Bacteroidia	Bacteroidetes	Bacteria	k__Bacteria|p__Bacteroidetes|c__Bacteroidia|o__Bacteroidales|f__Prevotellaceae|g__Prevotella|s__Prevotella_oris
Fusobacterium_nucleatum	Fusobacterium	Fusobacteriaceae	Fusobacteriales	Fusobacteriia	Fusobacteria	Bacteria	k__Bacteria|p__Fusobacteria|c__Fusobacteriia|o__Fusobacteriales|f__Fusobacteriaceae|g__Fusobacterium|s__Fusobacterium_nucleatum
GGB3678_SGB4991	GGB3678	Lachnospiraceae	Eubacteriales	Clostridia	Firmicutes	Bacteria	k__Bacteria|p__Firmicutes|c__Clostridia|o__Eubacteriales|f__Lachnospiraceae|g__GGB3678|s__GGB3678_SGB4991
Blautia_caecimuris	Blautia	Lachnospiraceae	Eubacteriales	Clostridia	Firmicutes	Bacteria	k__Bacteria|p__Firmicutes|c__Clostridia|o__Eubacteriales|f__Lachnospiraceae|g__Blautia|s__Blautia_caecimuris
GGB3446_SGB4597	GGB3446	Lachnospiraceae	Eubacteriales	Clostridia	Firmicutes	Bacteria	k__Bacteria|p__Firmicutes|c__Clostridia|o__Eubacteriales|f__Lachnospiraceae|g__GGB3446|s__GGB3446_SGB4597
Drancourtella_sp_An57	Drancourtella	Oscillospiraceae	Eubacteriales	Clostridia	Firmicutes	Bacteria	k__Bacteria|p__Firmicutes|c__Clostridia|o__Eubacteriales|f__Oscillospiraceae|g__Drancourtella|s__Drancourtella_sp_An57
Lancefieldella_rimae	Lancefieldella	Atopobiaceae	Coriobacteriales	Coriobacteriia	Actinobacteria	Bacteria	k__Bacteria|p__Actinobacteria|c__Coriobacteriia|o__Coriobacteriales|f__Atopobiaceae|g__Lancefieldella|s__Lancefieldella_rimae
Tyzzerella_SGB4587	Tyzzerella	Lachnospiraceae	Eubacteriales	Clostridia	Firmicutes	Bacteria	k__Bacteria|p__Firmicutes|c__Clostridia|o__Eubacteriales|f__Lachnospiraceae|g__Tyzzerella|s__Tyzzerella_SGB4587
Eggerthella_lenta	Eggerthella	Eggerthellaceae	Eggerthellales	Coriobacteriia	Actinobacteria	Bacteria	k__Bacteria|p__Actinobacteria|c__Coriobacteriia|o__Eggerthellales|f__Eggerthellaceae|g__Eggerthella|s__Eggerthella_lenta
Eubacteriaceae_bacterium_CHKCI004	Eubacteriaceae_unclassified	Eubacteriaceae	Eubacteriales	Clostridia	Firmicutes	Bacteria	k__Bacteria|p__Firmicutes|c__Clostridia|o__Eubacteriales|f__Eubacteriaceae|g__Eubacteriaceae_unclassified|s__Eubacteriaceae_bacterium_CHKCI004
Clostridium_sp_chh4_2	Clostridium	Clostridiaceae	Eubacteriales	Clostridia	Firmicutes	Bacteria	k__Bacteria|p__Firmicutes|c__Clostridia|o__Eubacteriales|f__Clostridiaceae|g__Clostridium|s__Clostridium_sp_chh4_2
Eisenbergiella_tayi	Eisenbergiella	Lachnospiraceae	Eubacteriales	Clostridia	Firmicutes	Bacteria	k__Bacteria|p__Firmicutes|c__Clostridia|o__Eubacteriales|f__Lachnospiraceae|g__Eisenbergiella|s__Eisenbergiella_tayi
Massilimicrobiota_timonensis	Massilimicrobiota	Erysipelotrichaceae	Erysipelotrichales	Erysipelotrichia	Firmicutes	Bacteria	k__Bacteria|p__Firmicutes|c__Erysipelotrichia|o__Erysipelotrichales|f__Erysipelotrichaceae|g__Massilimicrobiota|s__Massilimicrobiota_timonensis
Veillonella_rogosae	Veillonella	Veillonellaceae	Veillonellales	Negativicutes	Firmicutes	Bacteria	k__Bacteria|p__Firmicutes|c__Negativicutes|o__Veillonellales|f__Veillonellaceae|g__Veillonella|s__Veillonella_rogosae
Lachnospiraceae_bacterium_NSJ_12	Lachnospiraceae_unclassified	Lachnospiraceae	Eubacteriales	Clostridia	Firmicutes	Bacteria	k__Bacteria|p__Firmicutes|c__Clostridia|o__Eubacteriales|f__Lachnospiraceae|g__Lachnospiraceae_unclassified|s__Lachnospiraceae_bacterium_NSJ_12
Lachnoclostridium_phocaeense	Lachnoclostridium	Lachnospiraceae	Eubacteriales	Clostridia	Firmicutes	Bacteria	k__Bacteria|p__Firmicutes|c__Clostridia|o__Eubacteriales|f__Lachnospiraceae|g__Lachnoclostridium|s__Lachnoclostridium_phocaeense
Coprobacillus_SGB6753	Coprobacillus	Coprobacillaceae	Erysipelotrichales	Erysipelotrichia	Firmicutes	Bacteria	k__Bacteria|p__Firmicutes|c__Erysipelotrichia|o__Erysipelotrichales|f__Coprobacillaceae|g__Coprobacillus|s__Coprobacillus_SGB6753
Merdimonas_faecis	Merdimonas	Lachnospiraceae	Eubacteriales	Clostridia	Firmicutes	Bacteria	k__Bacteria|p__Firmicutes|c__Clostridia|o__Eubacteriales|f__Lachnospiraceae|g__Merdimonas|s__Merdimonas_faecis
GGB28640_SGB4673	GGB28640	Lachnospiraceae	Eubacteriales	Clostridia	Firmicutes	Bacteria	k__Bacteria|p__Firmicutes|c__Clostridia|o__Eubacteriales|f__Lachnospiraceae|g__GGB28640|s__GGB28640_SGB4673
GGB9523_SGB14922	GGB9523	FGB74461	OFGB74461	CFGB74461	Firmicutes	Bacteria	k__Bacteria|p__Firmicutes|c__CFGB74461|o__OFGB74461|f__FGB74461|g__GGB9523|s__GGB9523_SGB14922
Colibacter_massiliensis	Colibacter	Veillonellaceae	Veillonellales	Negativicutes	Firmicutes	Bacteria	k__Bacteria|p__Firmicutes|c__Negativicutes|o__Veillonellales|f__Veillonellaceae|g__Colibacter|s__Colibacter_massiliensis
Solobacterium_moorei	Solobacterium	Erysipelotrichaceae	Erysipelotrichales	Erysipelotrichia	Firmicutes	Bacteria	k__Bacteria|p__Firmicutes|c__Erysipelotrichia|o__Erysipelotrichales|f__Erysipelotrichaceae|g__Solobacterium|s__Solobacterium_moorei
GGB3510_SGB4687	GGB3510	FGB9781	OFGB9781	CFGB9781	Firmicutes	Bacteria	k__Bacteria|p__Firmicutes|c__CFGB9781|o__OFGB9781|f__FGB9781|g__GGB3510|s__GGB3510_SGB4687
Massilicoli_timonensis	Massilicoli	Erysipelotrichaceae	Erysipelotrichales	Erysipelotrichia	Firmicutes	Bacteria	k__Bacteria|p__Firmicutes|c__Erysipelotrichia|o__Erysipelotrichales|f__Erysipelotrichaceae|g__Massilicoli|s__Massilicoli_timonensis
Streptococcus_mitis	Streptococcus	Streptococcaceae	Lactobacillales	Bacilli	Firmicutes	Bacteria	k__Bacteria|p__Firmicutes|c__Bacilli|o__Lactobacillales|f__Streptococcaceae|g__Streptococcus|s__Streptococcus_mitis
Dielma_fastidiosa	Dielma	Erysipelotrichaceae	Erysipelotrichales	Erysipelotrichia	Firmicutes	Bacteria	k__Bacteria|p__Firmicutes|c__Erysipelotrichia|o__Erysipelotrichales|f__Erysipelotrichaceae|g__Dielma|s__Dielma_fastidiosa
Holdemania_massiliensis	Holdemania	Erysipelotrichaceae	Erysipelotrichales	Erysipelotrichia	Firmicutes	Bacteria	k__Bacteria|p__Firmicutes|c__Erysipelotrichia|o__Erysipelotrichales|f__Erysipelotrichaceae|g__Holdemania|s__Holdemania_massiliensis
Anaerofustis_stercorihominis	Anaerofustis	Eubacteriaceae	Eubacteriales	Clostridia	Firmicutes	Bacteria	k__Bacteria|p__Firmicutes|c__Clostridia|o__Eubacteriales|f__Eubacteriaceae|g__Anaerofustis|s__Anaerofustis_stercorihominis
GGB3534_SGB4722	GGB3534	Lachnospiraceae	Eubacteriales	Clostridia	Firmicutes	Bacteria	k__Bacteria|p__Firmicutes|c__Clostridia|o__Eubacteriales|f__Lachnospiraceae|g__GGB3534|s__GGB3534_SGB4722
Prevotella_bergensis	Prevotella	Prevotellaceae	Bacteroidales	Bacteroidia	Bacteroidetes	Bacteria	k__Bacteria|p__Bacteroidetes|c__Bacteroidia|o__Bacteroidales|f__Prevotellaceae|g__Prevotella|s__Prevotella_bergensis
Alloprevotella_SGB77721	Alloprevotella	Prevotellaceae	Bacteroidales	Bacteroidia	Bacteroidetes	Bacteria	k__Bacteria|p__Bacteroidetes|c__Bacteroidia|o__Bacteroidales|f__Prevotellaceae|g__Alloprevotella|s__Alloprevotella_SGB77721
Citrobacter_sp_RHBSTW_00671	Citrobacter	Enterobacteriaceae	Enterobacterales	Gammaproteobacteria	Proteobacteria	Bacteria	k__Bacteria|p__Proteobacteria|c__Gammaproteobacteria|o__Enterobacterales|f__Enterobacteriaceae|g__Citrobacter|s__Citrobacter_sp_RHBSTW_00671
Clostridium_sp_1001271st1_H5	Clostridium	Clostridiaceae	Eubacteriales	Clostridia	Firmicutes	Bacteria	k__Bacteria|p__Firmicutes|c__Clostridia|o__Eubacteriales|f__Clostridiaceae|g__Clostridium|s__Clostridium_sp_1001271st1_H5
Escherichia_marmotae	Escherichia	Enterobacteriaceae	Enterobacterales	Gammaproteobacteria	Proteobacteria	Bacteria	k__Bacteria|p__Proteobacteria|c__Gammaproteobacteria|o__Enterobacterales|f__Enterobacteriaceae|g__Escherichia|s__Escherichia_marmotae
Peptostreptococcus_stomatis	Peptostreptococcus	Peptostreptococcaceae	Eubacteriales	Clostridia	Firmicutes	Bacteria	k__Bacteria|p__Firmicutes|c__Clostridia|o__Eubacteriales|f__Peptostreptococcaceae|g__Peptostreptococcus|s__Peptostreptococcus_stomatis
Blautia_glucerasea	Blautia	Lachnospiraceae	Eubacteriales	Clostridia	Firmicutes	Bacteria	k__Bacteria|p__Firmicutes|c__Clostridia|o__Eubacteriales|f__Lachnospiraceae|g__Blautia|s__Blautia_glucerasea
GGB4456_SGB6141	GGB4456	Peptostreptococcaceae	Eubacteriales	Clostridia	Firmicutes	Bacteria	k__Bacteria|p__Firmicutes|c__Clostridia|o__Eubacteriales|f__Peptostreptococcaceae|g__GGB4456|s__GGB4456_SGB6141
Mogibacterium_sp_BX12	Mogibacterium	Eubacteriales_Family_XIII_Incertae_Sedis	Eubacteriales	Clostridia	Firmicutes	Bacteria	k__Bacteria|p__Firmicutes|c__Clostridia|o__Eubacteriales|f__Eubacteriales_Family_XIII_Incertae_Sedis|g__Mogibacterium|s__Mogibacterium_sp_BX12
Prevotella_corporis	Prevotella	Prevotellaceae	Bacteroidales	Bacteroidia	Bacteroidetes	Bacteria	k__Bacteria|p__Bacteroidetes|c__Bacteroidia|o__Bacteroidales|f__Prevotellaceae|g__Prevotella|s__Prevotella_corporis
Klebsiella_quasivariicola	Klebsiella	Enterobacteriaceae	Enterobacterales	Gammaproteobacteria	Proteobacteria	Bacteria	k__Bacteria|p__Proteobacteria|c__Gammaproteobacteria|o__Enterobacterales|f__Enterobacteriaceae|g__Klebsiella|s__Klebsiella_quasivariicola
Longicatena_caecimuris	Longicatena	Erysipelotrichaceae	Erysipelotrichales	Erysipelotrichia	Firmicutes	Bacteria	k__Bacteria|p__Firmicutes|c__Erysipelotrichia|o__Erysipelotrichales|f__Erysipelotrichaceae|g__Longicatena|s__Longicatena_caecimuris
Porphyromonas_uenonis	Porphyromonas	Porphyromonadaceae	Bacteroidales	Bacteroidia	Bacteroidetes	Bacteria	k__Bacteria|p__Bacteroidetes|c__Bacteroidia|o__Bacteroidales|f__Porphyromonadaceae|g__Porphyromonas|s__Porphyromonas_uenonis
Turicibacter_bilis	Turicibacter	Turicibacteraceae	Erysipelotrichales	Erysipelotrichia	Firmicutes	Bacteria	k__Bacteria|p__Firmicutes|c__Erysipelotrichia|o__Erysipelotrichales|f__Turicibacteraceae|g__Turicibacter|s__Turicibacter_bilis
Blautia_SGB47659	Blautia	Lachnospiraceae	Eubacteriales	Clostridia	Firmicutes	Bacteria	k__Bacteria|p__Firmicutes|c__Clostridia|o__Eubacteriales|f__Lachnospiraceae|g__Blautia|s__Blautia_SGB47659
Clostridium_scindens	Lachnoclostridium	Lachnospiraceae	Eubacteriales	Clostridia	Firmicutes	Bacteria	k__Bacteria|p__Firmicutes|c__Clostridia|o__Eubacteriales|f__Lachnospiraceae|g__Lachnoclostridium|s__Clostridium_scindens
Evtepia_gabavorous	Evtepia	Eubacteriales_unclassified	Eubacteriales	Clostridia	Firmicutes	Bacteria	k__Bacteria|p__Firmicutes|c__Clostridia|o__Eubacteriales|f__Eubacteriales_unclassified|g__Evtepia|s__Evtepia_gabavorous
GGB4593_SGB6353	GGB4593	FGB1765	OFGB1765	CFGB1765	Firmicutes	Bacteria	k__Bacteria|p__Firmicutes|c__CFGB1765|o__OFGB1765|f__FGB1765|g__GGB4593|s__GGB4593_SGB6353
Dorea_sp_AF24_7LB	Dorea	Lachnospiraceae	Eubacteriales	Clostridia	Firmicutes	Bacteria	k__Bacteria|p__Firmicutes|c__Clostridia|o__Eubacteriales|f__Lachnospiraceae|g__Dorea|s__Dorea_sp_AF24_7LB
Hydrogeniiclostidium_mannosilyticum	Hydrogeniiclostidium	Oscillospiraceae	Eubacteriales	Clostridia	Firmicutes	Bacteria	k__Bacteria|p__Firmicutes|c__Clostridia|o__Eubacteriales|f__Oscillospiraceae|g__Hydrogeniiclostidium|s__Hydrogeniiclostidium_mannosilyticum
GGB45656_SGB63370	GGB45656	Christensenellaceae	Eubacteriales	Clostridia	Firmicutes	Bacteria	k__Bacteria|p__Firmicutes|c__Clostridia|o__Eubacteriales|f__Christensenellaceae|g__GGB45656|s__GGB45656_SGB63370
Neglectibacter_timonensis	Neglectibacter	Oscillospiraceae	Eubacteriales	Clostridia	Firmicutes	Bacteria	k__Bacteria|p__Firmicutes|c__Clostridia|o__Eubacteriales|f__Oscillospiraceae|g__Neglectibacter|s__Neglectibacter_timonensis
GGB2653_SGB3574	GGB2653	FGB1011	OFGB1011	CFGB1011	Firmicutes	Bacteria	k__Bacteria|p__Firmicutes|c__CFGB1011|o__OFGB1011|f__FGB1011|g__GGB2653|s__GGB2653_SGB3574
Bacteroides_finegoldii	Bacteroides	Bacteroidaceae	Bacteroidales	Bacteroidia	Bacteroidetes	Bacteria	k__Bacteria|p__Bacteroidetes|c__Bacteroidia|o__Bacteroidales|f__Bacteroidaceae|g__Bacteroides|s__Bacteroides_finegoldii
Akkermansia_muciniphila	Akkermansia	Akkermansiaceae	Verrucomicrobiales	Verrucomicrobiae	Verrucomicrobia	Bacteria	k__Bacteria|p__Verrucomicrobia|c__Verrucomicrobiae|o__Verrucomicrobiales|f__Akkermansiaceae|g__Akkermansia|s__Akkermansia_muciniphila
GGB6613_SGB9347	GGB6613	FGB2404	OFGB2404	CFGB2404	Proteobacteria	Bacteria	k__Bacteria|p__Proteobacteria|c__CFGB2404|o__OFGB2404|f__FGB2404|g__GGB6613|s__GGB6613_SGB9347
Bacteroides_faecis	Bacteroides	Bacteroidaceae	Bacteroidales	Bacteroidia	Bacteroidetes	Bacteria	k__Bacteria|p__Bacteroidetes|c__Bacteroidia|o__Bacteroidales|f__Bacteroidaceae|g__Bacteroides|s__Bacteroides_faecis
GGB3550_SGB4746	GGB3550	Clostridiaceae	Eubacteriales	Clostridia	Firmicutes	Bacteria	k__Bacteria|p__Firmicutes|c__Clostridia|o__Eubacteriales|f__Clostridiaceae|g__GGB3550|s__GGB3550_SGB4746
Lacrimispora_celerecrescens	Lacrimispora	Lachnospiraceae	Eubacteriales	Clostridia	Firmicutes	Bacteria	k__Bacteria|p__Firmicutes|c__Clostridia|o__Eubacteriales|f__Lachnospiraceae|g__Lacrimispora|s__Lacrimispora_celerecrescens
Lachnoclostridium_edouardi	Lachnoclostridium	Lachnospiraceae	Eubacteriales	Clostridia	Firmicutes	Bacteria	k__Bacteria|p__Firmicutes|c__Clostridia|o__Eubacteriales|f__Lachnospiraceae|g__Lachnoclostridium|s__Lachnoclostridium_edouardi
GGB3363_SGB4447	GGB3363	Clostridia_unclassified	Clostridia_unclassified	Clostridia	Firmicutes	Bacteria	k__Bacteria|p__Firmicutes|c__Clostridia|o__Clostridia_unclassified|f__Clostridia_unclassified|g__GGB3363|s__GGB3363_SGB4447
Anaeromassilibacillus_sp_An250	Anaeromassilibacillus	Oscillospiraceae	Eubacteriales	Clostridia	Firmicutes	Bacteria	k__Bacteria|p__Firmicutes|c__Clostridia|o__Eubacteriales|f__Oscillospiraceae|g__Anaeromassilibacillus|s__Anaeromassilibacillus_sp_An250
GGB9620_SGB15070	GGB9620	Oscillospiraceae	Eubacteriales	Clostridia	Firmicutes	Bacteria	k__Bacteria|p__Firmicutes|c__Clostridia|o__Eubacteriales|f__Oscillospiraceae|g__GGB9620|s__GGB9620_SGB15070
GGB9364_SGB14339	GGB9364	FGB12107	OFGB12107	CFGB12107	Actinobacteria	Bacteria	k__Bacteria|p__Actinobacteria|c__CFGB12107|o__OFGB12107|f__FGB12107|g__GGB9364|s__GGB9364_SGB14339
Prevotella_copri_clade_A	Prevotella	Prevotellaceae	Bacteroidales	Bacteroidia	Bacteroidetes	Bacteria	k__Bacteria|p__Bacteroidetes|c__Bacteroidia|o__Bacteroidales|f__Prevotellaceae|g__Prevotella|s__Prevotella_copri_clade_A
GGB4237_SGB5728	GGB4237	Acidaminococcaceae	Acidaminococcales	Negativicutes	Firmicutes	Bacteria	k__Bacteria|p__Firmicutes|c__Negativicutes|o__Acidaminococcales|f__Acidaminococcaceae|g__GGB4237|s__GGB4237_SGB5728
Butyrivibrio_crossotus	Butyrivibrio	Lachnospiraceae	Eubacteriales	Clostridia	Firmicutes	Bacteria	k__Bacteria|p__Firmicutes|c__Clostridia|o__Eubacteriales|f__Lachnospiraceae|g__Butyrivibrio|s__Butyrivibrio_crossotus
GGB41473_SGB58537	GGB41473	Lachnospiraceae	Eubacteriales	Clostridia	Firmicutes	Bacteria	k__Bacteria|p__Firmicutes|c__Clostridia|o__Eubacteriales|f__Lachnospiraceae|g__GGB41473|s__GGB41473_SGB58537
GGB9480_SGB14874	GGB9480	FGB3012	OFGB3012	CFGB3012	Firmicutes	Bacteria	k__Bacteria|p__Firmicutes|c__CFGB3012|o__OFGB3012|f__FGB3012|g__GGB9480|s__GGB9480_SGB14874
Porphyromonas_sp_HMSC065F10	Porphyromonas	Porphyromonadaceae	Bacteroidales	Bacteroidia	Bacteroidetes	Bacteria	k__Bacteria|p__Bacteroidetes|c__Bacteroidia|o__Bacteroidales|f__Porphyromonadaceae|g__Porphyromonas|s__Porphyromonas_sp_HMSC065F10
GGB781_SGB1024	GGB781	FGB343	OFGB343	CFGB343	Bacteroidetes	Bacteria	k__Bacteria|p__Bacteroidetes|c__CFGB343|o__OFGB343|f__FGB343|g__GGB781|s__GGB781_SGB1024
GGB3304_SGB4367	GGB3304	FGB1354	OFGB1354	CFGB1354	Firmicutes	Bacteria	k__Bacteria|p__Firmicutes|c__CFGB1354|o__OFGB1354|f__FGB1354|g__GGB3304|s__GGB3304_SGB4367
Clostridia_bacterium_UC5_1_1D1	Clostridia_unclassified	Clostridia_unclassified	Clostridia_unclassified	Clostridia	Firmicutes	Bacteria	k__Bacteria|p__Firmicutes|c__Clostridia|o__Clostridia_unclassified|f__Clostridia_unclassified|g__Clostridia_unclassified|s__Clostridia_bacterium_UC5_1_1D1
Pseudoruminococcus_massiliensis	Pseudoruminococcus	Oscillospiraceae	Eubacteriales	Clostridia	Firmicutes	Bacteria	k__Bacteria|p__Firmicutes|c__Clostridia|o__Eubacteriales|f__Oscillospiraceae|g__Pseudoruminococcus|s__Pseudoruminococcus_massiliensis
Prevotella_sp_885	Prevotella	Prevotellaceae	Bacteroidales	Bacteroidia	Bacteroidetes	Bacteria	k__Bacteria|p__Bacteroidetes|c__Bacteroidia|o__Bacteroidales|f__Prevotellaceae|g__Prevotella|s__Prevotella_sp_885
GGB9453_SGB14845	GGB9453	Oscillospiraceae	Eubacteriales	Clostridia	Firmicutes	Bacteria	k__Bacteria|p__Firmicutes|c__Clostridia|o__Eubacteriales|f__Oscillospiraceae|g__GGB9453|s__GGB9453_SGB14845
GGB2987_SGB3969	GGB2987	Eubacteriales_Family_XIII_Incertae_Sedis	Eubacteriales	Clostridia	Firmicutes	Bacteria	k__Bacteria|p__Firmicutes|c__Clostridia|o__Eubacteriales|f__Eubacteriales_Family_XIII_Incertae_Sedis|g__GGB2987|s__GGB2987_SGB3969
Candidatus_Timburyella_SGB14166	Candidatus_Timburyella	Clostridia_unclassified	Clostridia_unclassified	Clostridia	Firmicutes	Bacteria	k__Bacteria|p__Firmicutes|c__Clostridia|o__Clostridia_unclassified|f__Clostridia_unclassified|g__Candidatus_Timburyella|s__Candidatus_Timburyella_SGB14166
GGB9760_SGB15373	GGB9760	Eubacteriales_unclassified	Eubacteriales	Clostridia	Firmicutes	Bacteria	k__Bacteria|p__Firmicutes|c__Clostridia|o__Eubacteriales|f__Eubacteriales_unclassified|g__GGB9760|s__GGB9760_SGB15373
GGB3444_SGB4594	GGB3444	Lachnospiraceae	Eubacteriales	Clostridia	Firmicutes	Bacteria	k__Bacteria|p__Firmicutes|c__Clostridia|o__Eubacteriales|f__Lachnospiraceae|g__GGB3444|s__GGB3444_SGB4594
Citrobacter_freundii	Citrobacter	Enterobacteriaceae	Enterobacterales	Gammaproteobacteria	Proteobacteria	Bacteria	k__Bacteria|p__Proteobacteria|c__Gammaproteobacteria|o__Enterobacterales|f__Enterobacteriaceae|g__Citrobacter|s__Citrobacter_freundii
Ruminococcus_SGB4421	Ruminococcus	Oscillospiraceae	Eubacteriales	Clostridia	Firmicutes	Bacteria	k__Bacteria|p__Firmicutes|c__Clostridia|o__Eubacteriales|f__Oscillospiraceae|g__Ruminococcus|s__Ruminococcus_SGB4421
GGB9480_SGB14875	GGB9480	FGB3012	OFGB3012	CFGB3012	Firmicutes	Bacteria	k__Bacteria|p__Firmicutes|c__CFGB3012|o__OFGB3012|f__FGB3012|g__GGB9480|s__GGB9480_SGB14875
GGB3478_SGB4643	GGB3478	Clostridiaceae	Eubacteriales	Clostridia	Firmicutes	Bacteria	k__Bacteria|p__Firmicutes|c__Clostridia|o__Eubacteriales|f__Clostridiaceae|g__GGB3478|s__GGB3478_SGB4643
GGB9667_SGB15164	GGB9667	Oscillospiraceae	Eubacteriales	Clostridia	Firmicutes	Bacteria	k__Bacteria|p__Firmicutes|c__Clostridia|o__Eubacteriales|f__Oscillospiraceae|g__GGB9667|s__GGB9667_SGB15164
GGB3005_SGB3996	GGB3005	FGB1227	OFGB1227	CFGB1227	Firmicutes	Bacteria	k__Bacteria|p__Firmicutes|c__CFGB1227|o__OFGB1227|f__FGB1227|g__GGB3005|s__GGB3005_SGB3996
Enterocloster_asparagiformis	Enterocloster	Lachnospiraceae	Eubacteriales	Clostridia	Firmicutes	Bacteria	k__Bacteria|p__Firmicutes|c__Clostridia|o__Eubacteriales|f__Lachnospiraceae|g__Enterocloster|s__Enterocloster_asparagiformis
GGB9457_SGB14849	GGB9457	Oscillospiraceae	Eubacteriales	Clostridia	Firmicutes	Bacteria	k__Bacteria|p__Firmicutes|c__Clostridia|o__Eubacteriales|f__Oscillospiraceae|g__GGB9457|s__GGB9457_SGB14849
Eubacterium_sp_An11	Eubacterium	Eubacteriaceae	Eubacteriales	Clostridia	Firmicutes	Bacteria	k__Bacteria|p__Firmicutes|c__Clostridia|o__Eubacteriales|f__Eubacteriaceae|g__Eubacterium|s__Eubacterium_sp_An11
Candidatus_Pseudoscilispira_faecavium	Candidatus_Pseudoscilispira	Clostridia_unclassified	Clostridia_unclassified	Clostridia	Firmicutes	Bacteria	k__Bacteria|p__Firmicutes|c__Clostridia|o__Clostridia_unclassified|f__Clostridia_unclassified|g__Candidatus_Pseudoscilispira|s__Candidatus_Pseudoscilispira_faecavium
GGB9534_SGB14937	GGB9534	Clostridia_unclassified	Clostridia_unclassified	Clostridia	Firmicutes	Bacteria	k__Bacteria|p__Firmicutes|c__Clostridia|o__Clostridia_unclassified|f__Clostridia_unclassified|g__GGB9534|s__GGB9534_SGB14937
Candidatus_Avimonas_narfia	Candidatus_Avimonas	Clostridia_unclassified	Clostridia_unclassified	Clostridia	Firmicutes	Bacteria	k__Bacteria|p__Firmicutes|c__Clostridia|o__Clostridia_unclassified|f__Clostridia_unclassified|g__Candidatus_Avimonas|s__Candidatus_Avimonas_narfia
GGB9530_SGB14930	GGB9530	Clostridia_unclassified	Clostridia_unclassified	Clostridia	Firmicutes	Bacteria	k__Bacteria|p__Firmicutes|c__Clostridia|o__Clostridia_unclassified|f__Clostridia_unclassified|g__GGB9530|s__GGB9530_SGB14930
GGB32900_SGB53446	GGB32900	Oscillospiraceae	Eubacteriales	Clostridia	Firmicutes	Bacteria	k__Bacteria|p__Firmicutes|c__Clostridia|o__Eubacteriales|f__Oscillospiraceae|g__GGB32900|s__GGB32900_SGB53446
Candidatus_Metaruminococcus_gallistercoris	Candidatus_Metaruminococcus	Clostridia_unclassified	Clostridia_unclassified	Clostridia	Firmicutes	Bacteria	k__Bacteria|p__Firmicutes|c__Clostridia|o__Clostridia_unclassified|f__Clostridia_unclassified|g__Candidatus_Metaruminococcus|s__Candidatus_Metaruminococcus_gallistercoris
Clostridiales_bacterium_NSJ_32	Eubacteriales_unclassified	Eubacteriales_unclassified	Eubacteriales	Clostridia	Firmicutes	Bacteria	k__Bacteria|p__Firmicutes|c__Clostridia|o__Eubacteriales|f__Eubacteriales_unclassified|g__Eubacteriales_unclassified|s__Clostridiales_bacterium_NSJ_32
Christensenellaceae_bacterium_NSJ_44	Christensenellaceae_unclassified	Christensenellaceae	Eubacteriales	Clostridia	Firmicutes	Bacteria	k__Bacteria|p__Firmicutes|c__Clostridia|o__Eubacteriales|f__Christensenellaceae|g__Christensenellaceae_unclassified|s__Christensenellaceae_bacterium_NSJ_44
GGB9342_SGB14306	GGB9342	FGB2982	OFGB2982	CFGB2982	Firmicutes	Bacteria	k__Bacteria|p__Firmicutes|c__CFGB2982|o__OFGB2982|f__FGB2982|g__GGB9342|s__GGB9342_SGB14306
GGB9345_SGB14311	GGB9345	FGB10477	OFGB10477	CFGB10477	Bacteroidetes	Bacteria	k__Bacteria|p__Bacteroidetes|c__CFGB10477|o__OFGB10477|f__FGB10477|g__GGB9345|s__GGB9345_SGB14311
GGB3733_SGB5066	GGB3733	FGB29420	OFGB29420	CFGB29420	Firmicutes	Bacteria	k__Bacteria|p__Firmicutes|c__CFGB29420|o__OFGB29420|f__FGB29420|g__GGB3733|s__GGB3733_SGB5066
GGB9350_SGB14317	GGB9350	FGB2985	OFGB2985	CFGB2985	Firmicutes	Bacteria	k__Bacteria|p__Firmicutes|c__CFGB2985|o__OFGB2985|f__FGB2985|g__GGB9350|s__GGB9350_SGB14317
GGB9715_SGB15265	GGB9715	Oscillospiraceae	Eubacteriales	Clostridia	Firmicutes	Bacteria	k__Bacteria|p__Firmicutes|c__Clostridia|o__Eubacteriales|f__Oscillospiraceae|g__GGB9715|s__GGB9715_SGB15265
Bacteroides_eggerthii	Bacteroides	Bacteroidaceae	Bacteroidales	Bacteroidia	Bacteroidetes	Bacteria	k__Bacteria|p__Bacteroidetes|c__Bacteroidia|o__Bacteroidales|f__Bacteroidaceae|g__Bacteroides|s__Bacteroides_eggerthii
GGB9694_SGB15204	GGB9694	Clostridia_unclassified	Clostridia_unclassified	Clostridia	Firmicutes	Bacteria	k__Bacteria|p__Firmicutes|c__Clostridia|o__Clostridia_unclassified|f__Clostridia_unclassified|g__GGB9694|s__GGB9694_SGB15204
Methanomassiliicoccus_SGB58821	Methanomassiliicoccus	Methanomassiliicoccaceae	Methanomassiliicoccales	Thermoplasmata	Candidatus_Thermoplasmatota	Archaea	k__Archaea|p__Candidatus_Thermoplasmatota|c__Thermoplasmata|o__Methanomassiliicoccales|f__Methanomassiliicoccaceae|g__Methanomassiliicoccus|s__Methanomassiliicoccus_SGB58821
Vescimonas_SGB15087	Vescimonas	Oscillospiraceae	Eubacteriales	Clostridia	Firmicutes	Bacteria	k__Bacteria|p__Firmicutes|c__Clostridia|o__Eubacteriales|f__Oscillospiraceae|g__Vescimonas|s__Vescimonas_SGB15087
Clostridiaceae_bacterium_Marseille_Q4149	Clostridiaceae_unclassified	Clostridiaceae	Eubacteriales	Clostridia	Firmicutes	Bacteria	k__Bacteria|p__Firmicutes|c__Clostridia|o__Eubacteriales|f__Clostridiaceae|g__Clostridiaceae_unclassified|s__Clostridiaceae_bacterium_Marseille_Q4149
Cloacibacillus_evryensis	Cloacibacillus	Synergistaceae	Synergistales	Synergistia	Synergistetes	Bacteria	k__Bacteria|p__Synergistetes|c__Synergistia|o__Synergistales|f__Synergistaceae|g__Cloacibacillus|s__Cloacibacillus_evryensis
Ruminococcaceae_bacterium_D5	Oscillospiraceae_unclassified	Oscillospiraceae	Eubacteriales	Clostridia	Firmicutes	Bacteria	k__Bacteria|p__Firmicutes|c__Clostridia|o__Eubacteriales|f__Oscillospiraceae|g__Oscillospiraceae_unclassified|s__Ruminococcaceae_bacterium_D5
GGB4750_SGB6579	GGB4750	FGB4862	OFGB4862	CFGB4862	Firmicutes	Bacteria	k__Bacteria|p__Firmicutes|c__CFGB4862|o__OFGB4862|f__FGB4862|g__GGB4750|s__GGB4750_SGB6579
Parabacteroides_goldsteinii	Parabacteroides	Tannerellaceae	Bacteroidales	Bacteroidia	Bacteroidetes	Bacteria	k__Bacteria|p__Bacteroidetes|c__Bacteroidia|o__Bacteroidales|f__Tannerellaceae|g__Parabacteroides|s__Parabacteroides_goldsteinii
Oscillospiraceae_unclassified_SGB15256	Oscillospiraceae_unclassified	Oscillospiraceae	Eubacteriales	Clostridia	Firmicutes	Bacteria	k__Bacteria|p__Firmicutes|c__Clostridia|o__Eubacteriales|f__Oscillospiraceae|g__Oscillospiraceae_unclassified|s__Oscillospiraceae_unclassified_SGB15256
Anaerotruncus_massiliensis	Anaerotruncus	Oscillospiraceae	Eubacteriales	Clostridia	Firmicutes	Bacteria	k__Bacteria|p__Firmicutes|c__Clostridia|o__Eubacteriales|f__Oscillospiraceae|g__Anaerotruncus|s__Anaerotruncus_massiliensis
GGB9176_SGB14114	GGB9176	FGB2875	OFGB2875	CFGB2875	Firmicutes	Bacteria	k__Bacteria|p__Firmicutes|c__CFGB2875|o__OFGB2875|f__FGB2875|g__GGB9176|s__GGB9176_SGB14114
Alistipes_communis	Alistipes	Rikenellaceae	Bacteroidales	Bacteroidia	Bacteroidetes	Bacteria	k__Bacteria|p__Bacteroidetes|c__Bacteroidia|o__Bacteroidales|f__Rikenellaceae|g__Alistipes|s__Alistipes_communis
GGB3256_SGB4303	GGB3256	FGB14936	OFGB14936	CFGB14936	Firmicutes	Bacteria	k__Bacteria|p__Firmicutes|c__CFGB14936|o__OFGB14936|f__FGB14936|g__GGB3256|s__GGB3256_SGB4303
GGB9058_SGB13975	GGB9058	FGB73062	OFGB73062	CFGB73062	Firmicutes	Bacteria	k__Bacteria|p__Firmicutes|c__CFGB73062|o__OFGB73062|f__FGB73062|g__GGB9058|s__GGB9058_SGB13975
GGB9302_SGB14263	GGB9302	FGB2960	OFGB2960	CFGB2960	Firmicutes	Bacteria	k__Bacteria|p__Firmicutes|c__CFGB2960|o__OFGB2960|f__FGB2960|g__GGB9302|s__GGB9302_SGB14263
GGB9602_SGB15031	GGB9602	FGB3035	OFGB3035	CFGB3035	Firmicutes	Bacteria	k__Bacteria|p__Firmicutes|c__CFGB3035|o__OFGB3035|f__FGB3035|g__GGB9602|s__GGB9602_SGB15031
GGB4684_SGB6478	GGB4684	FGB1776	OFGB1776	CFGB1776	Firmicutes	Bacteria	k__Bacteria|p__Firmicutes|c__CFGB1776|o__OFGB1776|f__FGB1776|g__GGB4684|s__GGB4684_SGB6478
Phocaeicola_massiliensis	Phocaeicola	Bacteroidaceae	Bacteroidales	Bacteroidia	Bacteroidetes	Bacteria	k__Bacteria|p__Bacteroidetes|c__Bacteroidia|o__Bacteroidales|f__Bacteroidaceae|g__Phocaeicola|s__Phocaeicola_massiliensis
GGB9677_SGB15180	GGB9677	FGB3054	OFGB3054	CFGB3054	Firmicutes	Bacteria	k__Bacteria|p__Firmicutes|c__CFGB3054|o__OFGB3054|f__FGB3054|g__GGB9677|s__GGB9677_SGB15180
Anaerotignum_faecicola	Anaerotignum	Lachnospiraceae	Eubacteriales	Clostridia	Firmicutes	Bacteria	k__Bacteria|p__Firmicutes|c__Clostridia|o__Eubacteriales|f__Lachnospiraceae|g__Anaerotignum|s__Anaerotignum_faecicola
GGB9468_SGB14861	GGB9468	FGB3005	OFGB3005	CFGB3005	Firmicutes	Bacteria	k__Bacteria|p__Firmicutes|c__CFGB3005|o__OFGB3005|f__FGB3005|g__GGB9468|s__GGB9468_SGB14861
GGB9288_SGB14243	GGB9288	FGB2942	OFGB2942	CFGB2942	Firmicutes	Bacteria	k__Bacteria|p__Firmicutes|c__CFGB2942|o__OFGB2942|f__FGB2942|g__GGB9288|s__GGB9288_SGB14243
GGB9261_SGB14209	GGB9261	FGB2932	OFGB2932	CFGB2932	Firmicutes	Bacteria	k__Bacteria|p__Firmicutes|c__CFGB2932|o__OFGB2932|f__FGB2932|g__GGB9261|s__GGB9261_SGB14209
GGB9509_SGB14906	GGB9509	Firmicutes_unclassified	Firmicutes_unclassified	Firmicutes_unclassified	Firmicutes	Bacteria	k__Bacteria|p__Firmicutes|c__Firmicutes_unclassified|o__Firmicutes_unclassified|f__Firmicutes_unclassified|g__GGB9509|s__GGB9509_SGB14906
Phocaeicola_plebeius	Phocaeicola	Bacteroidaceae	Bacteroidales	Bacteroidia	Bacteroidetes	Bacteria	k__Bacteria|p__Bacteroidetes|c__Bacteroidia|o__Bacteroidales|f__Bacteroidaceae|g__Phocaeicola|s__Phocaeicola_plebeius
Frisingicoccus_SGB4674	Frisingicoccus	Lachnospiraceae	Eubacteriales	Clostridia	Firmicutes	Bacteria	k__Bacteria|p__Firmicutes|c__Clostridia|o__Eubacteriales|f__Lachnospiraceae|g__Frisingicoccus|s__Frisingicoccus_SGB4674
GGB9691_SGB15198	GGB9691	FGB3054	OFGB3054	CFGB3054	Firmicutes	Bacteria	k__Bacteria|p__Firmicutes|c__CFGB3054|o__OFGB3054|f__FGB3054|g__GGB9691|s__GGB9691_SGB15198
GGB9770_SGB15390	GGB9770	FGB3069	OFGB3069	CFGB3069	Firmicutes	Bacteria	k__Bacteria|p__Firmicutes|c__CFGB3069|o__OFGB3069|f__FGB3069|g__GGB9770|s__GGB9770_SGB15390
GGB33469_SGB15236	GGB33469	Oscillospiraceae	Eubacteriales	Clostridia	Firmicutes	Bacteria	k__Bacteria|p__Firmicutes|c__Clostridia|o__Eubacteriales|f__Oscillospiraceae|g__GGB33469|s__GGB33469_SGB15236
Coprococcus_comes	Coprococcus	Lachnospiraceae	Eubacteriales	Clostridia	Firmicutes	Bacteria	k__Bacteria|p__Firmicutes|c__Clostridia|o__Eubacteriales|f__Lachnospiraceae|g__Coprococcus|s__Coprococcus_comes
Butyricimonas_virosa	Butyricimonas	Odoribacteraceae	Bacteroidales	Bacteroidia	Bacteroidetes	Bacteria	k__Bacteria|p__Bacteroidetes|c__Bacteroidia|o__Bacteroidales|f__Odoribacteraceae|g__Butyricimonas|s__Butyricimonas_virosa
Phascolarctobacterium_succinatutens	Phascolarctobacterium	Acidaminococcaceae	Acidaminococcales	Negativicutes	Firmicutes	Bacteria	k__Bacteria|p__Firmicutes|c__Negativicutes|o__Acidaminococcales|f__Acidaminococcaceae|g__Phascolarctobacterium|s__Phascolarctobacterium_succinatutens
GGB9602_SGB15028	GGB9602	FGB3035	OFGB3035	CFGB3035	Firmicutes	Bacteria	k__Bacteria|p__Firmicutes|c__CFGB3035|o__OFGB3035|f__FGB3035|g__GGB9602|s__GGB9602_SGB15028
GGB3475_SGB4638	GGB3475	Lachnospiraceae	Eubacteriales	Clostridia	Firmicutes	Bacteria	k__Bacteria|p__Firmicutes|c__Clostridia|o__Eubacteriales|f__Lachnospiraceae|g__GGB3475|s__GGB3475_SGB4638
GGB9061_SGB13979	GGB9061	FGB2834	OFGB2834	CFGB2834	Firmicutes	Bacteria	k__Bacteria|p__Firmicutes|c__CFGB2834|o__OFGB2834|f__FGB2834|g__GGB9061|s__GGB9061_SGB13979
GGB9271_SGB14222	GGB9271	FGB2937	OFGB2937	CFGB2937	Firmicutes	Bacteria	k__Bacteria|p__Firmicutes|c__CFGB2937|o__OFGB2937|f__FGB2937|g__GGB9271|s__GGB9271_SGB14222
GGB9237_SGB14179	GGB9237	Oscillospiraceae	Eubacteriales	Clostridia	Firmicutes	Bacteria	k__Bacteria|p__Firmicutes|c__Clostridia|o__Eubacteriales|f__Oscillospiraceae|g__GGB9237|s__GGB9237_SGB14179
Monoglobus_pectinilyticus	Monoglobus	Oscillospiraceae	Eubacteriales	Clostridia	Firmicutes	Bacteria	k__Bacteria|p__Firmicutes|c__Clostridia|o__Eubacteriales|f__Oscillospiraceae|g__Monoglobus|s__Monoglobus_pectinilyticus
GGB34228_SGB53814	GGB34228	Oscillospiraceae	Eubacteriales	Clostridia	Firmicutes	Bacteria	k__Bacteria|p__Firmicutes|c__Clostridia|o__Eubacteriales|f__Oscillospiraceae|g__GGB34228|s__GGB34228_SGB53814
GGB9240_SGB14182	GGB9240	FGB2918	OFGB2918	CFGB2918	Firmicutes	Bacteria	k__Bacteria|p__Firmicutes|c__CFGB2918|o__OFGB2918|f__FGB2918|g__GGB9240|s__GGB9240_SGB14182
GGB3132_SGB4145	GGB3132	FGB1311	OFGB1311	CFGB1311	Firmicutes	Bacteria	k__Bacteria|p__Firmicutes|c__CFGB1311|o__OFGB1311|f__FGB1311|g__GGB3132|s__GGB3132_SGB4145
Methanobrevibacter_smithii	Methanobrevibacter	Methanobacteriaceae	Methanobacteriales	Methanobacteria	Euryarchaeota	Archaea	k__Archaea|p__Euryarchaeota|c__Methanobacteria|o__Methanobacteriales|f__Methanobacteriaceae|g__Methanobrevibacter|s__Methanobrevibacter_smithii
GGB9495_SGB14892	GGB9495	Oscillospiraceae	Eubacteriales	Clostridia	Firmicutes	Bacteria	k__Bacteria|p__Firmicutes|c__Clostridia|o__Eubacteriales|f__Oscillospiraceae|g__GGB9495|s__GGB9495_SGB14892
Dysosmobacter_sp_Marseille_Q4140	Dysosmobacter	Oscillospiraceae	Eubacteriales	Clostridia	Firmicutes	Bacteria	k__Bacteria|p__Firmicutes|c__Clostridia|o__Eubacteriales|f__Oscillospiraceae|g__Dysosmobacter|s__Dysosmobacter_sp_Marseille_Q4140
Allisonella_histaminiformans	Allisonella	Veillonellaceae	Veillonellales	Negativicutes	Firmicutes	Bacteria	k__Bacteria|p__Firmicutes|c__Negativicutes|o__Veillonellales|f__Veillonellaceae|g__Allisonella|s__Allisonella_histaminiformans
GGB4683_SGB6473	GGB4683	FGB1776	OFGB1776	CFGB1776	Firmicutes	Bacteria	k__Bacteria|p__Firmicutes|c__CFGB1776|o__OFGB1776|f__FGB1776|g__GGB4683|s__GGB4683_SGB6473
Faecalitalea_cylindroides	Faecalitalea	Erysipelotrichaceae	Erysipelotrichales	Erysipelotrichia	Firmicutes	Bacteria	k__Bacteria|p__Firmicutes|c__Erysipelotrichia|o__Erysipelotrichales|f__Erysipelotrichaceae|g__Faecalitalea|s__Faecalitalea_cylindroides
Prevotella_timonensis	Prevotella	Prevotellaceae	Bacteroidales	Bacteroidia	Bacteroidetes	Bacteria	k__Bacteria|p__Bacteroidetes|c__Bacteroidia|o__Bacteroidales|f__Prevotellaceae|g__Prevotella|s__Prevotella_timonensis
Gemmiger_formicilis	Gemmiger	Eubacteriales_unclassified	Eubacteriales	Clostridia	Firmicutes	Bacteria	k__Bacteria|p__Firmicutes|c__Clostridia|o__Eubacteriales|f__Eubacteriales_unclassified|g__Gemmiger|s__Gemmiger_formicilis
GGB2848_SGB3813	GGB2848	FGB1126	OFGB1126	CFGB1126	Firmicutes	Bacteria	k__Bacteria|p__Firmicutes|c__CFGB1126|o__OFGB1126|f__FGB1126|g__GGB2848|s__GGB2848_SGB3813
Lachnospiraceae_bacterium_AM48_27BH	Lachnospiraceae_unclassified	Lachnospiraceae	Eubacteriales	Clostridia	Firmicutes	Bacteria	k__Bacteria|p__Firmicutes|c__Clostridia|o__Eubacteriales|f__Lachnospiraceae|g__Lachnospiraceae_unclassified|s__Lachnospiraceae_bacterium_AM48_27BH
GGB9531_SGB14932	GGB9531	Clostridia_unclassified	Clostridia_unclassified	Clostridia	Firmicutes	Bacteria	k__Bacteria|p__Firmicutes|c__Clostridia|o__Clostridia_unclassified|f__Clostridia_unclassified|g__GGB9531|s__GGB9531_SGB14932
GGB2998_SGB3988	GGB2998	FGB1226	OFGB1226	CFGB1226	Firmicutes	Bacteria	k__Bacteria|p__Firmicutes|c__CFGB1226|o__OFGB1226|f__FGB1226|g__GGB2998|s__GGB2998_SGB3988
GGB9551_SGB14958	GGB9551	FGB3043	OFGB3043	CFGB3043	Firmicutes	Bacteria	k__Bacteria|p__Firmicutes|c__CFGB3043|o__OFGB3043|f__FGB3043|g__GGB9551|s__GGB9551_SGB14958
Eubacterium_sp_AF16_48	Eubacterium	Eubacteriaceae	Eubacteriales	Clostridia	Firmicutes	Bacteria	k__Bacteria|p__Firmicutes|c__Clostridia|o__Eubacteriales|f__Eubacteriaceae|g__Eubacterium|s__Eubacterium_sp_AF16_48
Mogibacterium_kristiansenii	Mogibacterium	Eubacteriales_Family_XIII_Incertae_Sedis	Eubacteriales	Clostridia	Firmicutes	Bacteria	k__Bacteria|p__Firmicutes|c__Clostridia|o__Eubacteriales|f__Eubacteriales_Family_XIII_Incertae_Sedis|g__Mogibacterium|s__Mogibacterium_kristiansenii
Mitsuokella_jalaludinii	Mitsuokella	Selenomonadaceae	Selenomonadales	Negativicutes	Firmicutes	Bacteria	k__Bacteria|p__Firmicutes|c__Negativicutes|o__Selenomonadales|f__Selenomonadaceae|g__Mitsuokella|s__Mitsuokella_jalaludinii
GGB9502_SGB14899	GGB9502	FGB3023	OFGB3023	CFGB3023	Firmicutes	Bacteria	k__Bacteria|p__Firmicutes|c__CFGB3023|o__OFGB3023|f__FGB3023|g__GGB9502|s__GGB9502_SGB14899
Oxalobacter_formigenes	Oxalobacter	Oxalobacteraceae	Burkholderiales	Betaproteobacteria	Proteobacteria	Bacteria	k__Bacteria|p__Proteobacteria|c__Betaproteobacteria|o__Burkholderiales|f__Oxalobacteraceae|g__Oxalobacter|s__Oxalobacter_formigenes
GGB9721_SGB15275	GGB9721	Oscillospiraceae	Eubacteriales	Clostridia	Firmicutes	Bacteria	k__Bacteria|p__Firmicutes|c__Clostridia|o__Eubacteriales|f__Oscillospiraceae|g__GGB9721|s__GGB9721_SGB15275
Alistipes_indistinctus	Alistipes	Rikenellaceae	Bacteroidales	Bacteroidia	Bacteroidetes	Bacteria	k__Bacteria|p__Bacteroidetes|c__Bacteroidia|o__Bacteroidales|f__Rikenellaceae|g__Alistipes|s__Alistipes_indistinctus
Coprococcus_catus	Coprococcus	Lachnospiraceae	Eubacteriales	Clostridia	Firmicutes	Bacteria	k__Bacteria|p__Firmicutes|c__Clostridia|o__Eubacteriales|f__Lachnospiraceae|g__Coprococcus|s__Coprococcus_catus
GGB9293_SGB14250	GGB9293	FGB15209	OFGB15209	CFGB15209	Firmicutes	Bacteria	k__Bacteria|p__Firmicutes|c__CFGB15209|o__OFGB15209|f__FGB15209|g__GGB9293|s__GGB9293_SGB14250
Sanguibacteroides_justesenii	Sanguibacteroides	Porphyromonadaceae	Bacteroidales	Bacteroidia	Bacteroidetes	Bacteria	k__Bacteria|p__Bacteroidetes|c__Bacteroidia|o__Bacteroidales|f__Porphyromonadaceae|g__Sanguibacteroides|s__Sanguibacteroides_justesenii
Lawsonibacter_sp_NSJ_51	Lawsonibacter	Clostridiales_unclassified	Clostridiales	Clostridia	Firmicutes	Bacteria	k__Bacteria|p__Firmicutes|c__Clostridia|o__Clostridiales|f__Clostridiales_unclassified|g__Lawsonibacter|s__Lawsonibacter_sp_NSJ_51
Oscillospiraceae_bacterium	Oscillospiraceae_unclassified	Oscillospiraceae	Eubacteriales	Clostridia	Firmicutes	Bacteria	k__Bacteria|p__Firmicutes|c__Clostridia|o__Eubacteriales|f__Oscillospiraceae|g__Oscillospiraceae_unclassified|s__Oscillospiraceae_bacterium
Granulicatella_adiacens	Granulicatella	Carnobacteriaceae	Lactobacillales	Bacilli	Firmicutes	Bacteria	k__Bacteria|p__Firmicutes|c__Bacilli|o__Lactobacillales|f__Carnobacteriaceae|g__Granulicatella|s__Granulicatella_adiacens
GGB9690_SGB15196	GGB9690	FGB3054	OFGB3054	CFGB3054	Firmicutes	Bacteria	k__Bacteria|p__Firmicutes|c__CFGB3054|o__OFGB3054|f__FGB3054|g__GGB9690|s__GGB9690_SGB15196
GGB13489_SGB15224	GGB13489	Oscillospiraceae	Eubacteriales	Clostridia	Firmicutes	Bacteria	k__Bacteria|p__Firmicutes|c__Clostridia|o__Eubacteriales|f__Oscillospiraceae|g__GGB13489|s__GGB13489_SGB15224
GGB33512_SGB15203	GGB33512	Clostridia_unclassified	Clostridia_unclassified	Clostridia	Firmicutes	Bacteria	k__Bacteria|p__Firmicutes|c__Clostridia|o__Clostridia_unclassified|f__Clostridia_unclassified|g__GGB33512|s__GGB33512_SGB15203
GGB3052_SGB4053	GGB3052	FGB1258	OFGB1258	CFGB1258	Firmicutes	Bacteria	k__Bacteria|p__Firmicutes|c__CFGB1258|o__OFGB1258|f__FGB1258|g__GGB3052|s__GGB3052_SGB4053
GGB9694_SGB15207	GGB9694	Clostridia_unclassified	Clostridia_unclassified	Clostridia	Firmicutes	Bacteria	k__Bacteria|p__Firmicutes|c__Clostridia|o__Clostridia_unclassified|f__Clostridia_unclassified|g__GGB9694|s__GGB9694_SGB15207
GGB9781_SGB66170	GGB9781	FGB3072	OFGB3072	CFGB3072	Firmicutes	Bacteria	k__Bacteria|p__Firmicutes|c__CFGB3072|o__OFGB3072|f__FGB3072|g__GGB9781|s__GGB9781_SGB66170
Candidatus_Pararuminococcus_gallinarum	Candidatus_Pararuminococcus	Clostridia_unclassified	Clostridia_unclassified	Clostridia	Firmicutes	Bacteria	k__Bacteria|p__Firmicutes|c__Clostridia|o__Clostridia_unclassified|f__Clostridia_unclassified|g__Candidatus_Pararuminococcus|s__Candidatus_Pararuminococcus_gallinarum
GGB9296_SGB14253	GGB9296	FGB9272	OFGB9272	CFGB9272	Firmicutes	Bacteria	k__Bacteria|p__Firmicutes|c__CFGB9272|o__OFGB9272|f__FGB9272|g__GGB9296|s__GGB9296_SGB14253
GGB74463_SGB54347	GGB74463	FGB9238	OFGB9238	CFGB9238	Firmicutes	Bacteria	k__Bacteria|p__Firmicutes|c__CFGB9238|o__OFGB9238|f__FGB9238|g__GGB74463|s__GGB74463_SGB54347
GGB9537_SGB14940	GGB9537	Clostridia_unclassified	Clostridia_unclassified	Clostridia	Firmicutes	Bacteria	k__Bacteria|p__Firmicutes|c__Clostridia|o__Clostridia_unclassified|f__Clostridia_unclassified|g__GGB9537|s__GGB9537_SGB14940
GGB9781_SGB15402	GGB9781	FGB3072	OFGB3072	CFGB3072	Firmicutes	Bacteria	k__Bacteria|p__Firmicutes|c__CFGB3072|o__OFGB3072|f__FGB3072|g__GGB9781|s__GGB9781_SGB15402
Candidatus_Allobutyricicoccus_pentlandensis	Candidatus_Allobutyricicoccus	Clostridia_unclassified	Clostridia_unclassified	Clostridia	Firmicutes	Bacteria	k__Bacteria|p__Firmicutes|c__Clostridia|o__Clostridia_unclassified|f__Clostridia_unclassified|g__Candidatus_Allobutyricicoccus|s__Candidatus_Allobutyricicoccus_pentlandensis
GGB9529_SGB53518	GGB9529	Clostridia_unclassified	Clostridia_unclassified	Clostridia	Firmicutes	Bacteria	k__Bacteria|p__Firmicutes|c__Clostridia|o__Clostridia_unclassified|f__Clostridia_unclassified|g__GGB9529|s__GGB9529_SGB53518
GGB33469_SGB15237	GGB33469	Oscillospiraceae	Eubacteriales	Clostridia	Firmicutes	Bacteria	k__Bacteria|p__Firmicutes|c__Clostridia|o__Eubacteriales|f__Oscillospiraceae|g__GGB33469|s__GGB33469_SGB15237
Dysosmobacter_SGB15074	Dysosmobacter	Oscillospiraceae	Eubacteriales	Clostridia	Firmicutes	Bacteria	k__Bacteria|p__Firmicutes|c__Clostridia|o__Eubacteriales|f__Oscillospiraceae|g__Dysosmobacter|s__Dysosmobacter_SGB15074
Tissierellaceae_bacterium_BX21	Tissierellaceae_unclassified	Tissierellaceae	Tissierellales	Tissierellia	Firmicutes	Bacteria	k__Bacteria|p__Firmicutes|c__Tissierellia|o__Tissierellales|f__Tissierellaceae|g__Tissierellaceae_unclassified|s__Tissierellaceae_bacterium_BX21
Candidatus_Geddesella_stercoravicola	Candidatus_Geddesella	Clostridia_unclassified	Clostridia_unclassified	Clostridia	Firmicutes	Bacteria	k__Bacteria|p__Firmicutes|c__Clostridia|o__Clostridia_unclassified|f__Clostridia_unclassified|g__Candidatus_Geddesella|s__Candidatus_Geddesella_stercoravicola
Roseburia_sp_AM16_25	Roseburia	Lachnospiraceae	Eubacteriales	Clostridia	Firmicutes	Bacteria	k__Bacteria|p__Firmicutes|c__Clostridia|o__Eubacteriales|f__Lachnospiraceae|g__Roseburia|s__Roseburia_sp_AM16_25
GGB2982_SGB3964	GGB2982	Clostridia_unclassified	Clostridia_unclassified	Clostridia	Firmicutes	Bacteria	k__Bacteria|p__Firmicutes|c__Clostridia|o__Clostridia_unclassified|f__Clostridia_unclassified|g__GGB2982|s__GGB2982_SGB3964
Clostridium_SGB4909	Clostridium	Clostridiaceae	Eubacteriales	Clostridia	Firmicutes	Bacteria	k__Bacteria|p__Firmicutes|c__Clostridia|o__Eubacteriales|f__Clostridiaceae|g__Clostridium|s__Clostridium_SGB4909
Haemophilus_pittmaniae	Haemophilus	Pasteurellaceae	Pasteurellales	Gammaproteobacteria	Proteobacteria	Bacteria	k__Bacteria|p__Proteobacteria|c__Gammaproteobacteria|o__Pasteurellales|f__Pasteurellaceae|g__Haemophilus|s__Haemophilus_pittmaniae
Clostridium_SGB6179	Clostridium	Clostridiaceae	Eubacteriales	Clostridia	Firmicutes	Bacteria	k__Bacteria|p__Firmicutes|c__Clostridia|o__Eubacteriales|f__Clostridiaceae|g__Clostridium|s__Clostridium_SGB6179
Xanthomonas_campestris	Xanthomonas	Xanthomonadaceae	Xanthomonadales	Gammaproteobacteria	Proteobacteria	Bacteria	k__Bacteria|p__Proteobacteria|c__Gammaproteobacteria|o__Xanthomonadales|f__Xanthomonadaceae|g__Xanthomonas|s__Xanthomonas_campestris
Clostridium_sp_D5	Clostridium	Clostridiaceae	Eubacteriales	Clostridia	Firmicutes	Bacteria	k__Bacteria|p__Firmicutes|c__Clostridia|o__Eubacteriales|f__Clostridiaceae|g__Clostridium|s__Clostridium_sp_D5
Candidatus_Saccharibacteria_unclassified_SGB19858	Candidatus_Saccharibacteria_unclassified	Candidatus_Saccharibacteria_unclassified	Candidatus_Saccharibacteria_unclassified	Candidatus_Saccharibacteria_unclassified	Candidatus_Saccharibacteria	Bacteria	k__Bacteria|p__Candidatus_Saccharibacteria|c__Candidatus_Saccharibacteria_unclassified|o__Candidatus_Saccharibacteria_unclassified|f__Candidatus_Saccharibacteria_unclassified|g__Candidatus_Saccharibacteria_unclassified|s__Candidatus_Saccharibacteria_unclassified_SGB19858
Granulicatella_SGB8255	Granulicatella	Carnobacteriaceae	Lactobacillales	Bacilli	Firmicutes	Bacteria	k__Bacteria|p__Firmicutes|c__Bacilli|o__Lactobacillales|f__Carnobacteriaceae|g__Granulicatella|s__Granulicatella_SGB8255
GGB3602_SGB4865	GGB3602	Lachnospiraceae	Eubacteriales	Clostridia	Firmicutes	Bacteria	k__Bacteria|p__Firmicutes|c__Clostridia|o__Eubacteriales|f__Lachnospiraceae|g__GGB3602|s__GGB3602_SGB4865
Ruminococcus_gauvreauii	Ruminococcus	Oscillospiraceae	Eubacteriales	Clostridia	Firmicutes	Bacteria	k__Bacteria|p__Firmicutes|c__Clostridia|o__Eubacteriales|f__Oscillospiraceae|g__Ruminococcus|s__Ruminococcus_gauvreauii
GGB3602_SGB66069	GGB3602	Lachnospiraceae	Eubacteriales	Clostridia	Firmicutes	Bacteria	k__Bacteria|p__Firmicutes|c__Clostridia|o__Eubacteriales|f__Lachnospiraceae|g__GGB3602|s__GGB3602_SGB66069
Clostridium_saudiense	Clostridium	Clostridiaceae	Eubacteriales	Clostridia	Firmicutes	Bacteria	k__Bacteria|p__Firmicutes|c__Clostridia|o__Eubacteriales|f__Clostridiaceae|g__Clostridium|s__Clostridium_saudiense
Lachnospiraceae_bacterium_Marseille_Q4251	Lachnospiraceae_unclassified	Lachnospiraceae	Eubacteriales	Clostridia	Firmicutes	Bacteria	k__Bacteria|p__Firmicutes|c__Clostridia|o__Eubacteriales|f__Lachnospiraceae|g__Lachnospiraceae_unclassified|s__Lachnospiraceae_bacterium_Marseille_Q4251
GGB9291_SGB14248	GGB9291	FGB2950	OFGB2950	CFGB2950	Firmicutes	Bacteria	k__Bacteria|p__Firmicutes|c__CFGB2950|o__OFGB2950|f__FGB2950|g__GGB9291|s__GGB9291_SGB14248
GGB3585_SGB4803	GGB3585	Lachnospiraceae	Eubacteriales	Clostridia	Firmicutes	Bacteria	k__Bacteria|p__Firmicutes|c__Clostridia|o__Eubacteriales|f__Lachnospiraceae|g__GGB3585|s__GGB3585_SGB4803
GGB6518_SGB9205	GGB6518	FGB2378	OFGB2378	CFGB2378	Lentisphaerae	Bacteria	k__Bacteria|p__Lentisphaerae|c__CFGB2378|o__OFGB2378|f__FGB2378|g__GGB6518|s__GGB6518_SGB9205
GGB9085_SGB14013	GGB9085	FGB2838	OFGB2838	CFGB2838	Firmicutes	Bacteria	k__Bacteria|p__Firmicutes|c__CFGB2838|o__OFGB2838|f__FGB2838|g__GGB9085|s__GGB9085_SGB14013
GGB9109_SGB14042	GGB9109	FGB2844	OFGB2844	CFGB2844	Firmicutes	Bacteria	k__Bacteria|p__Firmicutes|c__CFGB2844|o__OFGB2844|f__FGB2844|g__GGB9109|s__GGB9109_SGB14042
GGB4745_SGB6571	GGB4745	FGB1787	OFGB1787	CFGB1787	Tenericutes	Bacteria	k__Bacteria|p__Tenericutes|c__CFGB1787|o__OFGB1787|f__FGB1787|g__GGB4745|s__GGB4745_SGB6571
GGB33512_SGB15201	GGB33512	Clostridia_unclassified	Clostridia_unclassified	Clostridia	Firmicutes	Bacteria	k__Bacteria|p__Firmicutes|c__Clostridia|o__Clostridia_unclassified|f__Clostridia_unclassified|g__GGB33512|s__GGB33512_SGB15201
Alistipes_sp_AF17_16	Alistipes	Rikenellaceae	Bacteroidales	Bacteroidia	Bacteroidetes	Bacteria	k__Bacteria|p__Bacteroidetes|c__Bacteroidia|o__Bacteroidales|f__Rikenellaceae|g__Alistipes|s__Alistipes_sp_AF17_16
Candidatus_Woodwardibium_SGB14954	Candidatus_Woodwardibium	Clostridia_unclassified	Clostridia_unclassified	Clostridia	Firmicutes	Bacteria	k__Bacteria|p__Firmicutes|c__Clostridia|o__Clostridia_unclassified|f__Clostridia_unclassified|g__Candidatus_Woodwardibium|s__Candidatus_Woodwardibium_SGB14954
GGB9104_SGB14037	GGB9104	Candidatus_Borkfalkiaceae	Candidatus_Borkfalkiales	Clostridia	Firmicutes	Bacteria	k__Bacteria|p__Firmicutes|c__Clostridia|o__Candidatus_Borkfalkiales|f__Candidatus_Borkfalkiaceae|g__GGB9104|s__GGB9104_SGB14037
GGB9115_SGB14048	GGB9115	Clostridia_unclassified	Clostridia_unclassified	Clostridia	Firmicutes	Bacteria	k__Bacteria|p__Firmicutes|c__Clostridia|o__Clostridia_unclassified|f__Clostridia_unclassified|g__GGB9115|s__GGB9115_SGB14048
GGB34540_SGB54300	GGB34540	FGB11916	OFGB11916	CFGB11916	Firmicutes	Bacteria	k__Bacteria|p__Firmicutes|c__CFGB11916|o__OFGB11916|f__FGB11916|g__GGB34540|s__GGB34540_SGB54300
Lachnospiraceae_bacterium_NSJ_29	Lachnospiraceae_unclassified	Lachnospiraceae	Eubacteriales	Clostridia	Firmicutes	Bacteria	k__Bacteria|p__Firmicutes|c__Clostridia|o__Eubacteriales|f__Lachnospiraceae|g__Lachnospiraceae_unclassified|s__Lachnospiraceae_bacterium_NSJ_29
Oxalobacter_SGB9385	Oxalobacter	Oxalobacteraceae	Burkholderiales	Betaproteobacteria	Proteobacteria	Bacteria	k__Bacteria|p__Proteobacteria|c__Betaproteobacteria|o__Burkholderiales|f__Oxalobacteraceae|g__Oxalobacter|s__Oxalobacter_SGB9385
Desulfovibrio_legallii	Desulfovibrio	Desulfovibrionaceae	Desulfovibrionales	Deltaproteobacteria	Proteobacteria	Bacteria	k__Bacteria|p__Proteobacteria|c__Deltaproteobacteria|o__Desulfovibrionales|f__Desulfovibrionaceae|g__Desulfovibrio|s__Desulfovibrio_legallii
Bifidobacterium_animalis	Bifidobacterium	Bifidobacteriaceae	Bifidobacteriales	Actinomycetia	Actinobacteria	Bacteria	k__Bacteria|p__Actinobacteria|c__Actinomycetia|o__Bifidobacteriales|f__Bifidobacteriaceae|g__Bifidobacterium|s__Bifidobacterium_animalis
GGB36331_SGB15121	GGB36331	Oscillospiraceae	Eubacteriales	Clostridia	Firmicutes	Bacteria	k__Bacteria|p__Firmicutes|c__Clostridia|o__Eubacteriales|f__Oscillospiraceae|g__GGB36331|s__GGB36331_SGB15121
Parabacteroides_gordonii	Parabacteroides	Tannerellaceae	Bacteroidales	Bacteroidia	Bacteroidetes	Bacteria	k__Bacteria|p__Bacteroidetes|c__Bacteroidia|o__Bacteroidales|f__Tannerellaceae|g__Parabacteroides|s__Parabacteroides_gordonii
GGB29535_SGB42321	GGB29535	FGB1260	OFGB1260	CFGB1260	Firmicutes	Bacteria	k__Bacteria|p__Firmicutes|c__CFGB1260|o__OFGB1260|f__FGB1260|g__GGB29535|s__GGB29535_SGB42321
GGB9524_SGB14924	GGB9524	FGB74461	OFGB74461	CFGB74461	Firmicutes	Bacteria	k__Bacteria|p__Firmicutes|c__CFGB74461|o__OFGB74461|f__FGB74461|g__GGB9524|s__GGB9524_SGB14924
GGB9611_SGB15045	GGB9611	Oscillospiraceae	Eubacteriales	Clostridia	Firmicutes	Bacteria	k__Bacteria|p__Firmicutes|c__Clostridia|o__Eubacteriales|f__Oscillospiraceae|g__GGB9611|s__GGB9611_SGB15045
Candidatus_Borkfalkia_ceftriaxoniphila	Candidatus_Borkfalkia	Candidatus_Borkfalkiaceae	Candidatus_Borkfalkiales	Clostridia	Firmicutes	Bacteria	k__Bacteria|p__Firmicutes|c__Clostridia|o__Candidatus_Borkfalkiales|f__Candidatus_Borkfalkiaceae|g__Candidatus_Borkfalkia|s__Candidatus_Borkfalkia_ceftriaxoniphila
GGB9062_SGB13981	GGB9062	FGB2834	OFGB2834	CFGB2834	Firmicutes	Bacteria	k__Bacteria|p__Firmicutes|c__CFGB2834|o__OFGB2834|f__FGB2834|g__GGB9062|s__GGB9062_SGB13981
GGB9463_SGB14855	GGB9463	FGB3002	OFGB3002	CFGB3002	Firmicutes	Bacteria	k__Bacteria|p__Firmicutes|c__CFGB3002|o__OFGB3002|f__FGB3002|g__GGB9463|s__GGB9463_SGB14855
GGB4566_SGB6305	GGB4566	FGB1765	OFGB1765	CFGB1765	Firmicutes	Bacteria	k__Bacteria|p__Firmicutes|c__CFGB1765|o__OFGB1765|f__FGB1765|g__GGB4566|s__GGB4566_SGB6305
GGB9501_SGB14898	GGB9501	FGB3023	OFGB3023	CFGB3023	Firmicutes	Bacteria	k__Bacteria|p__Firmicutes|c__CFGB3023|o__OFGB3023|f__FGB3023|g__GGB9501|s__GGB9501_SGB14898
GGB32387_SGB47381	GGB32387	Eubacteriales_Family_XIII_Incertae_Sedis	Eubacteriales	Clostridia	Firmicutes	Bacteria	k__Bacteria|p__Firmicutes|c__Clostridia|o__Eubacteriales|f__Eubacteriales_Family_XIII_Incertae_Sedis|g__GGB32387|s__GGB32387_SGB47381
GGB9724_SGB15278	GGB9724	Oscillospiraceae	Eubacteriales	Clostridia	Firmicutes	Bacteria	k__Bacteria|p__Firmicutes|c__Clostridia|o__Eubacteriales|f__Oscillospiraceae|g__GGB9724|s__GGB9724_SGB15278
Massilioclostridium_coli	Massilioclostridium	Clostridiaceae	Eubacteriales	Clostridia	Firmicutes	Bacteria	k__Bacteria|p__Firmicutes|c__Clostridia|o__Eubacteriales|f__Clostridiaceae|g__Massilioclostridium|s__Massilioclostridium_coli
Christensenella_minuta	Christensenella	Christensenellaceae	Eubacteriales	Clostridia	Firmicutes	Bacteria	k__Bacteria|p__Firmicutes|c__Clostridia|o__Eubacteriales|f__Christensenellaceae|g__Christensenella|s__Christensenella_minuta
GGB9575_SGB14988	GGB9575	Clostridiaceae	Eubacteriales	Clostridia	Firmicutes	Bacteria	k__Bacteria|p__Firmicutes|c__Clostridia|o__Eubacteriales|f__Clostridiaceae|g__GGB9575|s__GGB9575_SGB14988
GGB6608_SGB9342	GGB6608	FGB2404	OFGB2404	CFGB2404	Proteobacteria	Bacteria	k__Bacteria|p__Proteobacteria|c__CFGB2404|o__OFGB2404|f__FGB2404|g__GGB6608|s__GGB6608_SGB9342
Bifidobacterium_pseudocatenulatum	Bifidobacterium	Bifidobacteriaceae	Bifidobacteriales	Actinomycetia	Actinobacteria	Bacteria	k__Bacteria|p__Actinobacteria|c__Actinomycetia|o__Bifidobacteriales|f__Bifidobacteriaceae|g__Bifidobacterium|s__Bifidobacterium_pseudocatenulatum
Sutterella_wadsworthensis	Sutterella	Sutterellaceae	Burkholderiales	Betaproteobacteria	Proteobacteria	Bacteria	k__Bacteria|p__Proteobacteria|c__Betaproteobacteria|o__Burkholderiales|f__Sutterellaceae|g__Sutterella|s__Sutterella_wadsworthensis
Bifidobacterium_dentium	Bifidobacterium	Bifidobacteriaceae	Bifidobacteriales	Actinomycetia	Actinobacteria	Bacteria	k__Bacteria|p__Actinobacteria|c__Actinomycetia|o__Bifidobacteriales|f__Bifidobacteriaceae|g__Bifidobacterium|s__Bifidobacterium_dentium
GGB3057_SGB4059	GGB3057	FGB1260	OFGB1260	CFGB1260	Firmicutes	Bacteria	k__Bacteria|p__Firmicutes|c__CFGB1260|o__OFGB1260|f__FGB1260|g__GGB3057|s__GGB3057_SGB4059
GGB9186_SGB14125	GGB9186	Christensenellaceae	Eubacteriales	Clostridia	Firmicutes	Bacteria	k__Bacteria|p__Firmicutes|c__Clostridia|o__Eubacteriales|f__Christensenellaceae|g__GGB9186|s__GGB9186_SGB14125
GGB3677_SGB4990	GGB3677	Lachnospiraceae	Eubacteriales	Clostridia	Firmicutes	Bacteria	k__Bacteria|p__Firmicutes|c__Clostridia|o__Eubacteriales|f__Lachnospiraceae|g__GGB3677|s__GGB3677_SGB4990
Candidatus_Gallimonas_intestinalis	Candidatus_Gallimonas	Clostridia_unclassified	Clostridia_unclassified	Clostridia	Firmicutes	Bacteria	k__Bacteria|p__Firmicutes|c__Clostridia|o__Clostridia_unclassified|f__Clostridia_unclassified|g__Candidatus_Gallimonas|s__Candidatus_Gallimonas_intestinalis
Pseudoflavonifractor_sp_An184	Pseudoflavonifractor	Oscillospiraceae	Eubacteriales	Clostridia	Firmicutes	Bacteria	k__Bacteria|p__Firmicutes|c__Clostridia|o__Eubacteriales|f__Oscillospiraceae|g__Pseudoflavonifractor|s__Pseudoflavonifractor_sp_An184
Oscillibacter_valericigenes	Oscillibacter	Oscillospiraceae	Eubacteriales	Clostridia	Firmicutes	Bacteria	k__Bacteria|p__Firmicutes|c__Clostridia|o__Eubacteriales|f__Oscillospiraceae|g__Oscillibacter|s__Oscillibacter_valericigenes
GGB9775_SGB15395	GGB9775	FGB3070	OFGB3070	CFGB3070	Firmicutes	Bacteria	k__Bacteria|p__Firmicutes|c__CFGB3070|o__OFGB3070|f__FGB3070|g__GGB9775|s__GGB9775_SGB15395
GGB3722_SGB5050	GGB3722	Eubacteriaceae	Eubacteriales	Clostridia	Firmicutes	Bacteria	k__Bacteria|p__Firmicutes|c__Clostridia|o__Eubacteriales|f__Eubacteriaceae|g__GGB3722|s__GGB3722_SGB5050
GGB42639_SGB59836	GGB42639	Clostridiaceae	Eubacteriales	Clostridia	Firmicutes	Bacteria	k__Bacteria|p__Firmicutes|c__Clostridia|o__Eubacteriales|f__Clostridiaceae|g__GGB42639|s__GGB42639_SGB59836
GGB9359_SGB14334	GGB9359	FGB12107	OFGB12107	CFGB12107	Actinobacteria	Bacteria	k__Bacteria|p__Actinobacteria|c__CFGB12107|o__OFGB12107|f__FGB12107|g__GGB9359|s__GGB9359_SGB14334
Lachnotalea_sp_AF33_28	Lachnotalea	Lachnospiraceae	Eubacteriales	Clostridia	Firmicutes	Bacteria	k__Bacteria|p__Firmicutes|c__Clostridia|o__Eubacteriales|f__Lachnospiraceae|g__Lachnotalea|s__Lachnotalea_sp_AF33_28
Mediterraneibacter_SGB48424	Mediterraneibacter	Lachnospiraceae	Eubacteriales	Clostridia	Firmicutes	Bacteria	k__Bacteria|p__Firmicutes|c__Clostridia|o__Eubacteriales|f__Lachnospiraceae|g__Mediterraneibacter|s__Mediterraneibacter_SGB48424
Klebsiella_quasipneumoniae	Klebsiella	Enterobacteriaceae	Enterobacterales	Gammaproteobacteria	Proteobacteria	Bacteria	k__Bacteria|p__Proteobacteria|c__Gammaproteobacteria|o__Enterobacterales|f__Enterobacteriaceae|g__Klebsiella|s__Klebsiella_quasipneumoniae
Enterococcus_gallinarum	Enterococcus	Enterococcaceae	Lactobacillales	Bacilli	Firmicutes	Bacteria	k__Bacteria|p__Firmicutes|c__Bacilli|o__Lactobacillales|f__Enterococcaceae|g__Enterococcus|s__Enterococcus_gallinarum
Clostridium_perfringens	Clostridium	Clostridiaceae	Eubacteriales	Clostridia	Firmicutes	Bacteria	k__Bacteria|p__Firmicutes|c__Clostridia|o__Eubacteriales|f__Clostridiaceae|g__Clostridium|s__Clostridium_perfringens
Enterococcus_faecium	Enterococcus	Enterococcaceae	Lactobacillales	Bacilli	Firmicutes	Bacteria	k__Bacteria|p__Firmicutes|c__Bacilli|o__Lactobacillales|f__Enterococcaceae|g__Enterococcus|s__Enterococcus_faecium
Clostridium_cuniculi	Clostridium	Clostridiaceae	Eubacteriales	Clostridia	Firmicutes	Bacteria	k__Bacteria|p__Firmicutes|c__Clostridia|o__Eubacteriales|f__Clostridiaceae|g__Clostridium|s__Clostridium_cuniculi
Clostridium_tertium	Clostridium	Clostridiaceae	Eubacteriales	Clostridia	Firmicutes	Bacteria	k__Bacteria|p__Firmicutes|c__Clostridia|o__Eubacteriales|f__Clostridiaceae|g__Clostridium|s__Clostridium_tertium
Clostridium_SGB6177	Clostridium	Clostridiaceae	Eubacteriales	Clostridia	Firmicutes	Bacteria	k__Bacteria|p__Firmicutes|c__Clostridia|o__Eubacteriales|f__Clostridiaceae|g__Clostridium|s__Clostridium_SGB6177
Enterococcus_casseliflavus	Enterococcus	Enterococcaceae	Lactobacillales	Bacilli	Firmicutes	Bacteria	k__Bacteria|p__Firmicutes|c__Bacilli|o__Lactobacillales|f__Enterococcaceae|g__Enterococcus|s__Enterococcus_casseliflavus
Clostridium_sp_1001270J_160509_D11	Clostridium	Clostridiaceae	Eubacteriales	Clostridia	Firmicutes	Bacteria	k__Bacteria|p__Firmicutes|c__Clostridia|o__Eubacteriales|f__Clostridiaceae|g__Clostridium|s__Clostridium_sp_1001270J_160509_D11
Terrisporobacter_othiniensis	Terrisporobacter	Peptostreptococcaceae	Eubacteriales	Clostridia	Firmicutes	Bacteria	k__Bacteria|p__Firmicutes|c__Clostridia|o__Eubacteriales|f__Peptostreptococcaceae|g__Terrisporobacter|s__Terrisporobacter_othiniensis
Campylobacter_concisus	Campylobacter	Campylobacteraceae	Campylobacterales	Epsilonproteobacteria	Proteobacteria	Bacteria	k__Bacteria|p__Proteobacteria|c__Epsilonproteobacteria|o__Campylobacterales|f__Campylobacteraceae|g__Campylobacter|s__Campylobacter_concisus
GGB3109_SGB4119	GGB3109	FGB1292	OFGB1292	CFGB1292	Firmicutes	Bacteria	k__Bacteria|p__Firmicutes|c__CFGB1292|o__OFGB1292|f__FGB1292|g__GGB3109|s__GGB3109_SGB4119
Blautia_hydrogenotrophica	Blautia	Lachnospiraceae	Eubacteriales	Clostridia	Firmicutes	Bacteria	k__Bacteria|p__Firmicutes|c__Clostridia|o__Eubacteriales|f__Lachnospiraceae|g__Blautia|s__Blautia_hydrogenotrophica
Collinsella_stercoris	Collinsella	Coriobacteriaceae	Coriobacteriales	Coriobacteriia	Actinobacteria	Bacteria	k__Bacteria|p__Actinobacteria|c__Coriobacteriia|o__Coriobacteriales|f__Coriobacteriaceae|g__Collinsella|s__Collinsella_stercoris
Lachnoclostridium_sp_An138	Lachnoclostridium	Lachnospiraceae	Eubacteriales	Clostridia	Firmicutes	Bacteria	k__Bacteria|p__Firmicutes|c__Clostridia|o__Eubacteriales|f__Lachnospiraceae|g__Lachnoclostridium|s__Lachnoclostridium_sp_An138
Amedibacterium_intestinale	Amedibacterium	Erysipelotrichaceae	Erysipelotrichales	Erysipelotrichia	Firmicutes	Bacteria	k__Bacteria|p__Firmicutes|c__Erysipelotrichia|o__Erysipelotrichales|f__Erysipelotrichaceae|g__Amedibacterium|s__Amedibacterium_intestinale
GGB3433_SGB4573	GGB3433	Lachnospiraceae	Eubacteriales	Clostridia	Firmicutes	Bacteria	k__Bacteria|p__Firmicutes|c__Clostridia|o__Eubacteriales|f__Lachnospiraceae|g__GGB3433|s__GGB3433_SGB4573
GGB74505_SGB47518	GGB74505	Lachnospiraceae	Eubacteriales	Clostridia	Firmicutes	Bacteria	k__Bacteria|p__Firmicutes|c__Clostridia|o__Eubacteriales|f__Lachnospiraceae|g__GGB74505|s__GGB74505_SGB47518
GGB3511_SGB4688	GGB3511	FGB28775	OFGB28775	CFGB28775	Firmicutes	Bacteria	k__Bacteria|p__Firmicutes|c__CFGB28775|o__OFGB28775|f__FGB28775|g__GGB3511|s__GGB3511_SGB4688
Lachnoclostridium_sp_An118	Lachnoclostridium	Lachnospiraceae	Eubacteriales	Clostridia	Firmicutes	Bacteria	k__Bacteria|p__Firmicutes|c__Clostridia|o__Eubacteriales|f__Lachnospiraceae|g__Lachnoclostridium|s__Lachnoclostridium_sp_An118
GGB74511_SGB47635	GGB74511	FGB72939	OFGB72939	CFGB72939	Firmicutes	Bacteria	k__Bacteria|p__Firmicutes|c__CFGB72939|o__OFGB72939|f__FGB72939|g__GGB74511|s__GGB74511_SGB47635
Lachnoclostridium_sp_An131	Lachnoclostridium	Lachnospiraceae	Eubacteriales	Clostridia	Firmicutes	Bacteria	k__Bacteria|p__Firmicutes|c__Clostridia|o__Eubacteriales|f__Lachnospiraceae|g__Lachnoclostridium|s__Lachnoclostridium_sp_An131
GGB9532_SGB14933	GGB9532	Clostridia_unclassified	Clostridia_unclassified	Clostridia	Firmicutes	Bacteria	k__Bacteria|p__Firmicutes|c__Clostridia|o__Clostridia_unclassified|f__Clostridia_unclassified|g__GGB9532|s__GGB9532_SGB14933
Blautia_sp_Marseille_P3087	Blautia	Lachnospiraceae	Eubacteriales	Clostridia	Firmicutes	Bacteria	k__Bacteria|p__Firmicutes|c__Clostridia|o__Eubacteriales|f__Lachnospiraceae|g__Blautia|s__Blautia_sp_Marseille_P3087
Cuneatibacter_caecimuris	Cuneatibacter	Lachnospiraceae	Eubacteriales	Clostridia	Firmicutes	Bacteria	k__Bacteria|p__Firmicutes|c__Clostridia|o__Eubacteriales|f__Lachnospiraceae|g__Cuneatibacter|s__Cuneatibacter_caecimuris
GGB58233_SGB79883	GGB58233	Clostridia_unclassified	Clostridia_unclassified	Clostridia	Firmicutes	Bacteria	k__Bacteria|p__Firmicutes|c__Clostridia|o__Clostridia_unclassified|f__Clostridia_unclassified|g__GGB58233|s__GGB58233_SGB79883
Clostridium_sp_Marseille_P3244	Clostridium	Clostridiaceae	Eubacteriales	Clostridia	Firmicutes	Bacteria	k__Bacteria|p__Firmicutes|c__Clostridia|o__Eubacteriales|f__Clostridiaceae|g__Clostridium|s__Clostridium_sp_Marseille_P3244
Gordonibacter_pamelaeae	Gordonibacter	Eggerthellaceae	Eggerthellales	Coriobacteriia	Actinobacteria	Bacteria	k__Bacteria|p__Actinobacteria|c__Coriobacteriia|o__Eggerthellales|f__Eggerthellaceae|g__Gordonibacter|s__Gordonibacter_pamelaeae
GGB2980_SGB3962	GGB2980	Eubacteriales_Family_XIII_Incertae_Sedis	Eubacteriales	Clostridia	Firmicutes	Bacteria	k__Bacteria|p__Firmicutes|c__Clostridia|o__Eubacteriales|f__Eubacteriales_Family_XIII_Incertae_Sedis|g__GGB2980|s__GGB2980_SGB3962
GGB45491_SGB63163	GGB45491	FGB3072	OFGB3072	CFGB3072	Firmicutes	Bacteria	k__Bacteria|p__Firmicutes|c__CFGB3072|o__OFGB3072|f__FGB3072|g__GGB45491|s__GGB45491_SGB63163
GGB9469_SGB14862	GGB9469	FGB3005	OFGB3005	CFGB3005	Firmicutes	Bacteria	k__Bacteria|p__Firmicutes|c__CFGB3005|o__OFGB3005|f__FGB3005|g__GGB9469|s__GGB9469_SGB14862
Massiliimalia_timonensis	Massiliimalia	Oscillospiraceae	Eubacteriales	Clostridia	Firmicutes	Bacteria	k__Bacteria|p__Firmicutes|c__Clostridia|o__Eubacteriales|f__Oscillospiraceae|g__Massiliimalia|s__Massiliimalia_timonensis
Clostridium_methylpentosum	Oscillospiraceae_unclassified	Oscillospiraceae	Eubacteriales	Clostridia	Firmicutes	Bacteria	k__Bacteria|p__Firmicutes|c__Clostridia|o__Eubacteriales|f__Oscillospiraceae|g__Oscillospiraceae_unclassified|s__Clostridium_methylpentosum
GGB9063_SGB13982	GGB9063	FGB2834	OFGB2834	CFGB2834	Firmicutes	Bacteria	k__Bacteria|p__Firmicutes|c__CFGB2834|o__OFGB2834|f__FGB2834|g__GGB9063|s__GGB9063_SGB13982
Faecalibacillus_intestinalis	Faecalibacillus	Erysipelotrichaceae	Erysipelotrichales	Erysipelotrichia	Firmicutes	Bacteria	k__Bacteria|p__Firmicutes|c__Erysipelotrichia|o__Erysipelotrichales|f__Erysipelotrichaceae|g__Faecalibacillus|s__Faecalibacillus_intestinalis
Dorea_sp_AF36_15AT	Dorea	Lachnospiraceae	Eubacteriales	Clostridia	Firmicutes	Bacteria	k__Bacteria|p__Firmicutes|c__Clostridia|o__Eubacteriales|f__Lachnospiraceae|g__Dorea|s__Dorea_sp_AF36_15AT
Christensenellaceae_bacterium_NSJ_53	Christensenellaceae_unclassified	Christensenellaceae	Eubacteriales	Clostridia	Firmicutes	Bacteria	k__Bacteria|p__Firmicutes|c__Clostridia|o__Eubacteriales|f__Christensenellaceae|g__Christensenellaceae_unclassified|s__Christensenellaceae_bacterium_NSJ_53
Oscillospiraceae_bacterium_Marseille_Q3528	Oscillospiraceae_unclassified	Oscillospiraceae	Eubacteriales	Clostridia	Firmicutes	Bacteria	k__Bacteria|p__Firmicutes|c__Clostridia|o__Eubacteriales|f__Oscillospiraceae|g__Oscillospiraceae_unclassified|s__Oscillospiraceae_bacterium_Marseille_Q3528
Blautia_SGB4815	Blautia	Lachnospiraceae	Eubacteriales	Clostridia	Firmicutes	Bacteria	k__Bacteria|p__Firmicutes|c__Clostridia|o__Eubacteriales|f__Lachnospiraceae|g__Blautia|s__Blautia_SGB4815
Gemmiger_sp_An87	Gemmiger	Eubacteriales_unclassified	Eubacteriales	Clostridia	Firmicutes	Bacteria	k__Bacteria|p__Firmicutes|c__Clostridia|o__Eubacteriales|f__Eubacteriales_unclassified|g__Gemmiger|s__Gemmiger_sp_An87
Eubacterium_SGB4329	Eubacterium	Eubacteriaceae	Eubacteriales	Clostridia	Firmicutes	Bacteria	k__Bacteria|p__Firmicutes|c__Clostridia|o__Eubacteriales|f__Eubacteriaceae|g__Eubacterium|s__Eubacterium_SGB4329
Proteus_penneri	Proteus	Morganellaceae	Enterobacterales	Gammaproteobacteria	Proteobacteria	Bacteria	k__Bacteria|p__Proteobacteria|c__Gammaproteobacteria|o__Enterobacterales|f__Morganellaceae|g__Proteus|s__Proteus_penneri
Butyricicoccus_SGB14985	Butyricicoccus	Clostridiaceae	Eubacteriales	Clostridia	Firmicutes	Bacteria	k__Bacteria|p__Firmicutes|c__Clostridia|o__Eubacteriales|f__Clostridiaceae|g__Butyricicoccus|s__Butyricicoccus_SGB14985
GGB74802_SGB47402	GGB74802	FGB11257	OFGB11257	CFGB11257	Firmicutes	Bacteria	k__Bacteria|p__Firmicutes|c__CFGB11257|o__OFGB11257|f__FGB11257|g__GGB74802|s__GGB74802_SGB47402
GGB9621_SGB15073	GGB9621	Oscillospiraceae	Eubacteriales	Clostridia	Firmicutes	Bacteria	k__Bacteria|p__Firmicutes|c__Clostridia|o__Eubacteriales|f__Oscillospiraceae|g__GGB9621|s__GGB9621_SGB15073
GGB9580_SGB14996	GGB9580	Clostridiaceae	Eubacteriales	Clostridia	Firmicutes	Bacteria	k__Bacteria|p__Firmicutes|c__Clostridia|o__Eubacteriales|f__Clostridiaceae|g__GGB9580|s__GGB9580_SGB14996
Blautia_sp_An81	Blautia	Lachnospiraceae	Eubacteriales	Clostridia	Firmicutes	Bacteria	k__Bacteria|p__Firmicutes|c__Clostridia|o__Eubacteriales|f__Lachnospiraceae|g__Blautia|s__Blautia_sp_An81
Streptococcus_pasteurianus	Streptococcus	Streptococcaceae	Lactobacillales	Bacilli	Firmicutes	Bacteria	k__Bacteria|p__Firmicutes|c__Bacilli|o__Lactobacillales|f__Streptococcaceae|g__Streptococcus|s__Streptococcus_pasteurianus
Lachnoclostridium_SGB4602	Lachnoclostridium	Lachnospiraceae	Eubacteriales	Clostridia	Firmicutes	Bacteria	k__Bacteria|p__Firmicutes|c__Clostridia|o__Eubacteriales|f__Lachnospiraceae|g__Lachnoclostridium|s__Lachnoclostridium_SGB4602
Drancourtella_sp_An177	Drancourtella	Oscillospiraceae	Eubacteriales	Clostridia	Firmicutes	Bacteria	k__Bacteria|p__Firmicutes|c__Clostridia|o__Eubacteriales|f__Oscillospiraceae|g__Drancourtella|s__Drancourtella_sp_An177
Oscillibacter_SGB15077	Oscillibacter	Oscillospiraceae	Eubacteriales	Clostridia	Firmicutes	Bacteria	k__Bacteria|p__Firmicutes|c__Clostridia|o__Eubacteriales|f__Oscillospiraceae|g__Oscillibacter|s__Oscillibacter_SGB15077
Ruminococcus_callidus	Ruminococcus	Oscillospiraceae	Eubacteriales	Clostridia	Firmicutes	Bacteria	k__Bacteria|p__Firmicutes|c__Clostridia|o__Eubacteriales|f__Oscillospiraceae|g__Ruminococcus|s__Ruminococcus_callidus
GGB9464_SGB14857	GGB9464	FGB3002	OFGB3002	CFGB3002	Firmicutes	Bacteria	k__Bacteria|p__Firmicutes|c__CFGB3002|o__OFGB3002|f__FGB3002|g__GGB9464|s__GGB9464_SGB14857
GGB9522_SGB14921	GGB9522	FGB30328	OFGB30328	CFGB30328	Firmicutes	Bacteria	k__Bacteria|p__Firmicutes|c__CFGB30328|o__OFGB30328|f__FGB30328|g__GGB9522|s__GGB9522_SGB14921
Fenollaria_massiliensis	Fenollaria	Eubacteriales_unclassified	Eubacteriales	Clostridia	Firmicutes	Bacteria	k__Bacteria|p__Firmicutes|c__Clostridia|o__Eubacteriales|f__Eubacteriales_unclassified|g__Fenollaria|s__Fenollaria_massiliensis
Christensenellaceae_bacterium_NSJ_63	Christensenellaceae_unclassified	Christensenellaceae	Eubacteriales	Clostridia	Firmicutes	Bacteria	k__Bacteria|p__Firmicutes|c__Clostridia|o__Eubacteriales|f__Christensenellaceae|g__Christensenellaceae_unclassified|s__Christensenellaceae_bacterium_NSJ_63
GGB9719_SGB53514	GGB9719	Oscillospiraceae	Eubacteriales	Clostridia	Firmicutes	Bacteria	k__Bacteria|p__Firmicutes|c__Clostridia|o__Eubacteriales|f__Oscillospiraceae|g__GGB9719|s__GGB9719_SGB53514
Porphyromonas_asaccharolytica	Porphyromonas	Porphyromonadaceae	Bacteroidales	Bacteroidia	Bacteroidetes	Bacteria	k__Bacteria|p__Bacteroidetes|c__Bacteroidia|o__Bacteroidales|f__Porphyromonadaceae|g__Porphyromonas|s__Porphyromonas_asaccharolytica
Ruminococcus_sp_NSJ_13	Ruminococcus	Oscillospiraceae	Eubacteriales	Clostridia	Firmicutes	Bacteria	k__Bacteria|p__Firmicutes|c__Clostridia|o__Eubacteriales|f__Oscillospiraceae|g__Ruminococcus|s__Ruminococcus_sp_NSJ_13
Anaerofilum_sp_BX8	Anaerofilum	Oscillospiraceae	Eubacteriales	Clostridia	Firmicutes	Bacteria	k__Bacteria|p__Firmicutes|c__Clostridia|o__Eubacteriales|f__Oscillospiraceae|g__Anaerofilum|s__Anaerofilum_sp_BX8
Roseburia_sp_AM59_24XD	Roseburia	Lachnospiraceae	Eubacteriales	Clostridia	Firmicutes	Bacteria	k__Bacteria|p__Firmicutes|c__Clostridia|o__Eubacteriales|f__Lachnospiraceae|g__Roseburia|s__Roseburia_sp_AM59_24XD
GGB4567_SGB6308	GGB4567	FGB1765	OFGB1765	CFGB1765	Firmicutes	Bacteria	k__Bacteria|p__Firmicutes|c__CFGB1765|o__OFGB1765|f__FGB1765|g__GGB4567|s__GGB4567_SGB6308
GGB9253_SGB14198	GGB9253	FGB2930	OFGB2930	CFGB2930	Firmicutes	Bacteria	k__Bacteria|p__Firmicutes|c__CFGB2930|o__OFGB2930|f__FGB2930|g__GGB9253|s__GGB9253_SGB14198
GGB3288_SGB4342	GGB3288	FGB1347	OFGB1347	CFGB1347	Firmicutes	Bacteria	k__Bacteria|p__Firmicutes|c__CFGB1347|o__OFGB1347|f__FGB1347|g__GGB3288|s__GGB3288_SGB4342
Candidatus_Neoclostridium_roslinense	Candidatus_Neoclostridium	Clostridia_unclassified	Clostridia_unclassified	Clostridia	Firmicutes	Bacteria	k__Bacteria|p__Firmicutes|c__Clostridia|o__Clostridia_unclassified|f__Clostridia_unclassified|g__Candidatus_Neoclostridium|s__Candidatus_Neoclostridium_roslinense
GGB2970_SGB3952	GGB2970	FGB1211	OFGB1211	CFGB1211	Firmicutes	Bacteria	k__Bacteria|p__Firmicutes|c__CFGB1211|o__OFGB1211|f__FGB1211|g__GGB2970|s__GGB2970_SGB3952
GGB9299_SGB14259	GGB9299	FGB2957	OFGB2957	CFGB2957	Firmicutes	Bacteria	k__Bacteria|p__Firmicutes|c__CFGB2957|o__OFGB2957|f__FGB2957|g__GGB9299|s__GGB9299_SGB14259
GGB9512_SGB14909	GGB9512	Firmicutes_unclassified	Firmicutes_unclassified	Firmicutes_unclassified	Firmicutes	Bacteria	k__Bacteria|p__Firmicutes|c__Firmicutes_unclassified|o__Firmicutes_unclassified|f__Firmicutes_unclassified|g__GGB9512|s__GGB9512_SGB14909
GGB4802_SGB6641	GGB4802	FGB1814	OFGB1814	CFGB1814	Firmicutes	Bacteria	k__Bacteria|p__Firmicutes|c__CFGB1814|o__OFGB1814|f__FGB1814|g__GGB4802|s__GGB4802_SGB6641
Clostridium_sp_AF32_12BH	Clostridium	Clostridiaceae	Eubacteriales	Clostridia	Firmicutes	Bacteria	k__Bacteria|p__Firmicutes|c__Clostridia|o__Eubacteriales|f__Clostridiaceae|g__Clostridium|s__Clostridium_sp_AF32_12BH
Victivallis_lenta	Victivallis	Victivallaceae	Victivallales	Lentisphaeria	Lentisphaerae	Bacteria	k__Bacteria|p__Lentisphaerae|c__Lentisphaeria|o__Victivallales|f__Victivallaceae|g__Victivallis|s__Victivallis_lenta
Clostridium_sp_AF12_28	Clostridium	Clostridiaceae	Eubacteriales	Clostridia	Firmicutes	Bacteria	k__Bacteria|p__Firmicutes|c__Clostridia|o__Eubacteriales|f__Clostridiaceae|g__Clostridium|s__Clostridium_sp_AF12_28
GGB9695_SGB15209	GGB9695	Clostridia_unclassified	Clostridia_unclassified	Clostridia	Firmicutes	Bacteria	k__Bacteria|p__Firmicutes|c__Clostridia|o__Clostridia_unclassified|f__Clostridia_unclassified|g__GGB9695|s__GGB9695_SGB15209
GGB9343_SGB14307	GGB9343	FGB2983	OFGB2983	CFGB2983	Firmicutes	Bacteria	k__Bacteria|p__Firmicutes|c__CFGB2983|o__OFGB2983|f__FGB2983|g__GGB9343|s__GGB9343_SGB14307
GGB9210_SGB14149	GGB9210	FGB2898	OFGB2898	CFGB2898	Firmicutes	Bacteria	k__Bacteria|p__Firmicutes|c__CFGB2898|o__OFGB2898|f__FGB2898|g__GGB9210|s__GGB9210_SGB14149
Dysgonomonas_capnocytophagoides	Dysgonomonas	Dysgonomonadaceae	Bacteroidales	Bacteroidia	Bacteroidetes	Bacteria	k__Bacteria|p__Bacteroidetes|c__Bacteroidia|o__Bacteroidales|f__Dysgonomonadaceae|g__Dysgonomonas|s__Dysgonomonas_capnocytophagoides
Clostridium_SGB48024	Clostridium	Clostridiaceae	Eubacteriales	Clostridia	Firmicutes	Bacteria	k__Bacteria|p__Firmicutes|c__Clostridia|o__Eubacteriales|f__Clostridiaceae|g__Clostridium|s__Clostridium_SGB48024
Clostridium_sp_AF20_17LB	Clostridium	Clostridiaceae	Eubacteriales	Clostridia	Firmicutes	Bacteria	k__Bacteria|p__Firmicutes|c__Clostridia|o__Eubacteriales|f__Clostridiaceae|g__Clostridium|s__Clostridium_sp_AF20_17LB
Faecalicatena_contorta	Faecalicatena	Lachnospiraceae	Eubacteriales	Clostridia	Firmicutes	Bacteria	k__Bacteria|p__Firmicutes|c__Clostridia|o__Eubacteriales|f__Lachnospiraceae|g__Faecalicatena|s__Faecalicatena_contorta
Hafnia_alvei	Hafnia	Hafniaceae	Enterobacterales	Gammaproteobacteria	Proteobacteria	Bacteria	k__Bacteria|p__Proteobacteria|c__Gammaproteobacteria|o__Enterobacterales|f__Hafniaceae|g__Hafnia|s__Hafnia_alvei
Murimonas_intestini	Murimonas	Lachnospiraceae	Eubacteriales	Clostridia	Firmicutes	Bacteria	k__Bacteria|p__Firmicutes|c__Clostridia|o__Eubacteriales|f__Lachnospiraceae|g__Murimonas|s__Murimonas_intestini
GGB42689_SGB59892	GGB42689	Lachnospiraceae	Eubacteriales	Clostridia	Firmicutes	Bacteria	k__Bacteria|p__Firmicutes|c__Clostridia|o__Eubacteriales|f__Lachnospiraceae|g__GGB42689|s__GGB42689_SGB59892
GGB3363_SGB4448	GGB3363	Clostridia_unclassified	Clostridia_unclassified	Clostridia	Firmicutes	Bacteria	k__Bacteria|p__Firmicutes|c__Clostridia|o__Clostridia_unclassified|f__Clostridia_unclassified|g__GGB3363|s__GGB3363_SGB4448
GGB55957_SGB77276	GGB55957	FGB74494	OFGB74494	CFGB74494	Firmicutes	Bacteria	k__Bacteria|p__Firmicutes|c__CFGB74494|o__OFGB74494|f__FGB74494|g__GGB55957|s__GGB55957_SGB77276
Dialister_pneumosintes	Dialister	Veillonellaceae	Veillonellales	Negativicutes	Firmicutes	Bacteria	k__Bacteria|p__Firmicutes|c__Negativicutes|o__Veillonellales|f__Veillonellaceae|g__Dialister|s__Dialister_pneumosintes
Lawsonibacter_sp_NSJ_52	Lawsonibacter	Clostridiales_unclassified	Clostridiales	Clostridia	Firmicutes	Bacteria	k__Bacteria|p__Firmicutes|c__Clostridia|o__Clostridiales|f__Clostridiales_unclassified|g__Lawsonibacter|s__Lawsonibacter_sp_NSJ_52
GGB1102_SGB1416	GGB1102	FGB536	OFGB536	CFGB536	Bacteroidetes	Bacteria	k__Bacteria|p__Bacteroidetes|c__CFGB536|o__OFGB536|f__FGB536|g__GGB1102|s__GGB1102_SGB1416
Roseburia_sp_AM23_20	Roseburia	Lachnospiraceae	Eubacteriales	Clostridia	Firmicutes	Bacteria	k__Bacteria|p__Firmicutes|c__Clostridia|o__Eubacteriales|f__Lachnospiraceae|g__Roseburia|s__Roseburia_sp_AM23_20
GGB1246_SGB1667	GGB1246	Prevotellaceae	Bacteroidales	Bacteroidia	Bacteroidetes	Bacteria	k__Bacteria|p__Bacteroidetes|c__Bacteroidia|o__Bacteroidales|f__Prevotellaceae|g__GGB1246|s__GGB1246_SGB1667
Clostridioides_difficile	Clostridioides	Peptostreptococcaceae	Eubacteriales	Clostridia	Firmicutes	Bacteria	k__Bacteria|p__Firmicutes|c__Clostridia|o__Eubacteriales|f__Peptostreptococcaceae|g__Clostridioides|s__Clostridioides_difficile
Klebsiella_oxytoca	Klebsiella	Enterobacteriaceae	Enterobacterales	Gammaproteobacteria	Proteobacteria	Bacteria	k__Bacteria|p__Proteobacteria|c__Gammaproteobacteria|o__Enterobacterales|f__Enterobacteriaceae|g__Klebsiella|s__Klebsiella_oxytoca
Lactobacillus_acidophilus	Lactobacillus	Lactobacillaceae	Lactobacillales	Bacilli	Firmicutes	Bacteria	k__Bacteria|p__Firmicutes|c__Bacilli|o__Lactobacillales|f__Lactobacillaceae|g__Lactobacillus|s__Lactobacillus_acidophilus
Anaerostipes_sp_494a	Anaerostipes	Lachnospiraceae	Eubacteriales	Clostridia	Firmicutes	Bacteria	k__Bacteria|p__Firmicutes|c__Clostridia|o__Eubacteriales|f__Lachnospiraceae|g__Anaerostipes|s__Anaerostipes_sp_494a
Kluyvera_cryocrescens	Kluyvera	Enterobacteriaceae	Enterobacterales	Gammaproteobacteria	Proteobacteria	Bacteria	k__Bacteria|p__Proteobacteria|c__Gammaproteobacteria|o__Enterobacterales|f__Enterobacteriaceae|g__Kluyvera|s__Kluyvera_cryocrescens
Holdemania_sp_1001095H_141210_F2	Holdemania	Erysipelotrichaceae	Erysipelotrichales	Erysipelotrichia	Firmicutes	Bacteria	k__Bacteria|p__Firmicutes|c__Erysipelotrichia|o__Erysipelotrichales|f__Erysipelotrichaceae|g__Holdemania|s__Holdemania_sp_1001095H_141210_F2
GGB31183_SGB44477	GGB31183	Erysipelotrichaceae	Erysipelotrichales	Erysipelotrichia	Firmicutes	Bacteria	k__Bacteria|p__Firmicutes|c__Erysipelotrichia|o__Erysipelotrichales|f__Erysipelotrichaceae|g__GGB31183|s__GGB31183_SGB44477
Enterobacter_ludwigii	Enterobacter	Enterobacteriaceae	Enterobacterales	Gammaproteobacteria	Proteobacteria	Bacteria	k__Bacteria|p__Proteobacteria|c__Gammaproteobacteria|o__Enterobacterales|f__Enterobacteriaceae|g__Enterobacter|s__Enterobacter_ludwigii
Enterobacter_roggenkampii	Enterobacter	Enterobacteriaceae	Enterobacterales	Gammaproteobacteria	Proteobacteria	Bacteria	k__Bacteria|p__Proteobacteria|c__Gammaproteobacteria|o__Enterobacterales|f__Enterobacteriaceae|g__Enterobacter|s__Enterobacter_roggenkampii
Morganella_morganii	Morganella	Morganellaceae	Enterobacterales	Gammaproteobacteria	Proteobacteria	Bacteria	k__Bacteria|p__Proteobacteria|c__Gammaproteobacteria|o__Enterobacterales|f__Morganellaceae|g__Morganella|s__Morganella_morganii
Lachnospiraceae_bacterium_BX3	Lachnospiraceae_unclassified	Lachnospiraceae	Eubacteriales	Clostridia	Firmicutes	Bacteria	k__Bacteria|p__Firmicutes|c__Clostridia|o__Eubacteriales|f__Lachnospiraceae|g__Lachnospiraceae_unclassified|s__Lachnospiraceae_bacterium_BX3
Candidatus_Metaruminococcus_caecorum	Candidatus_Metaruminococcus	Clostridia_unclassified	Clostridia_unclassified	Clostridia	Firmicutes	Bacteria	k__Bacteria|p__Firmicutes|c__Clostridia|o__Clostridia_unclassified|f__Clostridia_unclassified|g__Candidatus_Metaruminococcus|s__Candidatus_Metaruminococcus_caecorum
Prevotella_copri_clade_B	Prevotella	Prevotellaceae	Bacteroidales	Bacteroidia	Bacteroidetes	Bacteria	k__Bacteria|p__Bacteroidetes|c__Bacteroidia|o__Bacteroidales|f__Prevotellaceae|g__Prevotella|s__Prevotella_copri_clade_B
GGB5997_SGB8620	GGB5997	FGB2107	OFGB2107	CFGB2107	Candidatus_Melainabacteria	Bacteria	k__Bacteria|p__Candidatus_Melainabacteria|c__CFGB2107|o__OFGB2107|f__FGB2107|g__GGB5997|s__GGB5997_SGB8620
Acidaminococcus_intestini	Acidaminococcus	Acidaminococcaceae	Acidaminococcales	Negativicutes	Firmicutes	Bacteria	k__Bacteria|p__Firmicutes|c__Negativicutes|o__Acidaminococcales|f__Acidaminococcaceae|g__Acidaminococcus|s__Acidaminococcus_intestini
Megasphaera_massiliensis	Megasphaera	Veillonellaceae	Veillonellales	Negativicutes	Firmicutes	Bacteria	k__Bacteria|p__Firmicutes|c__Negativicutes|o__Veillonellales|f__Veillonellaceae|g__Megasphaera|s__Megasphaera_massiliensis
Parasutterella_SGB9260	Parasutterella	Sutterellaceae	Burkholderiales	Betaproteobacteria	Proteobacteria	Bacteria	k__Bacteria|p__Proteobacteria|c__Betaproteobacteria|o__Burkholderiales|f__Sutterellaceae|g__Parasutterella|s__Parasutterella_SGB9260
GGB6123_SGB8767	GGB6123	Puniceicoccaceae	Puniceicoccales	Opitutae	Verrucomicrobia	Bacteria	k__Bacteria|p__Verrucomicrobia|c__Opitutae|o__Puniceicoccales|f__Puniceicoccaceae|g__GGB6123|s__GGB6123_SGB8767
Desulfovibrio_fairfieldensis	Desulfovibrio	Desulfovibrionaceae	Desulfovibrionales	Deltaproteobacteria	Proteobacteria	Bacteria	k__Bacteria|p__Proteobacteria|c__Deltaproteobacteria|o__Desulfovibrionales|f__Desulfovibrionaceae|g__Desulfovibrio|s__Desulfovibrio_fairfieldensis
Bacteroides_salyersiae	Bacteroides	Bacteroidaceae	Bacteroidales	Bacteroidia	Bacteroidetes	Bacteria	k__Bacteria|p__Bacteroidetes|c__Bacteroidia|o__Bacteroidales|f__Bacteroidaceae|g__Bacteroides|s__Bacteroides_salyersiae
GGB1332_SGB1789	GGB1332	Odoribacteraceae	Bacteroidales	Bacteroidia	Bacteroidetes	Bacteria	k__Bacteria|p__Bacteroidetes|c__Bacteroidia|o__Bacteroidales|f__Odoribacteraceae|g__GGB1332|s__GGB1332_SGB1789
Parabacteroides_johnsonii	Parabacteroides	Tannerellaceae	Bacteroidales	Bacteroidia	Bacteroidetes	Bacteria	k__Bacteria|p__Bacteroidetes|c__Bacteroidia|o__Bacteroidales|f__Tannerellaceae|g__Parabacteroides|s__Parabacteroides_johnsonii
GGB1543_SGB2126	GGB1543	Muribaculaceae	Bacteroidales	Bacteroidia	Bacteroidetes	Bacteria	k__Bacteria|p__Bacteroidetes|c__Bacteroidia|o__Bacteroidales|f__Muribaculaceae|g__GGB1543|s__GGB1543_SGB2126
Cloacibacillus_porcorum	Cloacibacillus	Synergistaceae	Synergistales	Synergistia	Synergistetes	Bacteria	k__Bacteria|p__Synergistetes|c__Synergistia|o__Synergistales|f__Synergistaceae|g__Cloacibacillus|s__Cloacibacillus_porcorum
Alistipes_SGB2313	Alistipes	Rikenellaceae	Bacteroidales	Bacteroidia	Bacteroidetes	Bacteria	k__Bacteria|p__Bacteroidetes|c__Bacteroidia|o__Bacteroidales|f__Rikenellaceae|g__Alistipes|s__Alistipes_SGB2313
Megasphaera_hominis	Megasphaera	Veillonellaceae	Veillonellales	Negativicutes	Firmicutes	Bacteria	k__Bacteria|p__Firmicutes|c__Negativicutes|o__Veillonellales|f__Veillonellaceae|g__Megasphaera|s__Megasphaera_hominis
Parabacteroides_sp_TM07_1AC	Parabacteroides	Tannerellaceae	Bacteroidales	Bacteroidia	Bacteroidetes	Bacteria	k__Bacteria|p__Bacteroidetes|c__Bacteroidia|o__Bacteroidales|f__Tannerellaceae|g__Parabacteroides|s__Parabacteroides_sp_TM07_1AC
Butyricimonas_sp_Marseille_P3923	Butyricimonas	Odoribacteraceae	Bacteroidales	Bacteroidia	Bacteroidetes	Bacteria	k__Bacteria|p__Bacteroidetes|c__Bacteroidia|o__Bacteroidales|f__Odoribacteraceae|g__Butyricimonas|s__Butyricimonas_sp_Marseille_P3923
GGB28319_SGB40892	GGB28319	Desulfovibrionaceae	Desulfovibrionales	Deltaproteobacteria	Proteobacteria	Bacteria	k__Bacteria|p__Proteobacteria|c__Deltaproteobacteria|o__Desulfovibrionales|f__Desulfovibrionaceae|g__GGB28319|s__GGB28319_SGB40892
Alistipes_ihumii	Alistipes	Rikenellaceae	Bacteroidales	Bacteroidia	Bacteroidetes	Bacteria	k__Bacteria|p__Bacteroidetes|c__Bacteroidia|o__Bacteroidales|f__Rikenellaceae|g__Alistipes|s__Alistipes_ihumii
Clostridia_bacterium_UC5_1_1E11	Clostridia_unclassified	Clostridia_unclassified	Clostridia_unclassified	Clostridia	Firmicutes	Bacteria	k__Bacteria|p__Firmicutes|c__Clostridia|o__Clostridia_unclassified|f__Clostridia_unclassified|g__Clostridia_unclassified|s__Clostridia_bacterium_UC5_1_1E11
GGB51647_SGB4348	GGB51647	FGB4806	OFGB4806	CFGB4806	Firmicutes	Bacteria	k__Bacteria|p__Firmicutes|c__CFGB4806|o__OFGB4806|f__FGB4806|g__GGB51647|s__GGB51647_SGB4348
Bifidobacterium_adolescentis	Bifidobacterium	Bifidobacteriaceae	Bifidobacteriales	Actinomycetia	Actinobacteria	Bacteria	k__Bacteria|p__Actinobacteria|c__Actinomycetia|o__Bifidobacteriales|f__Bifidobacteriaceae|g__Bifidobacterium|s__Bifidobacterium_adolescentis
GGB6006_SGB8630	GGB6006	FGB2107	OFGB2107	CFGB2107	Candidatus_Melainabacteria	Bacteria	k__Bacteria|p__Candidatus_Melainabacteria|c__CFGB2107|o__OFGB2107|f__FGB2107|g__GGB6006|s__GGB6006_SGB8630
Erysipelotrichaceae_bacterium_3_1_53	Erysipelotrichaceae_unclassified	Erysipelotrichaceae	Erysipelotrichales	Erysipelotrichia	Firmicutes	Bacteria	k__Bacteria|p__Firmicutes|c__Erysipelotrichia|o__Erysipelotrichales|f__Erysipelotrichaceae|g__Erysipelotrichaceae_unclassified|s__Erysipelotrichaceae_bacterium_3_1_53
GGB3680_SGB4995	GGB3680	Firmicutes_unclassified	Firmicutes_unclassified	Firmicutes_unclassified	Firmicutes	Bacteria	k__Bacteria|p__Firmicutes|c__Firmicutes_unclassified|o__Firmicutes_unclassified|f__Firmicutes_unclassified|g__GGB3680|s__GGB3680_SGB4995
Bifidobacterium_breve	Bifidobacterium	Bifidobacteriaceae	Bifidobacteriales	Actinomycetia	Actinobacteria	Bacteria	k__Bacteria|p__Actinobacteria|c__Actinomycetia|o__Bifidobacteriales|f__Bifidobacteriaceae|g__Bifidobacterium|s__Bifidobacterium_breve
Agathobaculum_sp_Marseille_P7918	Agathobaculum	Oscillospiraceae	Eubacteriales	Clostridia	Firmicutes	Bacteria	k__Bacteria|p__Firmicutes|c__Clostridia|o__Eubacteriales|f__Oscillospiraceae|g__Agathobaculum|s__Agathobaculum_sp_Marseille_P7918
GGB3740_SGB5077	GGB3740	Lachnospiraceae	Eubacteriales	Clostridia	Firmicutes	Bacteria	k__Bacteria|p__Firmicutes|c__Clostridia|o__Eubacteriales|f__Lachnospiraceae|g__GGB3740|s__GGB3740_SGB5077
GGB3612_SGB4882	GGB3612	FGB72924	OFGB72924	CFGB72924	Firmicutes	Bacteria	k__Bacteria|p__Firmicutes|c__CFGB72924|o__OFGB72924|f__FGB72924|g__GGB3612|s__GGB3612_SGB4882
Clostridiales_bacterium_Choco116	Eubacteriales_unclassified	Eubacteriales_unclassified	Eubacteriales	Clostridia	Firmicutes	Bacteria	k__Bacteria|p__Firmicutes|c__Clostridia|o__Eubacteriales|f__Eubacteriales_unclassified|g__Eubacteriales_unclassified|s__Clostridiales_bacterium_Choco116
GGB6019_SGB8651	GGB6019	FGB2107	OFGB2107	CFGB2107	Candidatus_Melainabacteria	Bacteria	k__Bacteria|p__Candidatus_Melainabacteria|c__CFGB2107|o__OFGB2107|f__FGB2107|g__GGB6019|s__GGB6019_SGB8651
Blautia_sp_MSK_20_85	Blautia	Lachnospiraceae	Eubacteriales	Clostridia	Firmicutes	Bacteria	k__Bacteria|p__Firmicutes|c__Clostridia|o__Eubacteriales|f__Lachnospiraceae|g__Blautia|s__Blautia_sp_MSK_20_85
GGB9365_SGB14341	GGB9365	FGB2989	OFGB2989	CFGB2989	Bacteria_unclassified	Bacteria	k__Bacteria|p__Bacteria_unclassified|c__CFGB2989|o__OFGB2989|f__FGB2989|g__GGB9365|s__GGB9365_SGB14341
Clostridiaceae_unclassified_SGB4771	Clostridiaceae_unclassified	Clostridiaceae	Eubacteriales	Clostridia	Firmicutes	Bacteria	k__Bacteria|p__Firmicutes|c__Clostridia|o__Eubacteriales|f__Clostridiaceae|g__Clostridiaceae_unclassified|s__Clostridiaceae_unclassified_SGB4771
Bacteroides_ndongoniae	Bacteroides	Bacteroidaceae	Bacteroidales	Bacteroidia	Bacteroidetes	Bacteria	k__Bacteria|p__Bacteroidetes|c__Bacteroidia|o__Bacteroidales|f__Bacteroidaceae|g__Bacteroides|s__Bacteroides_ndongoniae
GGB4585_SGB6340	GGB4585	FGB1765	OFGB1765	CFGB1765	Firmicutes	Bacteria	k__Bacteria|p__Firmicutes|c__CFGB1765|o__OFGB1765|f__FGB1765|g__GGB4585|s__GGB4585_SGB6340
Dialister_hominis	Dialister	Veillonellaceae	Veillonellales	Negativicutes	Firmicutes	Bacteria	k__Bacteria|p__Firmicutes|c__Negativicutes|o__Veillonellales|f__Veillonellaceae|g__Dialister|s__Dialister_hominis
GGB33896_SGB14872	GGB33896	FGB3011	OFGB3011	CFGB3011	Firmicutes	Bacteria	k__Bacteria|p__Firmicutes|c__CFGB3011|o__OFGB3011|f__FGB3011|g__GGB33896|s__GGB33896_SGB14872
Bacteroides_oleiciplenus	Bacteroides	Bacteroidaceae	Bacteroidales	Bacteroidia	Bacteroidetes	Bacteria	k__Bacteria|p__Bacteroidetes|c__Bacteroidia|o__Bacteroidales|f__Bacteroidaceae|g__Bacteroides|s__Bacteroides_oleiciplenus
Ruminococcaceae_bacterium_UBA1375	Oscillospiraceae_unclassified	Oscillospiraceae	Eubacteriales	Clostridia	Firmicutes	Bacteria	k__Bacteria|p__Firmicutes|c__Clostridia|o__Eubacteriales|f__Oscillospiraceae|g__Oscillospiraceae_unclassified|s__Ruminococcaceae_bacterium_UBA1375
GGB9614_SGB15049	GGB9614	Oscillospiraceae	Eubacteriales	Clostridia	Firmicutes	Bacteria	k__Bacteria|p__Firmicutes|c__Clostridia|o__Eubacteriales|f__Oscillospiraceae|g__GGB9614|s__GGB9614_SGB15049
GGB3538_SGB4728	GGB3538	Lachnospiraceae	Eubacteriales	Clostridia	Firmicutes	Bacteria	k__Bacteria|p__Firmicutes|c__Clostridia|o__Eubacteriales|f__Lachnospiraceae|g__GGB3538|s__GGB3538_SGB4728
Coprococcus_SGB4669	Coprococcus	Lachnospiraceae	Eubacteriales	Clostridia	Firmicutes	Bacteria	k__Bacteria|p__Firmicutes|c__Clostridia|o__Eubacteriales|f__Lachnospiraceae|g__Coprococcus|s__Coprococcus_SGB4669
Massilistercora_timonensis	Massilistercora	Eubacteriales_unclassified	Eubacteriales	Clostridia	Firmicutes	Bacteria	k__Bacteria|p__Firmicutes|c__Clostridia|o__Eubacteriales|f__Eubacteriales_unclassified|g__Massilistercora|s__Massilistercora_timonensis
GGB9581_SGB79823	GGB9581	Clostridia_unclassified	Clostridia_unclassified	Clostridia	Firmicutes	Bacteria	k__Bacteria|p__Firmicutes|c__Clostridia|o__Clostridia_unclassified|f__Clostridia_unclassified|g__GGB9581|s__GGB9581_SGB79823
Eubacteriales_unclassified_SGB15150	Eubacteriales_unclassified	Eubacteriales_unclassified	Eubacteriales	Clostridia	Firmicutes	Bacteria	k__Bacteria|p__Firmicutes|c__Clostridia|o__Eubacteriales|f__Eubacteriales_unclassified|g__Eubacteriales_unclassified|s__Eubacteriales_unclassified_SGB15150
Bacteroides_stercorirosoris	Bacteroides	Bacteroidaceae	Bacteroidales	Bacteroidia	Bacteroidetes	Bacteria	k__Bacteria|p__Bacteroidetes|c__Bacteroidia|o__Bacteroidales|f__Bacteroidaceae|g__Bacteroides|s__Bacteroides_stercorirosoris
GGB28474_SGB41058	GGB28474	FGB9536	OFGB9536	CFGB9536	Firmicutes	Bacteria	k__Bacteria|p__Firmicutes|c__CFGB9536|o__OFGB9536|f__FGB9536|g__GGB28474|s__GGB28474_SGB41058
Fournierella_massiliensis	Fournierella	Oscillospiraceae	Eubacteriales	Clostridia	Firmicutes	Bacteria	k__Bacteria|p__Firmicutes|c__Clostridia|o__Eubacteriales|f__Oscillospiraceae|g__Fournierella|s__Fournierella_massiliensis
Bifidobacterium_pseudolongum	Bifidobacterium	Bifidobacteriaceae	Bifidobacteriales	Actinomycetia	Actinobacteria	Bacteria	k__Bacteria|p__Actinobacteria|c__Actinomycetia|o__Bifidobacteriales|f__Bifidobacteriaceae|g__Bifidobacterium|s__Bifidobacterium_pseudolongum
Clostridium_cadaveris	Clostridium	Clostridiaceae	Eubacteriales	Clostridia	Firmicutes	Bacteria	k__Bacteria|p__Firmicutes|c__Clostridia|o__Eubacteriales|f__Clostridiaceae|g__Clostridium|s__Clostridium_cadaveris
GGB1551_SGB2136	GGB1551	Muribaculaceae	Bacteroidales	Bacteroidia	Bacteroidetes	Bacteria	k__Bacteria|p__Bacteroidetes|c__Bacteroidia|o__Bacteroidales|f__Muribaculaceae|g__GGB1551|s__GGB1551_SGB2136
GGB9059_SGB13976	GGB9059	FGB73062	OFGB73062	CFGB73062	Firmicutes	Bacteria	k__Bacteria|p__Firmicutes|c__CFGB73062|o__OFGB73062|f__FGB73062|g__GGB9059|s__GGB9059_SGB13976
Clostridium_sp_AM58_1XD	Clostridium	Clostridiaceae	Eubacteriales	Clostridia	Firmicutes	Bacteria	k__Bacteria|p__Firmicutes|c__Clostridia|o__Eubacteriales|f__Clostridiaceae|g__Clostridium|s__Clostridium_sp_AM58_1XD
Bacteroides_caecigallinarum	Bacteroides	Bacteroidaceae	Bacteroidales	Bacteroidia	Bacteroidetes	Bacteria	k__Bacteria|p__Bacteroidetes|c__Bacteroidia|o__Bacteroidales|f__Bacteroidaceae|g__Bacteroides|s__Bacteroides_caecigallinarum
GGB9630_SGB15084	GGB9630	Oscillospiraceae	Eubacteriales	Clostridia	Firmicutes	Bacteria	k__Bacteria|p__Firmicutes|c__Clostridia|o__Eubacteriales|f__Oscillospiraceae|g__GGB9630|s__GGB9630_SGB15084
Mesosutterella_multiformis	Mesosutterella	Sutterellaceae	Burkholderiales	Betaproteobacteria	Proteobacteria	Bacteria	k__Bacteria|p__Proteobacteria|c__Betaproteobacteria|o__Burkholderiales|f__Sutterellaceae|g__Mesosutterella|s__Mesosutterella_multiformis
Phocaeicola_SGB1810	Phocaeicola	Bacteroidaceae	Bacteroidales	Bacteroidia	Bacteroidetes	Bacteria	k__Bacteria|p__Bacteroidetes|c__Bacteroidia|o__Bacteroidales|f__Bacteroidaceae|g__Phocaeicola|s__Phocaeicola_SGB1810
GGB4596_SGB6358	GGB4596	FGB1765	OFGB1765	CFGB1765	Firmicutes	Bacteria	k__Bacteria|p__Firmicutes|c__CFGB1765|o__OFGB1765|f__FGB1765|g__GGB4596|s__GGB4596_SGB6358
GGB6567_SGB9277	GGB6567	Sutterellaceae	Burkholderiales	Betaproteobacteria	Proteobacteria	Bacteria	k__Bacteria|p__Proteobacteria|c__Betaproteobacteria|o__Burkholderiales|f__Sutterellaceae|g__GGB6567|s__GGB6567_SGB9277
GGB3169_SGB4183	GGB3169	Oscillospiraceae	Eubacteriales	Clostridia	Firmicutes	Bacteria	k__Bacteria|p__Firmicutes|c__Clostridia|o__Eubacteriales|f__Oscillospiraceae|g__GGB3169|s__GGB3169_SGB4183
GGB13404_SGB14252	GGB13404	Clostridia_unclassified	Clostridia_unclassified	Clostridia	Firmicutes	Bacteria	k__Bacteria|p__Firmicutes|c__Clostridia|o__Clostridia_unclassified|f__Clostridia_unclassified|g__GGB13404|s__GGB13404_SGB14252
GGB2996_SGB3983	GGB2996	FGB1226	OFGB1226	CFGB1226	Firmicutes	Bacteria	k__Bacteria|p__Firmicutes|c__CFGB1226|o__OFGB1226|f__FGB1226|g__GGB2996|s__GGB2996_SGB3983
GGB2998_SGB3989	GGB2998	FGB1226	OFGB1226	CFGB1226	Firmicutes	Bacteria	k__Bacteria|p__Firmicutes|c__CFGB1226|o__OFGB1226|f__FGB1226|g__GGB2998|s__GGB2998_SGB3989
GGB9616_SGB15052	GGB9616	Oscillospiraceae	Eubacteriales	Clostridia	Firmicutes	Bacteria	k__Bacteria|p__Firmicutes|c__Clostridia|o__Eubacteriales|f__Oscillospiraceae|g__GGB9616|s__GGB9616_SGB15052
GGB9082_SGB14007	GGB9082	FGB2837	OFGB2837	CFGB2837	Firmicutes	Bacteria	k__Bacteria|p__Firmicutes|c__CFGB2837|o__OFGB2837|f__FGB2837|g__GGB9082|s__GGB9082_SGB14007
Candidatus_Metalachnospira_gallinarum	Candidatus_Metalachnospira	Clostridia_unclassified	Clostridia_unclassified	Clostridia	Firmicutes	Bacteria	k__Bacteria|p__Firmicutes|c__Clostridia|o__Clostridia_unclassified|f__Clostridia_unclassified|g__Candidatus_Metalachnospira|s__Candidatus_Metalachnospira_gallinarum
GGB3740_SGB5076	GGB3740	Lachnospiraceae	Eubacteriales	Clostridia	Firmicutes	Bacteria	k__Bacteria|p__Firmicutes|c__Clostridia|o__Eubacteriales|f__Lachnospiraceae|g__GGB3740|s__GGB3740_SGB5076
GGB9766_SGB15383	GGB9766	FGB38642	OFGB38642	CFGB38642	Firmicutes	Bacteria	k__Bacteria|p__Firmicutes|c__CFGB38642|o__OFGB38642|f__FGB38642|g__GGB9766|s__GGB9766_SGB15383
GGB9677_SGB53522	GGB9677	FGB3054	OFGB3054	CFGB3054	Firmicutes	Bacteria	k__Bacteria|p__Firmicutes|c__CFGB3054|o__OFGB3054|f__FGB3054|g__GGB9677|s__GGB9677_SGB53522
GGB3637_SGB4930	GGB3637	Lachnospiraceae	Eubacteriales	Clostridia	Firmicutes	Bacteria	k__Bacteria|p__Firmicutes|c__Clostridia|o__Eubacteriales|f__Lachnospiraceae|g__GGB3637|s__GGB3637_SGB4930
Eubacterium_SGB4961	Eubacterium	Eubacteriaceae	Eubacteriales	Clostridia	Firmicutes	Bacteria	k__Bacteria|p__Firmicutes|c__Clostridia|o__Eubacteriales|f__Eubacteriaceae|g__Eubacterium|s__Eubacterium_SGB4961
GGB45656_SGB72339	GGB45656	Christensenellaceae	Eubacteriales	Clostridia	Firmicutes	Bacteria	k__Bacteria|p__Firmicutes|c__Clostridia|o__Eubacteriales|f__Christensenellaceae|g__GGB45656|s__GGB45656_SGB72339
Clostridium_sp_OM07_10AC	Clostridium	Clostridiaceae	Eubacteriales	Clostridia	Firmicutes	Bacteria	k__Bacteria|p__Firmicutes|c__Clostridia|o__Eubacteriales|f__Clostridiaceae|g__Clostridium|s__Clostridium_sp_OM07_10AC
GGB9715_SGB15267	GGB9715	Oscillospiraceae	Eubacteriales	Clostridia	Firmicutes	Bacteria	k__Bacteria|p__Firmicutes|c__Clostridia|o__Eubacteriales|f__Oscillospiraceae|g__GGB9715|s__GGB9715_SGB15267
Coprococcus_SGB26904	Coprococcus	Lachnospiraceae	Eubacteriales	Clostridia	Firmicutes	Bacteria	k__Bacteria|p__Firmicutes|c__Clostridia|o__Eubacteriales|f__Lachnospiraceae|g__Coprococcus|s__Coprococcus_SGB26904
GGB4608_SGB6382	GGB4608	FGB72899	OFGB72899	CFGB72899	Firmicutes	Bacteria	k__Bacteria|p__Firmicutes|c__CFGB72899|o__OFGB72899|f__FGB72899|g__GGB4608|s__GGB4608_SGB6382
GGB4651_SGB6438	GGB4651	FGB9119	OFGB9119	CFGB9119	Firmicutes	Bacteria	k__Bacteria|p__Firmicutes|c__CFGB9119|o__OFGB9119|f__FGB9119|g__GGB4651|s__GGB4651_SGB6438
GGB3616_SGB4888	GGB3616	Lachnospiraceae	Eubacteriales	Clostridia	Firmicutes	Bacteria	k__Bacteria|p__Firmicutes|c__Clostridia|o__Eubacteriales|f__Lachnospiraceae|g__GGB3616|s__GGB3616_SGB4888
Oscillospiraceae_bacterium_N12	Oscillospiraceae_unclassified	Oscillospiraceae	Eubacteriales	Clostridia	Firmicutes	Bacteria	k__Bacteria|p__Firmicutes|c__Clostridia|o__Eubacteriales|f__Oscillospiraceae|g__Oscillospiraceae_unclassified|s__Oscillospiraceae_bacterium_N12
GGB9616_SGB15051	GGB9616	Oscillospiraceae	Eubacteriales	Clostridia	Firmicutes	Bacteria	k__Bacteria|p__Firmicutes|c__Clostridia|o__Eubacteriales|f__Oscillospiraceae|g__GGB9616|s__GGB9616_SGB15051
GGB3126_SGB4139	GGB3126	FGB4616	OFGB4616	CFGB4616	Firmicutes	Bacteria	k__Bacteria|p__Firmicutes|c__CFGB4616|o__OFGB4616|f__FGB4616|g__GGB3126|s__GGB3126_SGB4139
GGB3619_SGB4894	GGB3619	Lachnospiraceae	Eubacteriales	Clostridia	Firmicutes	Bacteria	k__Bacteria|p__Firmicutes|c__Clostridia|o__Eubacteriales|f__Lachnospiraceae|g__GGB3619|s__GGB3619_SGB4894
Alistipes_senegalensis	Alistipes	Rikenellaceae	Bacteroidales	Bacteroidia	Bacteroidetes	Bacteria	k__Bacteria|p__Bacteroidetes|c__Bacteroidia|o__Bacteroidales|f__Rikenellaceae|g__Alistipes|s__Alistipes_senegalensis
GGB9595_SGB15018	GGB9595	FGB3035	OFGB3035	CFGB3035	Firmicutes	Bacteria	k__Bacteria|p__Firmicutes|c__CFGB3035|o__OFGB3035|f__FGB3035|g__GGB9595|s__GGB9595_SGB15018
Ruminococcaceae_bacterium_AM28_23LB	Oscillospiraceae_unclassified	Oscillospiraceae	Eubacteriales	Clostridia	Firmicutes	Bacteria	k__Bacteria|p__Firmicutes|c__Clostridia|o__Eubacteriales|f__Oscillospiraceae|g__Oscillospiraceae_unclassified|s__Ruminococcaceae_bacterium_AM28_23LB
GGB4749_SGB6578	GGB4749	FGB1787	OFGB1787	CFGB1787	Tenericutes	Bacteria	k__Bacteria|p__Tenericutes|c__CFGB1787|o__OFGB1787|f__FGB1787|g__GGB4749|s__GGB4749_SGB6578
GGB9499_SGB72735	GGB9499	FGB3022	OFGB3022	CFGB3022	Firmicutes	Bacteria	k__Bacteria|p__Firmicutes|c__CFGB3022|o__OFGB3022|f__FGB3022|g__GGB9499|s__GGB9499_SGB72735
GGB9627_SGB15081	GGB9627	Oscillospiraceae	Eubacteriales	Clostridia	Firmicutes	Bacteria	k__Bacteria|p__Firmicutes|c__Clostridia|o__Eubacteriales|f__Oscillospiraceae|g__GGB9627|s__GGB9627_SGB15081
GGB3034_SGB4030	GGB3034	FGB1249	OFGB1249	CFGB1249	Firmicutes	Bacteria	k__Bacteria|p__Firmicutes|c__CFGB1249|o__OFGB1249|f__FGB1249|g__GGB3034|s__GGB3034_SGB4030
Alistipes_dispar	Alistipes	Rikenellaceae	Bacteroidales	Bacteroidia	Bacteroidetes	Bacteria	k__Bacteria|p__Bacteroidetes|c__Bacteroidia|o__Bacteroidales|f__Rikenellaceae|g__Alistipes|s__Alistipes_dispar
Gemmiger_SGB15295	Gemmiger	Eubacteriales_unclassified	Eubacteriales	Clostridia	Firmicutes	Bacteria	k__Bacteria|p__Firmicutes|c__Clostridia|o__Eubacteriales|f__Eubacteriales_unclassified|g__Gemmiger|s__Gemmiger_SGB15295
GGB3061_SGB4063	GGB3061	FGB1262	OFGB1262	CFGB1262	Firmicutes	Bacteria	k__Bacteria|p__Firmicutes|c__CFGB1262|o__OFGB1262|f__FGB1262|g__GGB3061|s__GGB3061_SGB4063
Blautia_stercoris	Blautia	Lachnospiraceae	Eubacteriales	Clostridia	Firmicutes	Bacteria	k__Bacteria|p__Firmicutes|c__Clostridia|o__Eubacteriales|f__Lachnospiraceae|g__Blautia|s__Blautia_stercoris
Clostridiaceae_bacterium_Marseille_Q3526	Clostridiaceae_unclassified	Clostridiaceae	Eubacteriales	Clostridia	Firmicutes	Bacteria	k__Bacteria|p__Firmicutes|c__Clostridia|o__Eubacteriales|f__Clostridiaceae|g__Clostridiaceae_unclassified|s__Clostridiaceae_bacterium_Marseille_Q3526
Candidatus_Allochristensenella_caecavium	Candidatus_Allochristensenella	Clostridia_unclassified	Clostridia_unclassified	Clostridia	Firmicutes	Bacteria	k__Bacteria|p__Firmicutes|c__Clostridia|o__Clostridia_unclassified|f__Clostridia_unclassified|g__Candidatus_Allochristensenella|s__Candidatus_Allochristensenella_caecavium
GGB9640_SGB15115	GGB9640	Oscillospiraceae	Eubacteriales	Clostridia	Firmicutes	Bacteria	k__Bacteria|p__Firmicutes|c__Clostridia|o__Eubacteriales|f__Oscillospiraceae|g__GGB9640|s__GGB9640_SGB15115
GGB9739_SGB15313	GGB9739	Oscillospiraceae	Eubacteriales	Clostridia	Firmicutes	Bacteria	k__Bacteria|p__Firmicutes|c__Clostridia|o__Eubacteriales|f__Oscillospiraceae|g__GGB9739|s__GGB9739_SGB15313
Lactococcus_cremoris	Lactococcus	Streptococcaceae	Lactobacillales	Bacilli	Firmicutes	Bacteria	k__Bacteria|p__Firmicutes|c__Bacilli|o__Lactobacillales|f__Streptococcaceae|g__Lactococcus|s__Lactococcus_cremoris
Bacteroides_SGB63885	Bacteroides	Bacteroidaceae	Bacteroidales	Bacteroidia	Bacteroidetes	Bacteria	k__Bacteria|p__Bacteroidetes|c__Bacteroidia|o__Bacteroidales|f__Bacteroidaceae|g__Bacteroides|s__Bacteroides_SGB63885
Holdemanella_porci	Holdemanella	Erysipelotrichaceae	Erysipelotrichales	Erysipelotrichia	Firmicutes	Bacteria	k__Bacteria|p__Firmicutes|c__Erysipelotrichia|o__Erysipelotrichales|f__Erysipelotrichaceae|g__Holdemanella|s__Holdemanella_porci
GGB3548_SGB4744	GGB3548	FGB74538	OFGB74538	CFGB74538	Firmicutes	Bacteria	k__Bacteria|p__Firmicutes|c__CFGB74538|o__OFGB74538|f__FGB74538|g__GGB3548|s__GGB3548_SGB4744
GGB3257_SGB4304	GGB3257	FGB74686	OFGB74686	CFGB74686	Firmicutes	Bacteria	k__Bacteria|p__Firmicutes|c__CFGB74686|o__OFGB74686|f__FGB74686|g__GGB3257|s__GGB3257_SGB4304
Dorea_phocaeensis	Dorea	Lachnospiraceae	Eubacteriales	Clostridia	Firmicutes	Bacteria	k__Bacteria|p__Firmicutes|c__Clostridia|o__Eubacteriales|f__Lachnospiraceae|g__Dorea|s__Dorea_phocaeensis
Butyricicoccus_sp_AM29_23AC	Butyricicoccus	Clostridiaceae	Eubacteriales	Clostridia	Firmicutes	Bacteria	k__Bacteria|p__Firmicutes|c__Clostridia|o__Eubacteriales|f__Clostridiaceae|g__Butyricicoccus|s__Butyricicoccus_sp_AM29_23AC
GGB3433_SGB4574	GGB3433	Lachnospiraceae	Eubacteriales	Clostridia	Firmicutes	Bacteria	k__Bacteria|p__Firmicutes|c__Clostridia|o__Eubacteriales|f__Lachnospiraceae|g__GGB3433|s__GGB3433_SGB4574
Rikenellaceae_bacterium	Rikenellaceae_unclassified	Rikenellaceae	Bacteroidales	Bacteroidia	Bacteroidetes	Bacteria	k__Bacteria|p__Bacteroidetes|c__Bacteroidia|o__Bacteroidales|f__Rikenellaceae|g__Rikenellaceae_unclassified|s__Rikenellaceae_bacterium
Megamonas_funiformis	Megamonas	Selenomonadaceae	Selenomonadales	Negativicutes	Firmicutes	Bacteria	k__Bacteria|p__Firmicutes|c__Negativicutes|o__Selenomonadales|f__Selenomonadaceae|g__Megamonas|s__Megamonas_funiformis
GGB9747_SGB15356	GGB9747	FGB3062	OFGB3062	CFGB3062	Firmicutes	Bacteria	k__Bacteria|p__Firmicutes|c__CFGB3062|o__OFGB3062|f__FGB3062|g__GGB9747|s__GGB9747_SGB15356
GGB9060_SGB13977	GGB9060	FGB2834	OFGB2834	CFGB2834	Firmicutes	Bacteria	k__Bacteria|p__Firmicutes|c__CFGB2834|o__OFGB2834|f__FGB2834|g__GGB9060|s__GGB9060_SGB13977
Alistipes_timonensis	Alistipes	Rikenellaceae	Bacteroidales	Bacteroidia	Bacteroidetes	Bacteria	k__Bacteria|p__Bacteroidetes|c__Bacteroidia|o__Bacteroidales|f__Rikenellaceae|g__Alistipes|s__Alistipes_timonensis
GGB3345_SGB4425	GGB3345	Oscillospiraceae	Eubacteriales	Clostridia	Firmicutes	Bacteria	k__Bacteria|p__Firmicutes|c__Clostridia|o__Eubacteriales|f__Oscillospiraceae|g__GGB3345|s__GGB3345_SGB4425
GGB9635_SGB15103	GGB9635	Oscillospiraceae	Eubacteriales	Clostridia	Firmicutes	Bacteria	k__Bacteria|p__Firmicutes|c__Clostridia|o__Eubacteriales|f__Oscillospiraceae|g__GGB9635|s__GGB9635_SGB15103
GGB9266_SGB14215	GGB9266	FGB2936	OFGB2936	CFGB2936	Firmicutes	Bacteria	k__Bacteria|p__Firmicutes|c__CFGB2936|o__OFGB2936|f__FGB2936|g__GGB9266|s__GGB9266_SGB14215
GGB9064_SGB13983	GGB9064	FGB2834	OFGB2834	CFGB2834	Firmicutes	Bacteria	k__Bacteria|p__Firmicutes|c__CFGB2834|o__OFGB2834|f__FGB2834|g__GGB9064|s__GGB9064_SGB13983
GGB1331_SGB1787	GGB1331	Odoribacteraceae	Bacteroidales	Bacteroidia	Bacteroidetes	Bacteria	k__Bacteria|p__Bacteroidetes|c__Bacteroidia|o__Bacteroidales|f__Odoribacteraceae|g__GGB1331|s__GGB1331_SGB1787
Odoribacter_laneus	Odoribacter	Odoribacteraceae	Bacteroidales	Bacteroidia	Bacteroidetes	Bacteria	k__Bacteria|p__Bacteroidetes|c__Bacteroidia|o__Bacteroidales|f__Odoribacteraceae|g__Odoribacter|s__Odoribacter_laneus
Bacteroides_congonensis	Bacteroides	Bacteroidaceae	Bacteroidales	Bacteroidia	Bacteroidetes	Bacteria	k__Bacteria|p__Bacteroidetes|c__Bacteroidia|o__Bacteroidales|f__Bacteroidaceae|g__Bacteroides|s__Bacteroides_congonensis
Akkermansia_sp_KLE1798	Akkermansia	Akkermansiaceae	Verrucomicrobiales	Verrucomicrobiae	Verrucomicrobia	Bacteria	k__Bacteria|p__Verrucomicrobia|c__Verrucomicrobiae|o__Verrucomicrobiales|f__Akkermansiaceae|g__Akkermansia|s__Akkermansia_sp_KLE1798
GGB3058_SGB4060	GGB3058	FGB1260	OFGB1260	CFGB1260	Firmicutes	Bacteria	k__Bacteria|p__Firmicutes|c__CFGB1260|o__OFGB1260|f__FGB1260|g__GGB3058|s__GGB3058_SGB4060
GGB9189_SGB14128	GGB9189	FGB2881	OFGB2881	CFGB2881	Firmicutes	Bacteria	k__Bacteria|p__Firmicutes|c__CFGB2881|o__OFGB2881|f__FGB2881|g__GGB9189|s__GGB9189_SGB14128
GGB9708_SGB15233	GGB9708	Oscillospiraceae	Eubacteriales	Clostridia	Firmicutes	Bacteria	k__Bacteria|p__Firmicutes|c__Clostridia|o__Eubacteriales|f__Oscillospiraceae|g__GGB9708|s__GGB9708_SGB15233
GGB9271_SGB14223	GGB9271	FGB2937	OFGB2937	CFGB2937	Firmicutes	Bacteria	k__Bacteria|p__Firmicutes|c__CFGB2937|o__OFGB2937|f__FGB2937|g__GGB9271|s__GGB9271_SGB14223
Blautia_luti	Blautia	Lachnospiraceae	Eubacteriales	Clostridia	Firmicutes	Bacteria	k__Bacteria|p__Firmicutes|c__Clostridia|o__Eubacteriales|f__Lachnospiraceae|g__Blautia|s__Blautia_luti
Faecalibacillus_faecis	Faecalibacillus	Erysipelotrichaceae	Erysipelotrichales	Erysipelotrichia	Firmicutes	Bacteria	k__Bacteria|p__Firmicutes|c__Erysipelotrichia|o__Erysipelotrichales|f__Erysipelotrichaceae|g__Faecalibacillus|s__Faecalibacillus_faecis
GGB2652_SGB3573	GGB2652	FGB1011	OFGB1011	CFGB1011	Firmicutes	Bacteria	k__Bacteria|p__Firmicutes|c__CFGB1011|o__OFGB1011|f__FGB1011|g__GGB2652|s__GGB2652_SGB3573
GGB3730_SGB5060	GGB3730	FGB1473	OFGB1473	CFGB1473	Firmicutes	Bacteria	k__Bacteria|p__Firmicutes|c__CFGB1473|o__OFGB1473|f__FGB1473|g__GGB3730|s__GGB3730_SGB5060
GGB13818_SGB6606	GGB13818	FGB1800	OFGB1800	CFGB1800	Firmicutes	Bacteria	k__Bacteria|p__Firmicutes|c__CFGB1800|o__OFGB1800|f__FGB1800|g__GGB13818|s__GGB13818_SGB6606
GGB9590_SGB15012	GGB9590	FGB3035	OFGB3035	CFGB3035	Firmicutes	Bacteria	k__Bacteria|p__Firmicutes|c__CFGB3035|o__OFGB3035|f__FGB3035|g__GGB9590|s__GGB9590_SGB15012
GGB36267_SGB14177	GGB36267	FGB2915	OFGB2915	CFGB2915	Firmicutes	Bacteria	k__Bacteria|p__Firmicutes|c__CFGB2915|o__OFGB2915|f__FGB2915|g__GGB36267|s__GGB36267_SGB14177
GGB3815_SGB5180	GGB3815	Clostridia_unclassified	Clostridia_unclassified	Clostridia	Firmicutes	Bacteria	k__Bacteria|p__Firmicutes|c__Clostridia|o__Clostridia_unclassified|f__Clostridia_unclassified|g__GGB3815|s__GGB3815_SGB5180
GGB52384_SGB61014	GGB52384	Desulfovibrionaceae	Desulfovibrionales	Deltaproteobacteria	Proteobacteria	Bacteria	k__Bacteria|p__Proteobacteria|c__Deltaproteobacteria|o__Desulfovibrionales|f__Desulfovibrionaceae|g__GGB52384|s__GGB52384_SGB61014
GGB4599_SGB6362	GGB4599	FGB1765	OFGB1765	CFGB1765	Firmicutes	Bacteria	k__Bacteria|p__Firmicutes|c__CFGB1765|o__OFGB1765|f__FGB1765|g__GGB4599|s__GGB4599_SGB6362
GGB52930_SGB73859	GGB52930	Puniceicoccaceae	Puniceicoccales	Opitutae	Verrucomicrobia	Bacteria	k__Bacteria|p__Verrucomicrobia|c__Opitutae|o__Puniceicoccales|f__Puniceicoccaceae|g__GGB52930|s__GGB52930_SGB73859
GGB9347_SGB14313	GGB9347	FGB2984	OFGB2984	CFGB2984	Firmicutes	Bacteria	k__Bacteria|p__Firmicutes|c__CFGB2984|o__OFGB2984|f__FGB2984|g__GGB9347|s__GGB9347_SGB14313
GGB9198_SGB14137	GGB9198	Clostridia_unclassified	Clostridia_unclassified	Clostridia	Firmicutes	Bacteria	k__Bacteria|p__Firmicutes|c__Clostridia|o__Clostridia_unclassified|f__Clostridia_unclassified|g__GGB9198|s__GGB9198_SGB14137
Blautia_sp_OF03_15BH	Blautia	Lachnospiraceae	Eubacteriales	Clostridia	Firmicutes	Bacteria	k__Bacteria|p__Firmicutes|c__Clostridia|o__Eubacteriales|f__Lachnospiraceae|g__Blautia|s__Blautia_sp_OF03_15BH
GGB51884_SGB49168	GGB51884	FGB32970	OFGB32970	CFGB32970	Firmicutes	Bacteria	k__Bacteria|p__Firmicutes|c__CFGB32970|o__OFGB32970|f__FGB32970|g__GGB51884|s__GGB51884_SGB49168
Clostridiales_Family_XIII_bacterium_BX16	Eubacteriales_Family_XIII_Incertae_Sedis_unclassified	Eubacteriales_Family_XIII_Incertae_Sedis	Eubacteriales	Clostridia	Firmicutes	Bacteria	k__Bacteria|p__Firmicutes|c__Clostridia|o__Eubacteriales|f__Eubacteriales_Family_XIII_Incertae_Sedis|g__Eubacteriales_Family_XIII_Incertae_Sedis_unclassified|s__Clostridiales_Family_XIII_bacterium_BX16
GGB9759_SGB15370	GGB9759	Eubacteriales_unclassified	Eubacteriales	Clostridia	Firmicutes	Bacteria	k__Bacteria|p__Firmicutes|c__Clostridia|o__Eubacteriales|f__Eubacteriales_unclassified|g__GGB9759|s__GGB9759_SGB15370
Blautia_faecicola	Blautia	Lachnospiraceae	Eubacteriales	Clostridia	Firmicutes	Bacteria	k__Bacteria|p__Firmicutes|c__Clostridia|o__Eubacteriales|f__Lachnospiraceae|g__Blautia|s__Blautia_faecicola
Clostridiaceae_bacterium_NSJ_31	Clostridiaceae_unclassified	Clostridiaceae	Eubacteriales	Clostridia	Firmicutes	Bacteria	k__Bacteria|p__Firmicutes|c__Clostridia|o__Eubacteriales|f__Clostridiaceae|g__Clostridiaceae_unclassified|s__Clostridiaceae_bacterium_NSJ_31
Intestinimonas_gabonensis	Intestinimonas	Eubacteriales_unclassified	Eubacteriales	Clostridia	Firmicutes	Bacteria	k__Bacteria|p__Firmicutes|c__Clostridia|o__Eubacteriales|f__Eubacteriales_unclassified|g__Intestinimonas|s__Intestinimonas_gabonensis
GGB9730_SGB15291	GGB9730	Oscillospiraceae	Eubacteriales	Clostridia	Firmicutes	Bacteria	k__Bacteria|p__Firmicutes|c__Clostridia|o__Eubacteriales|f__Oscillospiraceae|g__GGB9730|s__GGB9730_SGB15291
GGB9608_SGB15041	GGB9608	Oscillospiraceae	Eubacteriales	Clostridia	Firmicutes	Bacteria	k__Bacteria|p__Firmicutes|c__Clostridia|o__Eubacteriales|f__Oscillospiraceae|g__GGB9608|s__GGB9608_SGB15041
GGB51441_SGB71759	GGB51441	Lachnospiraceae	Eubacteriales	Clostridia	Firmicutes	Bacteria	k__Bacteria|p__Firmicutes|c__Clostridia|o__Eubacteriales|f__Lachnospiraceae|g__GGB51441|s__GGB51441_SGB71759
Eubacteriales_unclassified_SGB62935	Eubacteriales_unclassified	Eubacteriales_unclassified	Eubacteriales	Clostridia	Firmicutes	Bacteria	k__Bacteria|p__Firmicutes|c__Clostridia|o__Eubacteriales|f__Eubacteriales_unclassified|g__Eubacteriales_unclassified|s__Eubacteriales_unclassified_SGB62935
GGB3474_SGB4637	GGB3474	Lachnospiraceae	Eubacteriales	Clostridia	Firmicutes	Bacteria	k__Bacteria|p__Firmicutes|c__Clostridia|o__Eubacteriales|f__Lachnospiraceae|g__GGB3474|s__GGB3474_SGB4637
GGB3118_SGB4130	GGB3118	FGB1298	OFGB1298	CFGB1298	Firmicutes	Bacteria	k__Bacteria|p__Firmicutes|c__CFGB1298|o__OFGB1298|f__FGB1298|g__GGB3118|s__GGB3118_SGB4130
Oscillospiraceae_bacterium_NSJ_64	Oscillospiraceae_unclassified	Oscillospiraceae	Eubacteriales	Clostridia	Firmicutes	Bacteria	k__Bacteria|p__Firmicutes|c__Clostridia|o__Eubacteriales|f__Oscillospiraceae|g__Oscillospiraceae_unclassified|s__Oscillospiraceae_bacterium_NSJ_64
GGB9767_SGB15385	GGB9767	FGB3069	OFGB3069	CFGB3069	Firmicutes	Bacteria	k__Bacteria|p__Firmicutes|c__CFGB3069|o__OFGB3069|f__FGB3069|g__GGB9767|s__GGB9767_SGB15385
Anaerotruncus_rubiinfantis	Anaerotruncus	Oscillospiraceae	Eubacteriales	Clostridia	Firmicutes	Bacteria	k__Bacteria|p__Firmicutes|c__Clostridia|o__Eubacteriales|f__Oscillospiraceae|g__Anaerotruncus|s__Anaerotruncus_rubiinfantis
GGB3001_SGB3992	GGB3001	FGB1227	OFGB1227	CFGB1227	Firmicutes	Bacteria	k__Bacteria|p__Firmicutes|c__CFGB1227|o__OFGB1227|f__FGB1227|g__GGB3001|s__GGB3001_SGB3992
Lachnospiraceae_bacterium_NSJ_46	Lachnospiraceae_unclassified	Lachnospiraceae	Eubacteriales	Clostridia	Firmicutes	Bacteria	k__Bacteria|p__Firmicutes|c__Clostridia|o__Eubacteriales|f__Lachnospiraceae|g__Lachnospiraceae_unclassified|s__Lachnospiraceae_bacterium_NSJ_46
GGB9091_SGB14020	GGB9091	FGB2840	OFGB2840	CFGB2840	Firmicutes	Bacteria	k__Bacteria|p__Firmicutes|c__CFGB2840|o__OFGB2840|f__FGB2840|g__GGB9091|s__GGB9091_SGB14020
GGB3588_SGB4808	GGB3588	Lachnospiraceae	Eubacteriales	Clostridia	Firmicutes	Bacteria	k__Bacteria|p__Firmicutes|c__Clostridia|o__Eubacteriales|f__Lachnospiraceae|g__GGB3588|s__GGB3588_SGB4808
Clostridiales_bacterium_NSJ_40	Eubacteriales_unclassified	Eubacteriales_unclassified	Eubacteriales	Clostridia	Firmicutes	Bacteria	k__Bacteria|p__Firmicutes|c__Clostridia|o__Eubacteriales|f__Eubacteriales_unclassified|g__Eubacteriales_unclassified|s__Clostridiales_bacterium_NSJ_40
GGB3818_SGB5183	GGB3818	Clostridia_unclassified	Clostridia_unclassified	Clostridia	Firmicutes	Bacteria	k__Bacteria|p__Firmicutes|c__Clostridia|o__Clostridia_unclassified|f__Clostridia_unclassified|g__GGB3818|s__GGB3818_SGB5183
Massilimicrobiota_sp_An134	Massilimicrobiota	Erysipelotrichaceae	Erysipelotrichales	Erysipelotrichia	Firmicutes	Bacteria	k__Bacteria|p__Firmicutes|c__Erysipelotrichia|o__Erysipelotrichales|f__Erysipelotrichaceae|g__Massilimicrobiota|s__Massilimicrobiota_sp_An134
Candidatus_Pseudobutyricicoccus_lothianensis	Candidatus_Pseudobutyricicoccus	Clostridia_unclassified	Clostridia_unclassified	Clostridia	Firmicutes	Bacteria	k__Bacteria|p__Firmicutes|c__Clostridia|o__Clostridia_unclassified|f__Clostridia_unclassified|g__Candidatus_Pseudobutyricicoccus|s__Candidatus_Pseudobutyricicoccus_lothianensis
Mogibacterium_sp_NSJ_24	Mogibacterium	Eubacteriales_Family_XIII_Incertae_Sedis	Eubacteriales	Clostridia	Firmicutes	Bacteria	k__Bacteria|p__Firmicutes|c__Clostridia|o__Eubacteriales|f__Eubacteriales_Family_XIII_Incertae_Sedis|g__Mogibacterium|s__Mogibacterium_sp_NSJ_24
GGB3497_SGB4672	GGB3497	Lachnospiraceae	Eubacteriales	Clostridia	Firmicutes	Bacteria	k__Bacteria|p__Firmicutes|c__Clostridia|o__Eubacteriales|f__Lachnospiraceae|g__GGB3497|s__GGB3497_SGB4672
Amedibacillus_dolichus	Amedibacillus	Erysipelotrichaceae	Erysipelotrichales	Erysipelotrichia	Firmicutes	Bacteria	k__Bacteria|p__Firmicutes|c__Erysipelotrichia|o__Erysipelotrichales|f__Erysipelotrichaceae|g__Amedibacillus|s__Amedibacillus_dolichus
GGB6610_SGB9344	GGB6610	FGB2404	OFGB2404	CFGB2404	Proteobacteria	Bacteria	k__Bacteria|p__Proteobacteria|c__CFGB2404|o__OFGB2404|f__FGB2404|g__GGB6610|s__GGB6610_SGB9344
GGB6007_SGB8633	GGB6007	FGB2107	OFGB2107	CFGB2107	Candidatus_Melainabacteria	Bacteria	k__Bacteria|p__Candidatus_Melainabacteria|c__CFGB2107|o__OFGB2107|f__FGB2107|g__GGB6007|s__GGB6007_SGB8633
Desulfovibrio_desulfuricans	Desulfovibrio	Desulfovibrionaceae	Desulfovibrionales	Deltaproteobacteria	Proteobacteria	Bacteria	k__Bacteria|p__Proteobacteria|c__Deltaproteobacteria|o__Desulfovibrionales|f__Desulfovibrionaceae|g__Desulfovibrio|s__Desulfovibrio_desulfuricans
Collinsella_tanakaei	Collinsella	Coriobacteriaceae	Coriobacteriales	Coriobacteriia	Actinobacteria	Bacteria	k__Bacteria|p__Actinobacteria|c__Coriobacteriia|o__Coriobacteriales|f__Coriobacteriaceae|g__Collinsella|s__Collinsella_tanakaei
GGB9719_SGB15273	GGB9719	Oscillospiraceae	Eubacteriales	Clostridia	Firmicutes	Bacteria	k__Bacteria|p__Firmicutes|c__Clostridia|o__Eubacteriales|f__Oscillospiraceae|g__GGB9719|s__GGB9719_SGB15273
Ruminococcus_sp_AF41_9	Ruminococcus	Oscillospiraceae	Eubacteriales	Clostridia	Firmicutes	Bacteria	k__Bacteria|p__Firmicutes|c__Clostridia|o__Eubacteriales|f__Oscillospiraceae|g__Ruminococcus|s__Ruminococcus_sp_AF41_9
GGB9290_SGB14247	GGB9290	FGB2949	OFGB2949	CFGB2949	Firmicutes	Bacteria	k__Bacteria|p__Firmicutes|c__CFGB2949|o__OFGB2949|f__FGB2949|g__GGB9290|s__GGB9290_SGB14247
GGB9365_SGB14342	GGB9365	FGB2989	OFGB2989	CFGB2989	Bacteria_unclassified	Bacteria	k__Bacteria|p__Bacteria_unclassified|c__CFGB2989|o__OFGB2989|f__FGB2989|g__GGB9365|s__GGB9365_SGB14342
Blautia_schinkii	Blautia	Lachnospiraceae	Eubacteriales	Clostridia	Firmicutes	Bacteria	k__Bacteria|p__Firmicutes|c__Clostridia|o__Eubacteriales|f__Lachnospiraceae|g__Blautia|s__Blautia_schinkii
GGB3341_SGB4420	GGB3341	Oscillospiraceae	Eubacteriales	Clostridia	Firmicutes	Bacteria	k__Bacteria|p__Firmicutes|c__Clostridia|o__Eubacteriales|f__Oscillospiraceae|g__GGB3341|s__GGB3341_SGB4420
GGB4652_SGB6439	GGB4652	FGB9119	OFGB9119	CFGB9119	Firmicutes	Bacteria	k__Bacteria|p__Firmicutes|c__CFGB9119|o__OFGB9119|f__FGB9119|g__GGB4652|s__GGB4652_SGB6439
GGB9106_SGB54309	GGB9106	Candidatus_Borkfalkiaceae	Candidatus_Borkfalkiales	Clostridia	Firmicutes	Bacteria	k__Bacteria|p__Firmicutes|c__Clostridia|o__Candidatus_Borkfalkiales|f__Candidatus_Borkfalkiaceae|g__GGB9106|s__GGB9106_SGB54309
Clostridiales_bacterium_CHKCI006	Eubacteriales_unclassified	Eubacteriales_unclassified	Eubacteriales	Clostridia	Firmicutes	Bacteria	k__Bacteria|p__Firmicutes|c__Clostridia|o__Eubacteriales|f__Eubacteriales_unclassified|g__Eubacteriales_unclassified|s__Clostridiales_bacterium_CHKCI006
GGB9819_SGB15460	GGB9819	Desulfovibrionaceae	Desulfovibrionales	Deltaproteobacteria	Proteobacteria	Bacteria	k__Bacteria|p__Proteobacteria|c__Deltaproteobacteria|o__Desulfovibrionales|f__Desulfovibrionaceae|g__GGB9819|s__GGB9819_SGB15460
GGB74708_SGB54312	GGB74708	Candidatus_Borkfalkiaceae	Candidatus_Borkfalkiales	Clostridia	Firmicutes	Bacteria	k__Bacteria|p__Firmicutes|c__Clostridia|o__Candidatus_Borkfalkiales|f__Candidatus_Borkfalkiaceae|g__GGB74708|s__GGB74708_SGB54312
GGB52106_SGB72838	GGB52106	FGB45507	OFGB45507	CFGB45507	Firmicutes	Bacteria	k__Bacteria|p__Firmicutes|c__CFGB45507|o__OFGB45507|f__FGB45507|g__GGB52106|s__GGB52106_SGB72838
GGB3033_SGB4029	GGB3033	FGB1249	OFGB1249	CFGB1249	Firmicutes	Bacteria	k__Bacteria|p__Firmicutes|c__CFGB1249|o__OFGB1249|f__FGB1249|g__GGB3033|s__GGB3033_SGB4029
Intestinimonas_SGB15130	Intestinimonas	Eubacteriales_unclassified	Eubacteriales	Clostridia	Firmicutes	Bacteria	k__Bacteria|p__Firmicutes|c__Clostridia|o__Eubacteriales|f__Eubacteriales_unclassified|g__Intestinimonas|s__Intestinimonas_SGB15130
GGB4729_SGB6550	GGB4729	FGB9119	OFGB9119	CFGB9119	Firmicutes	Bacteria	k__Bacteria|p__Firmicutes|c__CFGB9119|o__OFGB9119|f__FGB9119|g__GGB4729|s__GGB4729_SGB6550
GGB9110_SGB14043	GGB9110	FGB2844	OFGB2844	CFGB2844	Firmicutes	Bacteria	k__Bacteria|p__Firmicutes|c__CFGB2844|o__OFGB2844|f__FGB2844|g__GGB9110|s__GGB9110_SGB14043
GGB9743_SGB15349	GGB9743	Clostridia_unclassified	Clostridia_unclassified	Clostridia	Firmicutes	Bacteria	k__Bacteria|p__Firmicutes|c__Clostridia|o__Clostridia_unclassified|f__Clostridia_unclassified|g__GGB9743|s__GGB9743_SGB15349
GGB9454_SGB14846	GGB9454	Oscillospiraceae	Eubacteriales	Clostridia	Firmicutes	Bacteria	k__Bacteria|p__Firmicutes|c__Clostridia|o__Eubacteriales|f__Oscillospiraceae|g__GGB9454|s__GGB9454_SGB14846
GGB9646_SGB15123	GGB9646	Oscillospiraceae	Eubacteriales	Clostridia	Firmicutes	Bacteria	k__Bacteria|p__Firmicutes|c__Clostridia|o__Eubacteriales|f__Oscillospiraceae|g__GGB9646|s__GGB9646_SGB15123
GGB9469_SGB14863	GGB9469	FGB3005	OFGB3005	CFGB3005	Firmicutes	Bacteria	k__Bacteria|p__Firmicutes|c__CFGB3005|o__OFGB3005|f__FGB3005|g__GGB9469|s__GGB9469_SGB14863
GGB37488_SGB54315	GGB37488	Clostridia_unclassified	Clostridia_unclassified	Clostridia	Firmicutes	Bacteria	k__Bacteria|p__Firmicutes|c__Clostridia|o__Clostridia_unclassified|f__Clostridia_unclassified|g__GGB37488|s__GGB37488_SGB54315
GGB9452_SGB14843	GGB9452	Oscillospiraceae	Eubacteriales	Clostridia	Firmicutes	Bacteria	k__Bacteria|p__Firmicutes|c__Clostridia|o__Eubacteriales|f__Oscillospiraceae|g__GGB9452|s__GGB9452_SGB14843
GGB9695_SGB15210	GGB9695	Clostridia_unclassified	Clostridia_unclassified	Clostridia	Firmicutes	Bacteria	k__Bacteria|p__Firmicutes|c__Clostridia|o__Clostridia_unclassified|f__Clostridia_unclassified|g__GGB9695|s__GGB9695_SGB15210
GGB71580_SGB98325	GGB71580	FGB10021	OFGB10021	CFGB10021	Firmicutes	Bacteria	k__Bacteria|p__Firmicutes|c__CFGB10021|o__OFGB10021|f__FGB10021|g__GGB71580|s__GGB71580_SGB98325
GGB33516_SGB54324	GGB33516	FGB2834	OFGB2834	CFGB2834	Firmicutes	Bacteria	k__Bacteria|p__Firmicutes|c__CFGB2834|o__OFGB2834|f__FGB2834|g__GGB33516|s__GGB33516_SGB54324
Candidatus_Heteroclostridium_caecigallinarum	Candidatus_Heteroclostridium	Clostridia_unclassified	Clostridia_unclassified	Clostridia	Firmicutes	Bacteria	k__Bacteria|p__Firmicutes|c__Clostridia|o__Clostridia_unclassified|f__Clostridia_unclassified|g__Candidatus_Heteroclostridium|s__Candidatus_Heteroclostridium_caecigallinarum
Fusobacterium_pseudoperiodonticum	Fusobacterium	Fusobacteriaceae	Fusobacteriales	Fusobacteriia	Fusobacteria	Bacteria	k__Bacteria|p__Fusobacteria|c__Fusobacteriia|o__Fusobacteriales|f__Fusobacteriaceae|g__Fusobacterium|s__Fusobacterium_pseudoperiodonticum
Campylobacter_hominis	Campylobacter	Campylobacteraceae	Campylobacterales	Epsilonproteobacteria	Proteobacteria	Bacteria	k__Bacteria|p__Proteobacteria|c__Epsilonproteobacteria|o__Campylobacterales|f__Campylobacteraceae|g__Campylobacter|s__Campylobacter_hominis
GGB3343_SGB4423	GGB3343	Oscillospiraceae	Eubacteriales	Clostridia	Firmicutes	Bacteria	k__Bacteria|p__Firmicutes|c__Clostridia|o__Eubacteriales|f__Oscillospiraceae|g__GGB3343|s__GGB3343_SGB4423
GGB9832_SGB15478	GGB9832	Actinomycetaceae	Actinomycetales	Actinomycetia	Actinobacteria	Bacteria	k__Bacteria|p__Actinobacteria|c__Actinomycetia|o__Actinomycetales|f__Actinomycetaceae|g__GGB9832|s__GGB9832_SGB15478
Prevotella_buccalis	Prevotella	Prevotellaceae	Bacteroidales	Bacteroidia	Bacteroidetes	Bacteria	k__Bacteria|p__Bacteroidetes|c__Bacteroidia|o__Bacteroidales|f__Prevotellaceae|g__Prevotella|s__Prevotella_buccalis
Ezakiella_coagulans	Ezakiella	Tissierellia_unclassified	Tissierellia_unclassified	Tissierellia	Firmicutes	Bacteria	k__Bacteria|p__Firmicutes|c__Tissierellia|o__Tissierellia_unclassified|f__Tissierellia_unclassified|g__Ezakiella|s__Ezakiella_coagulans
Levyella_massiliensis	Levyella	Eubacteriales_unclassified	Eubacteriales	Clostridia	Firmicutes	Bacteria	k__Bacteria|p__Firmicutes|c__Clostridia|o__Eubacteriales|f__Eubacteriales_unclassified|g__Levyella|s__Levyella_massiliensis
Senegalimassilia_anaerobia	Senegalimassilia	Coriobacteriaceae	Coriobacteriales	Coriobacteriia	Actinobacteria	Bacteria	k__Bacteria|p__Actinobacteria|c__Coriobacteriia|o__Coriobacteriales|f__Coriobacteriaceae|g__Senegalimassilia|s__Senegalimassilia_anaerobia
GGB4277_SGB5832	GGB4277	Veillonellaceae	Veillonellales	Negativicutes	Firmicutes	Bacteria	k__Bacteria|p__Firmicutes|c__Negativicutes|o__Veillonellales|f__Veillonellaceae|g__GGB4277|s__GGB4277_SGB5832
Lactococcus_lactis	Lactococcus	Streptococcaceae	Lactobacillales	Bacilli	Firmicutes	Bacteria	k__Bacteria|p__Firmicutes|c__Bacilli|o__Lactobacillales|f__Streptococcaceae|g__Lactococcus|s__Lactococcus_lactis
Peptoniphilus_duerdenii	Peptoniphilus	Peptoniphilaceae	Tissierellales	Tissierellia	Firmicutes	Bacteria	k__Bacteria|p__Firmicutes|c__Tissierellia|o__Tissierellales|f__Peptoniphilaceae|g__Peptoniphilus|s__Peptoniphilus_duerdenii
Anaerostipes_hominis	Anaerostipes	Lachnospiraceae	Eubacteriales	Clostridia	Firmicutes	Bacteria	k__Bacteria|p__Firmicutes|c__Clostridia|o__Eubacteriales|f__Lachnospiraceae|g__Anaerostipes|s__Anaerostipes_hominis
Prevotella_oralis	Prevotella	Prevotellaceae	Bacteroidales	Bacteroidia	Bacteroidetes	Bacteria	k__Bacteria|p__Bacteroidetes|c__Bacteroidia|o__Bacteroidales|f__Prevotellaceae|g__Prevotella|s__Prevotella_oralis
Clostridium_SGB29100	Clostridium	Clostridiaceae	Eubacteriales	Clostridia	Firmicutes	Bacteria	k__Bacteria|p__Firmicutes|c__Clostridia|o__Eubacteriales|f__Clostridiaceae|g__Clostridium|s__Clostridium_SGB29100
Rothia_mucilaginosa	Rothia	Micrococcaceae	Micrococcales	Actinomycetia	Actinobacteria	Bacteria	k__Bacteria|p__Actinobacteria|c__Actinomycetia|o__Micrococcales|f__Micrococcaceae|g__Rothia|s__Rothia_mucilaginosa
Harryflintia_acetispora	Harryflintia	Oscillospiraceae	Eubacteriales	Clostridia	Firmicutes	Bacteria	k__Bacteria|p__Firmicutes|c__Clostridia|o__Eubacteriales|f__Oscillospiraceae|g__Harryflintia|s__Harryflintia_acetispora
Faecalicatena_orotica	Faecalicatena	Lachnospiraceae	Eubacteriales	Clostridia	Firmicutes	Bacteria	k__Bacteria|p__Firmicutes|c__Clostridia|o__Eubacteriales|f__Lachnospiraceae|g__Faecalicatena|s__Faecalicatena_orotica
GGB58158_SGB79798	GGB58158	FGB3004	OFGB3004	CFGB3004	Firmicutes	Bacteria	k__Bacteria|p__Firmicutes|c__CFGB3004|o__OFGB3004|f__FGB3004|g__GGB58158|s__GGB58158_SGB79798
Pseudomonas_aeruginosa	Pseudomonas	Pseudomonadaceae	Pseudomonadales	Gammaproteobacteria	Proteobacteria	Bacteria	k__Bacteria|p__Proteobacteria|c__Gammaproteobacteria|o__Pseudomonadales|f__Pseudomonadaceae|g__Pseudomonas|s__Pseudomonas_aeruginosa
Gleimia_europaea	Gleimia	Actinomycetaceae	Actinomycetales	Actinomycetia	Actinobacteria	Bacteria	k__Bacteria|p__Actinobacteria|c__Actinomycetia|o__Actinomycetales|f__Actinomycetaceae|g__Gleimia|s__Gleimia_europaea
Peptoniphilus_harei	Peptoniphilus	Peptoniphilaceae	Tissierellales	Tissierellia	Firmicutes	Bacteria	k__Bacteria|p__Firmicutes|c__Tissierellia|o__Tissierellales|f__Peptoniphilaceae|g__Peptoniphilus|s__Peptoniphilus_harei
GGB3614_SGB4886	GGB3614	FGB72926	OFGB72926	CFGB72926	Firmicutes	Bacteria	k__Bacteria|p__Firmicutes|c__CFGB72926|o__OFGB72926|f__FGB72926|g__GGB3614|s__GGB3614_SGB4886
Peptoniphilus_coxii	Peptoniphilus	Peptoniphilaceae	Tissierellales	Tissierellia	Firmicutes	Bacteria	k__Bacteria|p__Firmicutes|c__Tissierellia|o__Tissierellales|f__Peptoniphilaceae|g__Peptoniphilus|s__Peptoniphilus_coxii
GGB3321_SGB4394	GGB3321	FGB1359	OFGB1359	CFGB1359	Firmicutes	Bacteria	k__Bacteria|p__Firmicutes|c__CFGB1359|o__OFGB1359|f__FGB1359|g__GGB3321|s__GGB3321_SGB4394
Peptoniphilus_sp_Marseille_P3761	Peptoniphilus	Peptoniphilaceae	Tissierellales	Tissierellia	Firmicutes	Bacteria	k__Bacteria|p__Firmicutes|c__Tissierellia|o__Tissierellales|f__Peptoniphilaceae|g__Peptoniphilus|s__Peptoniphilus_sp_Marseille_P3761
Anaerococcus_obesiensis	Anaerococcus	Peptoniphilaceae	Tissierellales	Tissierellia	Firmicutes	Bacteria	k__Bacteria|p__Firmicutes|c__Tissierellia|o__Tissierellales|f__Peptoniphilaceae|g__Anaerococcus|s__Anaerococcus_obesiensis
GGB3486_SGB4658	GGB3486	Clostridiaceae	Eubacteriales	Clostridia	Firmicutes	Bacteria	k__Bacteria|p__Firmicutes|c__Clostridia|o__Eubacteriales|f__Clostridiaceae|g__GGB3486|s__GGB3486_SGB4658
Atopobium_deltae	Atopobium	Atopobiaceae	Coriobacteriales	Coriobacteriia	Actinobacteria	Bacteria	k__Bacteria|p__Actinobacteria|c__Coriobacteriia|o__Coriobacteriales|f__Atopobiaceae|g__Atopobium|s__Atopobium_deltae
GGB27106_SGB6188	GGB27106	Clostridiaceae	Eubacteriales	Clostridia	Firmicutes	Bacteria	k__Bacteria|p__Firmicutes|c__Clostridia|o__Eubacteriales|f__Clostridiaceae|g__GGB27106|s__GGB27106_SGB6188
Peptoniphilus_gorbachii	Peptoniphilus	Peptoniphilaceae	Tissierellales	Tissierellia	Firmicutes	Bacteria	k__Bacteria|p__Firmicutes|c__Tissierellia|o__Tissierellales|f__Peptoniphilaceae|g__Peptoniphilus|s__Peptoniphilus_gorbachii
GGB9545_SGB14952	GGB9545	Clostridia_unclassified	Clostridia_unclassified	Clostridia	Firmicutes	Bacteria	k__Bacteria|p__Firmicutes|c__Clostridia|o__Clostridia_unclassified|f__Clostridia_unclassified|g__GGB9545|s__GGB9545_SGB14952
Campylobacter_ureolyticus	Campylobacter	Campylobacteraceae	Campylobacterales	Epsilonproteobacteria	Proteobacteria	Bacteria	k__Bacteria|p__Proteobacteria|c__Epsilonproteobacteria|o__Campylobacterales|f__Campylobacteraceae|g__Campylobacter|s__Campylobacter_ureolyticus
GGB35068_SGB47850	GGB35068	Lachnospiraceae	Eubacteriales	Clostridia	Firmicutes	Bacteria	k__Bacteria|p__Firmicutes|c__Clostridia|o__Eubacteriales|f__Lachnospiraceae|g__GGB35068|s__GGB35068_SGB47850
Streptococcus_vestibularis	Streptococcus	Streptococcaceae	Lactobacillales	Bacilli	Firmicutes	Bacteria	k__Bacteria|p__Firmicutes|c__Bacilli|o__Lactobacillales|f__Streptococcaceae|g__Streptococcus|s__Streptococcus_vestibularis
GGB34797_SGB14322	GGB34797	FGB12107	OFGB12107	CFGB12107	Actinobacteria	Bacteria	k__Bacteria|p__Actinobacteria|c__CFGB12107|o__OFGB12107|f__FGB12107|g__GGB34797|s__GGB34797_SGB14322
GGB9642_SGB15119	GGB9642	Oscillospiraceae	Eubacteriales	Clostridia	Firmicutes	Bacteria	k__Bacteria|p__Firmicutes|c__Clostridia|o__Eubacteriales|f__Oscillospiraceae|g__GGB9642|s__GGB9642_SGB15119
Oscillospiraceae_bacterium_BX1	Oscillospiraceae_unclassified	Oscillospiraceae	Eubacteriales	Clostridia	Firmicutes	Bacteria	k__Bacteria|p__Firmicutes|c__Clostridia|o__Eubacteriales|f__Oscillospiraceae|g__Oscillospiraceae_unclassified|s__Oscillospiraceae_bacterium_BX1
Porphyromonas_bennonis	Porphyromonas	Porphyromonadaceae	Bacteroidales	Bacteroidia	Bacteroidetes	Bacteria	k__Bacteria|p__Bacteroidetes|c__Bacteroidia|o__Bacteroidales|f__Porphyromonadaceae|g__Porphyromonas|s__Porphyromonas_bennonis
Flavonifractor_sp_An100	Flavonifractor	Oscillospiraceae	Eubacteriales	Clostridia	Firmicutes	Bacteria	k__Bacteria|p__Firmicutes|c__Clostridia|o__Eubacteriales|f__Oscillospiraceae|g__Flavonifractor|s__Flavonifractor_sp_An100
Senegalimassilia_SGB14826	Senegalimassilia	Coriobacteriaceae	Coriobacteriales	Coriobacteriia	Actinobacteria	Bacteria	k__Bacteria|p__Actinobacteria|c__Coriobacteriia|o__Coriobacteriales|f__Coriobacteriaceae|g__Senegalimassilia|s__Senegalimassilia_SGB14826
Clostridiaceae_bacterium_NSJ_33	Clostridiaceae_unclassified	Clostridiaceae	Eubacteriales	Clostridia	Firmicutes	Bacteria	k__Bacteria|p__Firmicutes|c__Clostridia|o__Eubacteriales|f__Clostridiaceae|g__Clostridiaceae_unclassified|s__Clostridiaceae_bacterium_NSJ_33
GGB34900_SGB14891	GGB34900	FGB74435	OFGB74435	CFGB74435	Firmicutes	Bacteria	k__Bacteria|p__Firmicutes|c__CFGB74435|o__OFGB74435|f__FGB74435|g__GGB34900|s__GGB34900_SGB14891
GGB45497_SGB63169	GGB45497	FGB74453	OFGB74453	CFGB74453	Firmicutes	Bacteria	k__Bacteria|p__Firmicutes|c__CFGB74453|o__OFGB74453|f__FGB74453|g__GGB45497|s__GGB45497_SGB63169
Angelakisella_massiliensis	Angelakisella	Oscillospiraceae	Eubacteriales	Clostridia	Firmicutes	Bacteria	k__Bacteria|p__Firmicutes|c__Clostridia|o__Eubacteriales|f__Oscillospiraceae|g__Angelakisella|s__Angelakisella_massiliensis
Ruminococcus_sp_BSD2780120874_150323_B10	Ruminococcus	Oscillospiraceae	Eubacteriales	Clostridia	Firmicutes	Bacteria	k__Bacteria|p__Firmicutes|c__Clostridia|o__Eubacteriales|f__Oscillospiraceae|g__Ruminococcus|s__Ruminococcus_sp_BSD2780120874_150323_B10
GGB6002_SGB8625	GGB6002	FGB2107	OFGB2107	CFGB2107	Candidatus_Melainabacteria	Bacteria	k__Bacteria|p__Candidatus_Melainabacteria|c__CFGB2107|o__OFGB2107|f__FGB2107|g__GGB6002|s__GGB6002_SGB8625
GGB4571_SGB6317	GGB4571	FGB1765	OFGB1765	CFGB1765	Firmicutes	Bacteria	k__Bacteria|p__Firmicutes|c__CFGB1765|o__OFGB1765|f__FGB1765|g__GGB4571|s__GGB4571_SGB6317
Candidatus_Methanomassiliicoccus_intestinalis	Methanomassiliicoccus	Methanomassiliicoccaceae	Methanomassiliicoccales	Thermoplasmata	Candidatus_Thermoplasmatota	Archaea	k__Archaea|p__Candidatus_Thermoplasmatota|c__Thermoplasmata|o__Methanomassiliicoccales|f__Methanomassiliicoccaceae|g__Methanomassiliicoccus|s__Candidatus_Methanomassiliicoccus_intestinalis
GGB4632_SGB6411	GGB4632	FGB10299	OFGB10299	CFGB10299	Firmicutes	Bacteria	k__Bacteria|p__Firmicutes|c__CFGB10299|o__OFGB10299|f__FGB10299|g__GGB4632|s__GGB4632_SGB6411
GGB9090_SGB14019	GGB9090	Clostridia_unclassified	Clostridia_unclassified	Clostridia	Firmicutes	Bacteria	k__Bacteria|p__Firmicutes|c__Clostridia|o__Clostridia_unclassified|f__Clostridia_unclassified|g__GGB9090|s__GGB9090_SGB14019
GGB9111_SGB14044	GGB9111	FGB2844	OFGB2844	CFGB2844	Firmicutes	Bacteria	k__Bacteria|p__Firmicutes|c__CFGB2844|o__OFGB2844|f__FGB2844|g__GGB9111|s__GGB9111_SGB14044
GGB9348_SGB14315	GGB9348	FGB2985	OFGB2985	CFGB2985	Firmicutes	Bacteria	k__Bacteria|p__Firmicutes|c__CFGB2985|o__OFGB2985|f__FGB2985|g__GGB9348|s__GGB9348_SGB14315
GGB45537_SGB63217	GGB45537	Oscillospiraceae	Eubacteriales	Clostridia	Firmicutes	Bacteria	k__Bacteria|p__Firmicutes|c__Clostridia|o__Eubacteriales|f__Oscillospiraceae|g__GGB45537|s__GGB45537_SGB63217
Flavonifractor_sp_An10	Flavonifractor	Oscillospiraceae	Eubacteriales	Clostridia	Firmicutes	Bacteria	k__Bacteria|p__Firmicutes|c__Clostridia|o__Eubacteriales|f__Oscillospiraceae|g__Flavonifractor|s__Flavonifractor_sp_An10
GGB38744_SGB14842	GGB38744	Oscillospiraceae	Eubacteriales	Clostridia	Firmicutes	Bacteria	k__Bacteria|p__Firmicutes|c__Clostridia|o__Eubacteriales|f__Oscillospiraceae|g__GGB38744|s__GGB38744_SGB14842
Candidatus_Woodwardibium_gallinarum	Candidatus_Woodwardibium	Clostridia_unclassified	Clostridia_unclassified	Clostridia	Firmicutes	Bacteria	k__Bacteria|p__Firmicutes|c__Clostridia|o__Clostridia_unclassified|f__Clostridia_unclassified|g__Candidatus_Woodwardibium|s__Candidatus_Woodwardibium_gallinarum
GGB2999_SGB3990	GGB2999	FGB1227	OFGB1227	CFGB1227	Firmicutes	Bacteria	k__Bacteria|p__Firmicutes|c__CFGB1227|o__OFGB1227|f__FGB1227|g__GGB2999|s__GGB2999_SGB3990
GGB4552_SGB6276	GGB4552	FGB1765	OFGB1765	CFGB1765	Firmicutes	Bacteria	k__Bacteria|p__Firmicutes|c__CFGB1765|o__OFGB1765|f__FGB1765|g__GGB4552|s__GGB4552_SGB6276
GGB9209_SGB14148	GGB9209	FGB2897	OFGB2897	CFGB2897	Firmicutes	Bacteria	k__Bacteria|p__Firmicutes|c__CFGB2897|o__OFGB2897|f__FGB2897|g__GGB9209|s__GGB9209_SGB14148
GGB3000_SGB3991	GGB3000	FGB1227	OFGB1227	CFGB1227	Firmicutes	Bacteria	k__Bacteria|p__Firmicutes|c__CFGB1227|o__OFGB1227|f__FGB1227|g__GGB3000|s__GGB3000_SGB3991
GGB9782_SGB15403	GGB9782	FGB3072	OFGB3072	CFGB3072	Firmicutes	Bacteria	k__Bacteria|p__Firmicutes|c__CFGB3072|o__OFGB3072|f__FGB3072|g__GGB9782|s__GGB9782_SGB15403
GGB9770_SGB15389	GGB9770	FGB3069	OFGB3069	CFGB3069	Firmicutes	Bacteria	k__Bacteria|p__Firmicutes|c__CFGB3069|o__OFGB3069|f__FGB3069|g__GGB9770|s__GGB9770_SGB15389
GGB9117_SGB14050	GGB9117	FGB2846	OFGB2846	CFGB2846	Firmicutes	Bacteria	k__Bacteria|p__Firmicutes|c__CFGB2846|o__OFGB2846|f__FGB2846|g__GGB9117|s__GGB9117_SGB14050
GGB3123_SGB4135	GGB3123	FGB74482	OFGB74482	CFGB74482	Firmicutes	Bacteria	k__Bacteria|p__Firmicutes|c__CFGB74482|o__OFGB74482|f__FGB74482|g__GGB3123|s__GGB3123_SGB4135
GGB9086_SGB14014	GGB9086	FGB2838	OFGB2838	CFGB2838	Firmicutes	Bacteria	k__Bacteria|p__Firmicutes|c__CFGB2838|o__OFGB2838|f__FGB2838|g__GGB9086|s__GGB9086_SGB14014
GGB9623_SGB15075	GGB9623	Oscillospiraceae	Eubacteriales	Clostridia	Firmicutes	Bacteria	k__Bacteria|p__Firmicutes|c__Clostridia|o__Eubacteriales|f__Oscillospiraceae|g__GGB9623|s__GGB9623_SGB15075
Coprobacillus_cateniformis	Coprobacillus	Coprobacillaceae	Erysipelotrichales	Erysipelotrichia	Firmicutes	Bacteria	k__Bacteria|p__Firmicutes|c__Erysipelotrichia|o__Erysipelotrichales|f__Coprobacillaceae|g__Coprobacillus|s__Coprobacillus_cateniformis
GGB9091_SGB106149	GGB9091	FGB2840	OFGB2840	CFGB2840	Firmicutes	Bacteria	k__Bacteria|p__Firmicutes|c__CFGB2840|o__OFGB2840|f__FGB2840|g__GGB9091|s__GGB9091_SGB106149
GGB9102_SGB54310	GGB9102	Candidatus_Borkfalkiaceae	Candidatus_Borkfalkiales	Clostridia	Firmicutes	Bacteria	k__Bacteria|p__Firmicutes|c__Clostridia|o__Candidatus_Borkfalkiales|f__Candidatus_Borkfalkiaceae|g__GGB9102|s__GGB9102_SGB54310
GGB9185_SGB14124	GGB9185	FGB2881	OFGB2881	CFGB2881	Firmicutes	Bacteria	k__Bacteria|p__Firmicutes|c__CFGB2881|o__OFGB2881|f__FGB2881|g__GGB9185|s__GGB9185_SGB14124
GGB3032_SGB4027	GGB3032	FGB1249	OFGB1249	CFGB1249	Firmicutes	Bacteria	k__Bacteria|p__Firmicutes|c__CFGB1249|o__OFGB1249|f__FGB1249|g__GGB3032|s__GGB3032_SGB4027
Anaerofilum_sp_An201	Anaerofilum	Oscillospiraceae	Eubacteriales	Clostridia	Firmicutes	Bacteria	k__Bacteria|p__Firmicutes|c__Clostridia|o__Eubacteriales|f__Oscillospiraceae|g__Anaerofilum|s__Anaerofilum_sp_An201
GGB4774_SGB6609	GGB4774	FGB1800	OFGB1800	CFGB1800	Firmicutes	Bacteria	k__Bacteria|p__Firmicutes|c__CFGB1800|o__OFGB1800|f__FGB1800|g__GGB4774|s__GGB4774_SGB6609
GGB45540_SGB63220	GGB45540	Oscillospiraceae	Eubacteriales	Clostridia	Firmicutes	Bacteria	k__Bacteria|p__Firmicutes|c__Clostridia|o__Eubacteriales|f__Oscillospiraceae|g__GGB45540|s__GGB45540_SGB63220
GGB9765_SGB15382	GGB9765	FGB38642	OFGB38642	CFGB38642	Firmicutes	Bacteria	k__Bacteria|p__Firmicutes|c__CFGB38642|o__OFGB38642|f__FGB38642|g__GGB9765|s__GGB9765_SGB15382
Candidatus_Flemingibacterium_merdigallinarum	Candidatus_Flemingibacterium	Clostridia_unclassified	Clostridia_unclassified	Clostridia	Firmicutes	Bacteria	k__Bacteria|p__Firmicutes|c__Clostridia|o__Clostridia_unclassified|f__Clostridia_unclassified|g__Candidatus_Flemingibacterium|s__Candidatus_Flemingibacterium_merdigallinarum
GGB35551_SGB53794	GGB35551	Clostridia_unclassified	Clostridia_unclassified	Clostridia	Firmicutes	Bacteria	k__Bacteria|p__Firmicutes|c__Clostridia|o__Clostridia_unclassified|f__Clostridia_unclassified|g__GGB35551|s__GGB35551_SGB53794
GGB9533_SGB14936	GGB9533	Clostridia_unclassified	Clostridia_unclassified	Clostridia	Firmicutes	Bacteria	k__Bacteria|p__Firmicutes|c__Clostridia|o__Clostridia_unclassified|f__Clostridia_unclassified|g__GGB9533|s__GGB9533_SGB14936
GGB9297_SGB14255	GGB9297	FGB10026	OFGB10026	CFGB10026	Firmicutes	Bacteria	k__Bacteria|p__Firmicutes|c__CFGB10026|o__OFGB10026|f__FGB10026|g__GGB9297|s__GGB9297_SGB14255
GGB6012_SGB8640	GGB6012	FGB2107	OFGB2107	CFGB2107	Candidatus_Melainabacteria	Bacteria	k__Bacteria|p__Candidatus_Melainabacteria|c__CFGB2107|o__OFGB2107|f__FGB2107|g__GGB6012|s__GGB6012_SGB8640
Ruminococcus_champanellensis	Ruminococcus	Oscillospiraceae	Eubacteriales	Clostridia	Firmicutes	Bacteria	k__Bacteria|p__Firmicutes|c__Clostridia|o__Eubacteriales|f__Oscillospiraceae|g__Ruminococcus|s__Ruminococcus_champanellensis
GGB51269_SGB5062	GGB51269	FGB1474	OFGB1474	CFGB1474	Firmicutes	Bacteria	k__Bacteria|p__Firmicutes|c__CFGB1474|o__OFGB1474|f__FGB1474|g__GGB51269|s__GGB51269_SGB5062
GGB3303_SGB4364	GGB3303	FGB1354	OFGB1354	CFGB1354	Firmicutes	Bacteria	k__Bacteria|p__Firmicutes|c__CFGB1354|o__OFGB1354|f__FGB1354|g__GGB3303|s__GGB3303_SGB4364
Candidatus_Gastranaerophilales_bacterium	Candidatus_Gastranaerophilales_unclassified	Candidatus_Gastranaerophilales_unclassified	Candidatus_Gastranaerophilales	Candidatus_Melainabacteria_unclassified	Candidatus_Melainabacteria	Bacteria	k__Bacteria|p__Candidatus_Melainabacteria|c__Candidatus_Melainabacteria_unclassified|o__Candidatus_Gastranaerophilales|f__Candidatus_Gastranaerophilales_unclassified|g__Candidatus_Gastranaerophilales_unclassified|s__Candidatus_Gastranaerophilales_bacterium
GGB6001_SGB8624	GGB6001	FGB2107	OFGB2107	CFGB2107	Candidatus_Melainabacteria	Bacteria	k__Bacteria|p__Candidatus_Melainabacteria|c__CFGB2107|o__OFGB2107|f__FGB2107|g__GGB6001|s__GGB6001_SGB8624
GGB9634_SGB15097	GGB9634	Oscillospiraceae	Eubacteriales	Clostridia	Firmicutes	Bacteria	k__Bacteria|p__Firmicutes|c__Clostridia|o__Eubacteriales|f__Oscillospiraceae|g__GGB9634|s__GGB9634_SGB15097
GGB5980_SGB8599	GGB5980	FGB2106	OFGB2106	CFGB2106	Candidatus_Melainabacteria	Bacteria	k__Bacteria|p__Candidatus_Melainabacteria|c__CFGB2106|o__OFGB2106|f__FGB2106|g__GGB5980|s__GGB5980_SGB8599
GGB4724_SGB6543	GGB4724	FGB9119	OFGB9119	CFGB9119	Firmicutes	Bacteria	k__Bacteria|p__Firmicutes|c__CFGB9119|o__OFGB9119|f__FGB9119|g__GGB4724|s__GGB4724_SGB6543
GGB4586_SGB6343	GGB4586	FGB1765	OFGB1765	CFGB1765	Firmicutes	Bacteria	k__Bacteria|p__Firmicutes|c__CFGB1765|o__OFGB1765|f__FGB1765|g__GGB4586|s__GGB4586_SGB6343
GGB9636_SGB15107	GGB9636	Oscillospiraceae	Eubacteriales	Clostridia	Firmicutes	Bacteria	k__Bacteria|p__Firmicutes|c__Clostridia|o__Eubacteriales|f__Oscillospiraceae|g__GGB9636|s__GGB9636_SGB15107
Faecalicatena_SGB4872	Faecalicatena	Lachnospiraceae	Eubacteriales	Clostridia	Firmicutes	Bacteria	k__Bacteria|p__Firmicutes|c__Clostridia|o__Eubacteriales|f__Lachnospiraceae|g__Faecalicatena|s__Faecalicatena_SGB4872
GGB9211_SGB14151	GGB9211	FGB2898	OFGB2898	CFGB2898	Firmicutes	Bacteria	k__Bacteria|p__Firmicutes|c__CFGB2898|o__OFGB2898|f__FGB2898|g__GGB9211|s__GGB9211_SGB14151
GGB4564_SGB6302	GGB4564	FGB1765	OFGB1765	CFGB1765	Firmicutes	Bacteria	k__Bacteria|p__Firmicutes|c__CFGB1765|o__OFGB1765|f__FGB1765|g__GGB4564|s__GGB4564_SGB6302
GGB4604_SGB6370	GGB4604	FGB1765	OFGB1765	CFGB1765	Firmicutes	Bacteria	k__Bacteria|p__Firmicutes|c__CFGB1765|o__OFGB1765|f__FGB1765|g__GGB4604|s__GGB4604_SGB6370
GGB42378_SGB59548	GGB42378	FGB30287	OFGB30287	CFGB30287	Firmicutes	Bacteria	k__Bacteria|p__Firmicutes|c__CFGB30287|o__OFGB30287|f__FGB30287|g__GGB42378|s__GGB42378_SGB59548
Citrobacter_braakii	Citrobacter	Enterobacteriaceae	Enterobacterales	Gammaproteobacteria	Proteobacteria	Bacteria	k__Bacteria|p__Proteobacteria|c__Gammaproteobacteria|o__Enterobacterales|f__Enterobacteriaceae|g__Citrobacter|s__Citrobacter_braakii
GGB4239_SGB5731	GGB4239	Acidaminococcaceae	Acidaminococcales	Negativicutes	Firmicutes	Bacteria	k__Bacteria|p__Firmicutes|c__Negativicutes|o__Acidaminococcales|f__Acidaminococcaceae|g__GGB4239|s__GGB4239_SGB5731
Dakarella_massiliensis	Dakarella	Sutterellaceae	Burkholderiales	Betaproteobacteria	Proteobacteria	Bacteria	k__Bacteria|p__Proteobacteria|c__Betaproteobacteria|o__Burkholderiales|f__Sutterellaceae|g__Dakarella|s__Dakarella_massiliensis
GGB9529_SGB14929	GGB9529	Clostridia_unclassified	Clostridia_unclassified	Clostridia	Firmicutes	Bacteria	k__Bacteria|p__Firmicutes|c__Clostridia|o__Clostridia_unclassified|f__Clostridia_unclassified|g__GGB9529|s__GGB9529_SGB14929
Anaerostipes_butyraticus	Anaerostipes	Lachnospiraceae	Eubacteriales	Clostridia	Firmicutes	Bacteria	k__Bacteria|p__Firmicutes|c__Clostridia|o__Eubacteriales|f__Lachnospiraceae|g__Anaerostipes|s__Anaerostipes_butyraticus
Kocuria_palustris	Kocuria	Micrococcaceae	Micrococcales	Actinomycetia	Actinobacteria	Bacteria	k__Bacteria|p__Actinobacteria|c__Actinomycetia|o__Micrococcales|f__Micrococcaceae|g__Kocuria|s__Kocuria_palustris
Pararheinheimera_mesophila	Pararheinheimera	Chromatiaceae	Chromatiales	Gammaproteobacteria	Proteobacteria	Bacteria	k__Bacteria|p__Proteobacteria|c__Gammaproteobacteria|o__Chromatiales|f__Chromatiaceae|g__Pararheinheimera|s__Pararheinheimera_mesophila
Micrococcus_lylae	Micrococcus	Micrococcaceae	Micrococcales	Actinomycetia	Actinobacteria	Bacteria	k__Bacteria|p__Actinobacteria|c__Actinomycetia|o__Micrococcales|f__Micrococcaceae|g__Micrococcus|s__Micrococcus_lylae
GGB6470_SGB9153	GGB6470	FGB2345	OFGB2345	CFGB2345	Lentisphaerae	Bacteria	k__Bacteria|p__Lentisphaerae|c__CFGB2345|o__OFGB2345|f__FGB2345|g__GGB6470|s__GGB6470_SGB9153
Bilophila_SGB15451	Bilophila	Desulfovibrionaceae	Desulfovibrionales	Deltaproteobacteria	Proteobacteria	Bacteria	k__Bacteria|p__Proteobacteria|c__Deltaproteobacteria|o__Desulfovibrionales|f__Desulfovibrionaceae|g__Bilophila|s__Bilophila_SGB15451
Porphyromonas_SGB1980	Porphyromonas	Porphyromonadaceae	Bacteroidales	Bacteroidia	Bacteroidetes	Bacteria	k__Bacteria|p__Bacteroidetes|c__Bacteroidia|o__Bacteroidales|f__Porphyromonadaceae|g__Porphyromonas|s__Porphyromonas_SGB1980
GGB28369_SGB40949	GGB28369	FGB28369	OFGB28369	CFGB28369	Firmicutes	Bacteria	k__Bacteria|p__Firmicutes|c__CFGB28369|o__OFGB28369|f__FGB28369|g__GGB28369|s__GGB28369_SGB40949
GGB2657_SGB3578	GGB2657	FGB1012	OFGB1012	CFGB1012	Firmicutes	Bacteria	k__Bacteria|p__Firmicutes|c__CFGB1012|o__OFGB1012|f__FGB1012|g__GGB2657|s__GGB2657_SGB3578
Streptococcus_anginosus	Streptococcus	Streptococcaceae	Lactobacillales	Bacilli	Firmicutes	Bacteria	k__Bacteria|p__Firmicutes|c__Bacilli|o__Lactobacillales|f__Streptococcaceae|g__Streptococcus|s__Streptococcus_anginosus
Peptoniphilus_lacrimalis	Peptoniphilus	Peptoniphilaceae	Tissierellales	Tissierellia	Firmicutes	Bacteria	k__Bacteria|p__Firmicutes|c__Tissierellia|o__Tissierellales|f__Peptoniphilaceae|g__Peptoniphilus|s__Peptoniphilus_lacrimalis
GGB33544_SGB53490	GGB33544	FGB3070	OFGB3070	CFGB3070	Firmicutes	Bacteria	k__Bacteria|p__Firmicutes|c__CFGB3070|o__OFGB3070|f__FGB3070|g__GGB33544|s__GGB33544_SGB53490
Eikenella_corrodens	Eikenella	Neisseriaceae	Neisseriales	Betaproteobacteria	Proteobacteria	Bacteria	k__Bacteria|p__Proteobacteria|c__Betaproteobacteria|o__Neisseriales|f__Neisseriaceae|g__Eikenella|s__Eikenella_corrodens
GGB3325_SGB4402	GGB3325	FGB1360	OFGB1360	CFGB1360	Firmicutes	Bacteria	k__Bacteria|p__Firmicutes|c__CFGB1360|o__OFGB1360|f__FGB1360|g__GGB3325|s__GGB3325_SGB4402
Lactiplantibacillus_plantarum	Lactiplantibacillus	Lactobacillaceae	Lactobacillales	Bacilli	Firmicutes	Bacteria	k__Bacteria|p__Firmicutes|c__Bacilli|o__Lactobacillales|f__Lactobacillaceae|g__Lactiplantibacillus|s__Lactiplantibacillus_plantarum
Mediterraneibacter_SGB4598	Mediterraneibacter	Lachnospiraceae	Eubacteriales	Clostridia	Firmicutes	Bacteria	k__Bacteria|p__Firmicutes|c__Clostridia|o__Eubacteriales|f__Lachnospiraceae|g__Mediterraneibacter|s__Mediterraneibacter_SGB4598
GGB3277_SGB4327	GGB3277	Eubacteriaceae	Eubacteriales	Clostridia	Firmicutes	Bacteria	k__Bacteria|p__Firmicutes|c__Clostridia|o__Eubacteriales|f__Eubacteriaceae|g__GGB3277|s__GGB3277_SGB4327
Collinsella_intestinalis	Collinsella	Coriobacteriaceae	Coriobacteriales	Coriobacteriia	Actinobacteria	Bacteria	k__Bacteria|p__Actinobacteria|c__Coriobacteriia|o__Coriobacteriales|f__Coriobacteriaceae|g__Collinsella|s__Collinsella_intestinalis
Mediterraneibacter_SGB4607	Mediterraneibacter	Lachnospiraceae	Eubacteriales	Clostridia	Firmicutes	Bacteria	k__Bacteria|p__Firmicutes|c__Clostridia|o__Eubacteriales|f__Lachnospiraceae|g__Mediterraneibacter|s__Mediterraneibacter_SGB4607
GGB4571_SGB6320	GGB4571	FGB1765	OFGB1765	CFGB1765	Firmicutes	Bacteria	k__Bacteria|p__Firmicutes|c__CFGB1765|o__OFGB1765|f__FGB1765|g__GGB4571|s__GGB4571_SGB6320
Pseudoflavonifractor_sp_Marseille_P3106	Pseudoflavonifractor	Oscillospiraceae	Eubacteriales	Clostridia	Firmicutes	Bacteria	k__Bacteria|p__Firmicutes|c__Clostridia|o__Eubacteriales|f__Oscillospiraceae|g__Pseudoflavonifractor|s__Pseudoflavonifractor_sp_Marseille_P3106
GGB79499_SGB105839	GGB79499	Oscillospiraceae	Eubacteriales	Clostridia	Firmicutes	Bacteria	k__Bacteria|p__Firmicutes|c__Clostridia|o__Eubacteriales|f__Oscillospiraceae|g__GGB79499|s__GGB79499_SGB105839
Blautia_SGB4833	Blautia	Lachnospiraceae	Eubacteriales	Clostridia	Firmicutes	Bacteria	k__Bacteria|p__Firmicutes|c__Clostridia|o__Eubacteriales|f__Lachnospiraceae|g__Blautia|s__Blautia_SGB4833
GGB3441_SGB4591	GGB3441	Lachnospiraceae	Eubacteriales	Clostridia	Firmicutes	Bacteria	k__Bacteria|p__Firmicutes|c__Clostridia|o__Eubacteriales|f__Lachnospiraceae|g__GGB3441|s__GGB3441_SGB4591
Merdibacter_massiliensis	Merdibacter	Erysipelotrichaceae	Erysipelotrichales	Erysipelotrichia	Firmicutes	Bacteria	k__Bacteria|p__Firmicutes|c__Erysipelotrichia|o__Erysipelotrichales|f__Erysipelotrichaceae|g__Merdibacter|s__Merdibacter_massiliensis
Mediterraneibacter_SGB59850	Mediterraneibacter	Lachnospiraceae	Eubacteriales	Clostridia	Firmicutes	Bacteria	k__Bacteria|p__Firmicutes|c__Clostridia|o__Eubacteriales|f__Lachnospiraceae|g__Mediterraneibacter|s__Mediterraneibacter_SGB59850
Neisseria_sp_oral_taxon_014	Neisseria	Neisseriaceae	Neisseriales	Betaproteobacteria	Proteobacteria	Bacteria	k__Bacteria|p__Proteobacteria|c__Betaproteobacteria|o__Neisseriales|f__Neisseriaceae|g__Neisseria|s__Neisseria_sp_oral_taxon_014
Slackia_isoflavoniconvertens	Slackia	Eggerthellaceae	Eggerthellales	Coriobacteriia	Actinobacteria	Bacteria	k__Bacteria|p__Actinobacteria|c__Coriobacteriia|o__Eggerthellales|f__Eggerthellaceae|g__Slackia|s__Slackia_isoflavoniconvertens
Enterobacter_hormaechei	Enterobacter	Enterobacteriaceae	Enterobacterales	Gammaproteobacteria	Proteobacteria	Bacteria	k__Bacteria|p__Proteobacteria|c__Gammaproteobacteria|o__Enterobacterales|f__Enterobacteriaceae|g__Enterobacter|s__Enterobacter_hormaechei
Solibaculum_mannosilyticum	Solibaculum	Oscillospiraceae	Eubacteriales	Clostridia	Firmicutes	Bacteria	k__Bacteria|p__Firmicutes|c__Clostridia|o__Eubacteriales|f__Oscillospiraceae|g__Solibaculum|s__Solibaculum_mannosilyticum
Clostridiaceae_bacterium_OM02_2AC	Clostridiaceae_unclassified	Clostridiaceae	Eubacteriales	Clostridia	Firmicutes	Bacteria	k__Bacteria|p__Firmicutes|c__Clostridia|o__Eubacteriales|f__Clostridiaceae|g__Clostridiaceae_unclassified|s__Clostridiaceae_bacterium_OM02_2AC
Clostridium_sp_AF15_17LB	Clostridium	Clostridiaceae	Eubacteriales	Clostridia	Firmicutes	Bacteria	k__Bacteria|p__Firmicutes|c__Clostridia|o__Eubacteriales|f__Clostridiaceae|g__Clostridium|s__Clostridium_sp_AF15_17LB
GGB45432_SGB63101	GGB45432	Eggerthellaceae	Eggerthellales	Coriobacteriia	Actinobacteria	Bacteria	k__Bacteria|p__Actinobacteria|c__Coriobacteriia|o__Eggerthellales|f__Eggerthellaceae|g__GGB45432|s__GGB45432_SGB63101
Enterobacter_mori	Enterobacter	Enterobacteriaceae	Enterobacterales	Gammaproteobacteria	Proteobacteria	Bacteria	k__Bacteria|p__Proteobacteria|c__Gammaproteobacteria|o__Enterobacterales|f__Enterobacteriaceae|g__Enterobacter|s__Enterobacter_mori
Leptotrichia_sp_oral_taxon_221	Leptotrichia	Leptotrichiaceae	Fusobacteriales	Fusobacteriia	Fusobacteria	Bacteria	k__Bacteria|p__Fusobacteria|c__Fusobacteriia|o__Fusobacteriales|f__Leptotrichiaceae|g__Leptotrichia|s__Leptotrichia_sp_oral_taxon_221
Raoultella_ornithinolytica	Raoultella	Enterobacteriaceae	Enterobacterales	Gammaproteobacteria	Proteobacteria	Bacteria	k__Bacteria|p__Proteobacteria|c__Gammaproteobacteria|o__Enterobacterales|f__Enterobacteriaceae|g__Raoultella|s__Raoultella_ornithinolytica
Serratia_liquefaciens	Serratia	Yersiniaceae	Enterobacterales	Gammaproteobacteria	Proteobacteria	Bacteria	k__Bacteria|p__Proteobacteria|c__Gammaproteobacteria|o__Enterobacterales|f__Yersiniaceae|g__Serratia|s__Serratia_liquefaciens
GGB3267_SGB4317	GGB3267	Eubacteriaceae	Eubacteriales	Clostridia	Firmicutes	Bacteria	k__Bacteria|p__Firmicutes|c__Clostridia|o__Eubacteriales|f__Eubacteriaceae|g__GGB3267|s__GGB3267_SGB4317
Porphyromonas_SGB1982	Porphyromonas	Porphyromonadaceae	Bacteroidales	Bacteroidia	Bacteroidetes	Bacteria	k__Bacteria|p__Bacteroidetes|c__Bacteroidia|o__Bacteroidales|f__Porphyromonadaceae|g__Porphyromonas|s__Porphyromonas_SGB1982
Fenollaria_timonensis	Fenollaria	Eubacteriales_unclassified	Eubacteriales	Clostridia	Firmicutes	Bacteria	k__Bacteria|p__Firmicutes|c__Clostridia|o__Eubacteriales|f__Eubacteriales_unclassified|g__Fenollaria|s__Fenollaria_timonensis
GGB3490_SGB4664	GGB3490	FGB9583	OFGB9583	CFGB9583	Firmicutes	Bacteria	k__Bacteria|p__Firmicutes|c__CFGB9583|o__OFGB9583|f__FGB9583|g__GGB3490|s__GGB3490_SGB4664
GGB4604_SGB6371	GGB4604	FGB1765	OFGB1765	CFGB1765	Firmicutes	Bacteria	k__Bacteria|p__Firmicutes|c__CFGB1765|o__OFGB1765|f__FGB1765|g__GGB4604|s__GGB4604_SGB6371
Intestinibacillus_sp_Marseille_P6563	Intestinibacillus	Eubacteriaceae	Eubacteriales	Clostridia	Firmicutes	Bacteria	k__Bacteria|p__Firmicutes|c__Clostridia|o__Eubacteriales|f__Eubacteriaceae|g__Intestinibacillus|s__Intestinibacillus_sp_Marseille_P6563
Alistipes_SGB2310	Alistipes	Rikenellaceae	Bacteroidales	Bacteroidia	Bacteroidetes	Bacteria	k__Bacteria|p__Bacteroidetes|c__Bacteroidia|o__Bacteroidales|f__Rikenellaceae|g__Alistipes|s__Alistipes_SGB2310
GGB4591_SGB6350	GGB4591	FGB1765	OFGB1765	CFGB1765	Firmicutes	Bacteria	k__Bacteria|p__Firmicutes|c__CFGB1765|o__OFGB1765|f__FGB1765|g__GGB4591|s__GGB4591_SGB6350
GGB9101_SGB14033	GGB9101	Candidatus_Borkfalkiaceae	Candidatus_Borkfalkiales	Clostridia	Firmicutes	Bacteria	k__Bacteria|p__Firmicutes|c__Clostridia|o__Candidatus_Borkfalkiales|f__Candidatus_Borkfalkiaceae|g__GGB9101|s__GGB9101_SGB14033
Lachnospiraceae_unclassified_SGB4605	Lachnospiraceae_unclassified	Lachnospiraceae	Eubacteriales	Clostridia	Firmicutes	Bacteria	k__Bacteria|p__Firmicutes|c__Clostridia|o__Eubacteriales|f__Lachnospiraceae|g__Lachnospiraceae_unclassified|s__Lachnospiraceae_unclassified_SGB4605
GGB3664_SGB4976	GGB3664	Lachnospiraceae	Eubacteriales	Clostridia	Firmicutes	Bacteria	k__Bacteria|p__Firmicutes|c__Clostridia|o__Eubacteriales|f__Lachnospiraceae|g__GGB3664|s__GGB3664_SGB4976
GGB9253_SGB14199	GGB9253	FGB2930	OFGB2930	CFGB2930	Firmicutes	Bacteria	k__Bacteria|p__Firmicutes|c__CFGB2930|o__OFGB2930|f__FGB2930|g__GGB9253|s__GGB9253_SGB14199
GGB3828_SGB5197	GGB3828	Clostridia_unclassified	Clostridia_unclassified	Clostridia	Firmicutes	Bacteria	k__Bacteria|p__Firmicutes|c__Clostridia|o__Clostridia_unclassified|f__Clostridia_unclassified|g__GGB3828|s__GGB3828_SGB5197
GGB9262_SGB14210	GGB9262	FGB2933	OFGB2933	CFGB2933	Firmicutes	Bacteria	k__Bacteria|p__Firmicutes|c__CFGB2933|o__OFGB2933|f__FGB2933|g__GGB9262|s__GGB9262_SGB14210
GGB1530_SGB2113	GGB1530	Muribaculaceae	Bacteroidales	Bacteroidia	Bacteroidetes	Bacteria	k__Bacteria|p__Bacteroidetes|c__Bacteroidia|o__Bacteroidales|f__Muribaculaceae|g__GGB1530|s__GGB1530_SGB2113
GGB9444_SGB14834	GGB9444	Clostridia_unclassified	Clostridia_unclassified	Clostridia	Firmicutes	Bacteria	k__Bacteria|p__Firmicutes|c__Clostridia|o__Clostridia_unclassified|f__Clostridia_unclassified|g__GGB9444|s__GGB9444_SGB14834
Alistipes_SGB2300	Alistipes	Rikenellaceae	Bacteroidales	Bacteroidia	Bacteroidetes	Bacteria	k__Bacteria|p__Bacteroidetes|c__Bacteroidia|o__Bacteroidales|f__Rikenellaceae|g__Alistipes|s__Alistipes_SGB2300
Weissella_cibaria	Weissella	Lactobacillaceae	Lactobacillales	Bacilli	Firmicutes	Bacteria	k__Bacteria|p__Firmicutes|c__Bacilli|o__Lactobacillales|f__Lactobacillaceae|g__Weissella|s__Weissella_cibaria
Clostridium_hylemonae	Lachnoclostridium	Lachnospiraceae	Eubacteriales	Clostridia	Firmicutes	Bacteria	k__Bacteria|p__Firmicutes|c__Clostridia|o__Eubacteriales|f__Lachnospiraceae|g__Lachnoclostridium|s__Clostridium_hylemonae
GGB9788_SGB15411	GGB9788	FGB3072	OFGB3072	CFGB3072	Firmicutes	Bacteria	k__Bacteria|p__Firmicutes|c__CFGB3072|o__OFGB3072|f__FGB3072|g__GGB9788|s__GGB9788_SGB15411
GGB9561_SGB14972	GGB9561	FGB3048	OFGB3048	CFGB3048	Firmicutes	Bacteria	k__Bacteria|p__Firmicutes|c__CFGB3048|o__OFGB3048|f__FGB3048|g__GGB9561|s__GGB9561_SGB14972
Ellagibacter_isourolithinifaciens	Ellagibacter	Eggerthellaceae	Eggerthellales	Coriobacteriia	Actinobacteria	Bacteria	k__Bacteria|p__Actinobacteria|c__Coriobacteriia|o__Eggerthellales|f__Eggerthellaceae|g__Ellagibacter|s__Ellagibacter_isourolithinifaciens
Lactobacillus_gasseri	Lactobacillus	Lactobacillaceae	Lactobacillales	Bacilli	Firmicutes	Bacteria	k__Bacteria|p__Firmicutes|c__Bacilli|o__Lactobacillales|f__Lactobacillaceae|g__Lactobacillus|s__Lactobacillus_gasseri
GGB51959_SGB72479	GGB51959	Coriobacteriaceae	Coriobacteriales	Coriobacteriia	Actinobacteria	Bacteria	k__Bacteria|p__Actinobacteria|c__Coriobacteriia|o__Coriobacteriales|f__Coriobacteriaceae|g__GGB51959|s__GGB51959_SGB72479
GGB3537_SGB4727	GGB3537	Lachnospiraceae	Eubacteriales	Clostridia	Firmicutes	Bacteria	k__Bacteria|p__Firmicutes|c__Clostridia|o__Eubacteriales|f__Lachnospiraceae|g__GGB3537|s__GGB3537_SGB4727
GGB45495_SGB63167	GGB45495	FGB3072	OFGB3072	CFGB3072	Firmicutes	Bacteria	k__Bacteria|p__Firmicutes|c__CFGB3072|o__OFGB3072|f__FGB3072|g__GGB45495|s__GGB45495_SGB63167
Ruminococcus_sp_AF13_28	Ruminococcus	Oscillospiraceae	Eubacteriales	Clostridia	Firmicutes	Bacteria	k__Bacteria|p__Firmicutes|c__Clostridia|o__Eubacteriales|f__Oscillospiraceae|g__Ruminococcus|s__Ruminococcus_sp_AF13_28
Clostridium_SGB47280	Clostridium	Clostridiaceae	Eubacteriales	Clostridia	Firmicutes	Bacteria	k__Bacteria|p__Firmicutes|c__Clostridia|o__Eubacteriales|f__Clostridiaceae|g__Clostridium|s__Clostridium_SGB47280
Clostridium_culturomicium	Clostridium	Clostridiaceae	Eubacteriales	Clostridia	Firmicutes	Bacteria	k__Bacteria|p__Firmicutes|c__Clostridia|o__Eubacteriales|f__Clostridiaceae|g__Clostridium|s__Clostridium_culturomicium
Eubacteriales_Family_XIII_Incertae_Sedis_unclassified_SGB3978	Eubacteriales_Family_XIII_Incertae_Sedis_unclassified	Eubacteriales_Family_XIII_Incertae_Sedis	Eubacteriales	Clostridia	Firmicutes	Bacteria	k__Bacteria|p__Firmicutes|c__Clostridia|o__Eubacteriales|f__Eubacteriales_Family_XIII_Incertae_Sedis|g__Eubacteriales_Family_XIII_Incertae_Sedis_unclassified|s__Eubacteriales_Family_XIII_Incertae_Sedis_unclassified_SGB3978
Porphyromonas_SGB1977	Porphyromonas	Porphyromonadaceae	Bacteroidales	Bacteroidia	Bacteroidetes	Bacteria	k__Bacteria|p__Bacteroidetes|c__Bacteroidia|o__Bacteroidales|f__Porphyromonadaceae|g__Porphyromonas|s__Porphyromonas_SGB1977
Clostridium_sp_NSJ_6	Clostridium	Clostridiaceae	Eubacteriales	Clostridia	Firmicutes	Bacteria	k__Bacteria|p__Firmicutes|c__Clostridia|o__Eubacteriales|f__Clostridiaceae|g__Clostridium|s__Clostridium_sp_NSJ_6
Peptoniphilus_grossensis	Peptoniphilus	Peptoniphilaceae	Tissierellales	Tissierellia	Firmicutes	Bacteria	k__Bacteria|p__Firmicutes|c__Tissierellia|o__Tissierellales|f__Peptoniphilaceae|g__Peptoniphilus|s__Peptoniphilus_grossensis
Akkermansia_sp_BIOML_A40	Akkermansia	Akkermansiaceae	Verrucomicrobiales	Verrucomicrobiae	Verrucomicrobia	Bacteria	k__Bacteria|p__Verrucomicrobia|c__Verrucomicrobiae|o__Verrucomicrobiales|f__Akkermansiaceae|g__Akkermansia|s__Akkermansia_sp_BIOML_A40
GGB3463_SGB4621	GGB3463	Lachnospiraceae	Eubacteriales	Clostridia	Firmicutes	Bacteria	k__Bacteria|p__Firmicutes|c__Clostridia|o__Eubacteriales|f__Lachnospiraceae|g__GGB3463|s__GGB3463_SGB4621
GGB3260_SGB4307	GGB3260	Eubacteriaceae	Eubacteriales	Clostridia	Firmicutes	Bacteria	k__Bacteria|p__Firmicutes|c__Clostridia|o__Eubacteriales|f__Eubacteriaceae|g__GGB3260|s__GGB3260_SGB4307
GGB4583_SGB6334	GGB4583	FGB1765	OFGB1765	CFGB1765	Firmicutes	Bacteria	k__Bacteria|p__Firmicutes|c__CFGB1765|o__OFGB1765|f__FGB1765|g__GGB4583|s__GGB4583_SGB6334
GGB9559_SGB14968	GGB9559	FGB3048	OFGB3048	CFGB3048	Firmicutes	Bacteria	k__Bacteria|p__Firmicutes|c__CFGB3048|o__OFGB3048|f__FGB3048|g__GGB9559|s__GGB9559_SGB14968
Roseburia_SGB4958	Roseburia	Lachnospiraceae	Eubacteriales	Clostridia	Firmicutes	Bacteria	k__Bacteria|p__Firmicutes|c__Clostridia|o__Eubacteriales|f__Lachnospiraceae|g__Roseburia|s__Roseburia_SGB4958
Lactonifactor_sp_BIOML_A6	Lactonifactor	Clostridiaceae	Eubacteriales	Clostridia	Firmicutes	Bacteria	k__Bacteria|p__Firmicutes|c__Clostridia|o__Eubacteriales|f__Clostridiaceae|g__Lactonifactor|s__Lactonifactor_sp_BIOML_A6
Alloprevotella_tannerae	Alloprevotella	Prevotellaceae	Bacteroidales	Bacteroidia	Bacteroidetes	Bacteria	k__Bacteria|p__Bacteroidetes|c__Bacteroidia|o__Bacteroidales|f__Prevotellaceae|g__Alloprevotella|s__Alloprevotella_tannerae
Cutibacterium_acnes	Cutibacterium	Propionibacteriaceae	Propionibacteriales	Actinomycetia	Actinobacteria	Bacteria	k__Bacteria|p__Actinobacteria|c__Actinomycetia|o__Propionibacteriales|f__Propionibacteriaceae|g__Cutibacterium|s__Cutibacterium_acnes
Streptococcus_infantis	Streptococcus	Streptococcaceae	Lactobacillales	Bacilli	Firmicutes	Bacteria	k__Bacteria|p__Firmicutes|c__Bacilli|o__Lactobacillales|f__Streptococcaceae|g__Streptococcus|s__Streptococcus_infantis
GGB4266_SGB5805	GGB4266	Veillonellaceae	Veillonellales	Negativicutes	Firmicutes	Bacteria	k__Bacteria|p__Firmicutes|c__Negativicutes|o__Veillonellales|f__Veillonellaceae|g__GGB4266|s__GGB4266_SGB5805
Limosilactobacillus_fermentum	Limosilactobacillus	Lactobacillaceae	Lactobacillales	Bacilli	Firmicutes	Bacteria	k__Bacteria|p__Firmicutes|c__Bacilli|o__Lactobacillales|f__Lactobacillaceae|g__Limosilactobacillus|s__Limosilactobacillus_fermentum
Citrobacter_telavivensis	Citrobacter	Enterobacteriaceae	Enterobacterales	Gammaproteobacteria	Proteobacteria	Bacteria	k__Bacteria|p__Proteobacteria|c__Gammaproteobacteria|o__Enterobacterales|f__Enterobacteriaceae|g__Citrobacter|s__Citrobacter_telavivensis
Streptococcus_lutetiensis	Streptococcus	Streptococcaceae	Lactobacillales	Bacilli	Firmicutes	Bacteria	k__Bacteria|p__Firmicutes|c__Bacilli|o__Lactobacillales|f__Streptococcaceae|g__Streptococcus|s__Streptococcus_lutetiensis
Streptococcus_gordonii	Streptococcus	Streptococcaceae	Lactobacillales	Bacilli	Firmicutes	Bacteria	k__Bacteria|p__Firmicutes|c__Bacilli|o__Lactobacillales|f__Streptococcaceae|g__Streptococcus|s__Streptococcus_gordonii
Anaeroglobus_geminatus	Anaeroglobus	Veillonellaceae	Veillonellales	Negativicutes	Firmicutes	Bacteria	k__Bacteria|p__Firmicutes|c__Negativicutes|o__Veillonellales|f__Veillonellaceae|g__Anaeroglobus|s__Anaeroglobus_geminatus
Lachnoclostridium_sp_An181	Lachnoclostridium	Lachnospiraceae	Eubacteriales	Clostridia	Firmicutes	Bacteria	k__Bacteria|p__Firmicutes|c__Clostridia|o__Eubacteriales|f__Lachnospiraceae|g__Lachnoclostridium|s__Lachnoclostridium_sp_An181
Caproicibacterium_amylolyticum	Caproicibacterium	Oscillospiraceae	Eubacteriales	Clostridia	Firmicutes	Bacteria	k__Bacteria|p__Firmicutes|c__Clostridia|o__Eubacteriales|f__Oscillospiraceae|g__Caproicibacterium|s__Caproicibacterium_amylolyticum
GGB1458_SGB2021	GGB1458	FGB1458	OFGB1458	CFGB1458	Bacteroidetes	Bacteria	k__Bacteria|p__Bacteroidetes|c__CFGB1458|o__OFGB1458|f__FGB1458|g__GGB1458|s__GGB1458_SGB2021
GGB4578_SGB6328	GGB4578	FGB1765	OFGB1765	CFGB1765	Firmicutes	Bacteria	k__Bacteria|p__Firmicutes|c__CFGB1765|o__OFGB1765|f__FGB1765|g__GGB4578|s__GGB4578_SGB6328
GGB41458_SGB58520	GGB41458	FGB15212	OFGB15212	CFGB15212	Firmicutes	Bacteria	k__Bacteria|p__Firmicutes|c__CFGB15212|o__OFGB15212|f__FGB15212|g__GGB41458|s__GGB41458_SGB58520
Vescimonas_fastidiosa	Vescimonas	Oscillospiraceae	Eubacteriales	Clostridia	Firmicutes	Bacteria	k__Bacteria|p__Firmicutes|c__Clostridia|o__Eubacteriales|f__Oscillospiraceae|g__Vescimonas|s__Vescimonas_fastidiosa
Clostridiaceae_unclassified_SGB15090	Clostridiaceae_unclassified	Clostridiaceae	Eubacteriales	Clostridia	Firmicutes	Bacteria	k__Bacteria|p__Firmicutes|c__Clostridia|o__Eubacteriales|f__Clostridiaceae|g__Clostridiaceae_unclassified|s__Clostridiaceae_unclassified_SGB15090
Lacticaseibacillus_rhamnosus	Lacticaseibacillus	Lactobacillaceae	Lactobacillales	Bacilli	Firmicutes	Bacteria	k__Bacteria|p__Firmicutes|c__Bacilli|o__Lactobacillales|f__Lactobacillaceae|g__Lacticaseibacillus|s__Lacticaseibacillus_rhamnosus
Latilactobacillus_sakei	Latilactobacillus	Lactobacillaceae	Lactobacillales	Bacilli	Firmicutes	Bacteria	k__Bacteria|p__Firmicutes|c__Bacilli|o__Lactobacillales|f__Lactobacillaceae|g__Latilactobacillus|s__Latilactobacillus_sakei
Candidatus_Howiella_intestinavium	Candidatus_Howiella	Clostridia_unclassified	Clostridia_unclassified	Clostridia	Firmicutes	Bacteria	k__Bacteria|p__Firmicutes|c__Clostridia|o__Clostridia_unclassified|f__Clostridia_unclassified|g__Candidatus_Howiella|s__Candidatus_Howiella_intestinavium
GGB4571_SGB6321	GGB4571	FGB1765	OFGB1765	CFGB1765	Firmicutes	Bacteria	k__Bacteria|p__Firmicutes|c__CFGB1765|o__OFGB1765|f__FGB1765|g__GGB4571|s__GGB4571_SGB6321
Dellaglioa_algida	Dellaglioa	Lactobacillaceae	Lactobacillales	Bacilli	Firmicutes	Bacteria	k__Bacteria|p__Firmicutes|c__Bacilli|o__Lactobacillales|f__Lactobacillaceae|g__Dellaglioa|s__Dellaglioa_algida
Eubacterium_sp_ER2	Eubacterium	Eubacteriaceae	Eubacteriales	Clostridia	Firmicutes	Bacteria	k__Bacteria|p__Firmicutes|c__Clostridia|o__Eubacteriales|f__Eubacteriaceae|g__Eubacterium|s__Eubacterium_sp_ER2
Collinsella_SGB14745	Collinsella	Coriobacteriaceae	Coriobacteriales	Coriobacteriia	Actinobacteria	Bacteria	k__Bacteria|p__Actinobacteria|c__Coriobacteriia|o__Coriobacteriales|f__Coriobacteriaceae|g__Collinsella|s__Collinsella_SGB14745
Acidaminococcus_SGB5735	Acidaminococcus	Acidaminococcaceae	Acidaminococcales	Negativicutes	Firmicutes	Bacteria	k__Bacteria|p__Firmicutes|c__Negativicutes|o__Acidaminococcales|f__Acidaminococcaceae|g__Acidaminococcus|s__Acidaminococcus_SGB5735
Megasphaera_SGB5856	Megasphaera	Veillonellaceae	Veillonellales	Negativicutes	Firmicutes	Bacteria	k__Bacteria|p__Firmicutes|c__Negativicutes|o__Veillonellales|f__Veillonellaceae|g__Megasphaera|s__Megasphaera_SGB5856
Gemmiger_SGB15301	Gemmiger	Eubacteriales_unclassified	Eubacteriales	Clostridia	Firmicutes	Bacteria	k__Bacteria|p__Firmicutes|c__Clostridia|o__Eubacteriales|f__Eubacteriales_unclassified|g__Gemmiger|s__Gemmiger_SGB15301
Clostridium_disporicum	Clostridium	Clostridiaceae	Eubacteriales	Clostridia	Firmicutes	Bacteria	k__Bacteria|p__Firmicutes|c__Clostridia|o__Eubacteriales|f__Clostridiaceae|g__Clostridium|s__Clostridium_disporicum
Aggregatibacter_sp_2125159857	Aggregatibacter	Pasteurellaceae	Pasteurellales	Gammaproteobacteria	Proteobacteria	Bacteria	k__Bacteria|p__Proteobacteria|c__Gammaproteobacteria|o__Pasteurellales|f__Pasteurellaceae|g__Aggregatibacter|s__Aggregatibacter_sp_2125159857
Kosakonia_sacchari	Kosakonia	Enterobacteriaceae	Enterobacterales	Gammaproteobacteria	Proteobacteria	Bacteria	k__Bacteria|p__Proteobacteria|c__Gammaproteobacteria|o__Enterobacterales|f__Enterobacteriaceae|g__Kosakonia|s__Kosakonia_sacchari
GGB35456_SGB66051	GGB35456	Lachnospiraceae	Eubacteriales	Clostridia	Firmicutes	Bacteria	k__Bacteria|p__Firmicutes|c__Clostridia|o__Eubacteriales|f__Lachnospiraceae|g__GGB35456|s__GGB35456_SGB66051
Lachnoclostridium_phytofermentans	Lachnoclostridium	Lachnospiraceae	Eubacteriales	Clostridia	Firmicutes	Bacteria	k__Bacteria|p__Firmicutes|c__Clostridia|o__Eubacteriales|f__Lachnospiraceae|g__Lachnoclostridium|s__Lachnoclostridium_phytofermentans
GGB1627_SGB2227	GGB1627	FGB658	OFGB658	CFGB658	Bacteroidetes	Bacteria	k__Bacteria|p__Bacteroidetes|c__CFGB658|o__OFGB658|f__FGB658|g__GGB1627|s__GGB1627_SGB2227
Lachnospiraceae_unclassified_SGB4550	Lachnospiraceae_unclassified	Lachnospiraceae	Eubacteriales	Clostridia	Firmicutes	Bacteria	k__Bacteria|p__Firmicutes|c__Clostridia|o__Eubacteriales|f__Lachnospiraceae|g__Lachnospiraceae_unclassified|s__Lachnospiraceae_unclassified_SGB4550
Bifidobacterium_pullorum	Bifidobacterium	Bifidobacteriaceae	Bifidobacteriales	Actinomycetia	Actinobacteria	Bacteria	k__Bacteria|p__Actinobacteria|c__Actinomycetia|o__Bifidobacteriales|f__Bifidobacteriaceae|g__Bifidobacterium|s__Bifidobacterium_pullorum
Blautia_argi	Blautia	Lachnospiraceae	Eubacteriales	Clostridia	Firmicutes	Bacteria	k__Bacteria|p__Firmicutes|c__Clostridia|o__Eubacteriales|f__Lachnospiraceae|g__Blautia|s__Blautia_argi
GGB3600_SGB4861	GGB3600	Lachnospiraceae	Eubacteriales	Clostridia	Firmicutes	Bacteria	k__Bacteria|p__Firmicutes|c__Clostridia|o__Eubacteriales|f__Lachnospiraceae|g__GGB3600|s__GGB3600_SGB4861
GGB3600_SGB47662	GGB3600	Lachnospiraceae	Eubacteriales	Clostridia	Firmicutes	Bacteria	k__Bacteria|p__Firmicutes|c__Clostridia|o__Eubacteriales|f__Lachnospiraceae|g__GGB3600|s__GGB3600_SGB47662
GGB3306_SGB4372	GGB3306	FGB1355	OFGB1355	CFGB1355	Firmicutes	Bacteria	k__Bacteria|p__Firmicutes|c__CFGB1355|o__OFGB1355|f__FGB1355|g__GGB3306|s__GGB3306_SGB4372
GGB4598_SGB6360	GGB4598	FGB1765	OFGB1765	CFGB1765	Firmicutes	Bacteria	k__Bacteria|p__Firmicutes|c__CFGB1765|o__OFGB1765|f__FGB1765|g__GGB4598|s__GGB4598_SGB6360
GGB9525_SGB14925	GGB9525	FGB4623	OFGB4623	CFGB4623	Firmicutes	Bacteria	k__Bacteria|p__Firmicutes|c__CFGB4623|o__OFGB4623|f__FGB4623|g__GGB9525|s__GGB9525_SGB14925
GGB9088_SGB14016	GGB9088	Clostridia_unclassified	Clostridia_unclassified	Clostridia	Firmicutes	Bacteria	k__Bacteria|p__Firmicutes|c__Clostridia|o__Clostridia_unclassified|f__Clostridia_unclassified|g__GGB9088|s__GGB9088_SGB14016
GGB5973_SGB8589	GGB5973	FGB2102	OFGB2102	CFGB2102	Candidatus_Melainabacteria	Bacteria	k__Bacteria|p__Candidatus_Melainabacteria|c__CFGB2102|o__OFGB2102|f__FGB2102|g__GGB5973|s__GGB5973_SGB8589
GGB9445_SGB14835	GGB9445	Clostridia_unclassified	Clostridia_unclassified	Clostridia	Firmicutes	Bacteria	k__Bacteria|p__Firmicutes|c__Clostridia|o__Clostridia_unclassified|f__Clostridia_unclassified|g__GGB9445|s__GGB9445_SGB14835
GGB9075_SGB13997	GGB9075	FGB2837	OFGB2837	CFGB2837	Firmicutes	Bacteria	k__Bacteria|p__Firmicutes|c__CFGB2837|o__OFGB2837|f__FGB2837|g__GGB9075|s__GGB9075_SGB13997
GGB9104_SGB14036	GGB9104	Candidatus_Borkfalkiaceae	Candidatus_Borkfalkiales	Clostridia	Firmicutes	Bacteria	k__Bacteria|p__Firmicutes|c__Clostridia|o__Candidatus_Borkfalkiales|f__Candidatus_Borkfalkiaceae|g__GGB9104|s__GGB9104_SGB14036
Limosilactobacillus_reuteri	Limosilactobacillus	Lactobacillaceae	Lactobacillales	Bacilli	Firmicutes	Bacteria	k__Bacteria|p__Firmicutes|c__Bacilli|o__Lactobacillales|f__Lactobacillaceae|g__Limosilactobacillus|s__Limosilactobacillus_reuteri
Enterococcus_asini	Enterococcus	Enterococcaceae	Lactobacillales	Bacilli	Firmicutes	Bacteria	k__Bacteria|p__Firmicutes|c__Bacilli|o__Lactobacillales|f__Enterococcaceae|g__Enterococcus|s__Enterococcus_asini
GGB3128_SGB4141	GGB3128	FGB9500	OFGB9500	CFGB9500	Firmicutes	Bacteria	k__Bacteria|p__Firmicutes|c__CFGB9500|o__OFGB9500|f__FGB9500|g__GGB3128|s__GGB3128_SGB4141
Lachnospiraceae_bacterium_OF09_6	Lachnospiraceae_unclassified	Lachnospiraceae	Eubacteriales	Clostridia	Firmicutes	Bacteria	k__Bacteria|p__Firmicutes|c__Clostridia|o__Eubacteriales|f__Lachnospiraceae|g__Lachnospiraceae_unclassified|s__Lachnospiraceae_bacterium_OF09_6
Corynebacterium_matruchotii	Corynebacterium	Corynebacteriaceae	Corynebacteriales	Actinomycetia	Actinobacteria	Bacteria	k__Bacteria|p__Actinobacteria|c__Actinomycetia|o__Corynebacteriales|f__Corynebacteriaceae|g__Corynebacterium|s__Corynebacterium_matruchotii
Pediococcus_acidilactici	Pediococcus	Lactobacillaceae	Lactobacillales	Bacilli	Firmicutes	Bacteria	k__Bacteria|p__Firmicutes|c__Bacilli|o__Lactobacillales|f__Lactobacillaceae|g__Pediococcus|s__Pediococcus_acidilactici
GGB9716_SGB15269	GGB9716	Oscillospiraceae	Eubacteriales	Clostridia	Firmicutes	Bacteria	k__Bacteria|p__Firmicutes|c__Clostridia|o__Eubacteriales|f__Oscillospiraceae|g__GGB9716|s__GGB9716_SGB15269
GGB1456_SGB2019	GGB1456	FGB618	OFGB618	CFGB618	Bacteroidetes	Bacteria	k__Bacteria|p__Bacteroidetes|c__CFGB618|o__OFGB618|f__FGB618|g__GGB1456|s__GGB1456_SGB2019
Clostridiales_bacterium_UBA1390	Eubacteriales_unclassified	Eubacteriales_unclassified	Eubacteriales	Clostridia	Firmicutes	Bacteria	k__Bacteria|p__Firmicutes|c__Clostridia|o__Eubacteriales|f__Eubacteriales_unclassified|g__Eubacteriales_unclassified|s__Clostridiales_bacterium_UBA1390
GGB9542_SGB14948	GGB9542	FGB3040	OFGB3040	CFGB3040	Firmicutes	Bacteria	k__Bacteria|p__Firmicutes|c__CFGB3040|o__OFGB3040|f__FGB3040|g__GGB9542|s__GGB9542_SGB14948
Bittarella_massiliensis	Bittarella	Oscillospiraceae	Eubacteriales	Clostridia	Firmicutes	Bacteria	k__Bacteria|p__Firmicutes|c__Clostridia|o__Eubacteriales|f__Oscillospiraceae|g__Bittarella|s__Bittarella_massiliensis
GGB3340_SGB4419	GGB3340	Oscillospiraceae	Eubacteriales	Clostridia	Firmicutes	Bacteria	k__Bacteria|p__Firmicutes|c__Clostridia|o__Eubacteriales|f__Oscillospiraceae|g__GGB3340|s__GGB3340_SGB4419
Ruminococcus_sp_AF46_10NS	Ruminococcus	Oscillospiraceae	Eubacteriales	Clostridia	Firmicutes	Bacteria	k__Bacteria|p__Firmicutes|c__Clostridia|o__Eubacteriales|f__Oscillospiraceae|g__Ruminococcus|s__Ruminococcus_sp_AF46_10NS
GGB9695_SGB15211	GGB9695	Clostridia_unclassified	Clostridia_unclassified	Clostridia	Firmicutes	Bacteria	k__Bacteria|p__Firmicutes|c__Clostridia|o__Clostridia_unclassified|f__Clostridia_unclassified|g__GGB9695|s__GGB9695_SGB15211
GGB9715_SGB15266	GGB9715	Oscillospiraceae	Eubacteriales	Clostridia	Firmicutes	Bacteria	k__Bacteria|p__Firmicutes|c__Clostridia|o__Eubacteriales|f__Oscillospiraceae|g__GGB9715|s__GGB9715_SGB15266
Clostridium_SGB4751	Clostridium	Clostridiaceae	Eubacteriales	Clostridia	Firmicutes	Bacteria	k__Bacteria|p__Firmicutes|c__Clostridia|o__Eubacteriales|f__Clostridiaceae|g__Clostridium|s__Clostridium_SGB4751
GGB3004_SGB3995	GGB3004	FGB1227	OFGB1227	CFGB1227	Firmicutes	Bacteria	k__Bacteria|p__Firmicutes|c__CFGB1227|o__OFGB1227|f__FGB1227|g__GGB3004|s__GGB3004_SGB3995
GGB31234_SGB14869	GGB31234	Clostridia_unclassified	Clostridia_unclassified	Clostridia	Firmicutes	Bacteria	k__Bacteria|p__Firmicutes|c__Clostridia|o__Clostridia_unclassified|f__Clostridia_unclassified|g__GGB31234|s__GGB31234_SGB14869
Candidatus_Parachristensenella_avicola	Candidatus_Parachristensenella	Clostridia_unclassified	Clostridia_unclassified	Clostridia	Firmicutes	Bacteria	k__Bacteria|p__Firmicutes|c__Clostridia|o__Clostridia_unclassified|f__Clostridia_unclassified|g__Candidatus_Parachristensenella|s__Candidatus_Parachristensenella_avicola
GGB9613_SGB15048	GGB9613	Oscillospiraceae	Eubacteriales	Clostridia	Firmicutes	Bacteria	k__Bacteria|p__Firmicutes|c__Clostridia|o__Eubacteriales|f__Oscillospiraceae|g__GGB9613|s__GGB9613_SGB15048
GGB4603_SGB6367	GGB4603	FGB1765	OFGB1765	CFGB1765	Firmicutes	Bacteria	k__Bacteria|p__Firmicutes|c__CFGB1765|o__OFGB1765|f__FGB1765|g__GGB4603|s__GGB4603_SGB6367
Weissella_viridescens	Weissella	Lactobacillaceae	Lactobacillales	Bacilli	Firmicutes	Bacteria	k__Bacteria|p__Firmicutes|c__Bacilli|o__Lactobacillales|f__Lactobacillaceae|g__Weissella|s__Weissella_viridescens
GGB3002_SGB3993	GGB3002	FGB1227	OFGB1227	CFGB1227	Firmicutes	Bacteria	k__Bacteria|p__Firmicutes|c__CFGB1227|o__OFGB1227|f__FGB1227|g__GGB3002|s__GGB3002_SGB3993
GGB4717_SGB6533	GGB4717	FGB1779	OFGB1779	CFGB1779	Firmicutes	Bacteria	k__Bacteria|p__Firmicutes|c__CFGB1779|o__OFGB1779|f__FGB1779|g__GGB4717|s__GGB4717_SGB6533
GGB4605_SGB6378	GGB4605	FGB1765	OFGB1765	CFGB1765	Firmicutes	Bacteria	k__Bacteria|p__Firmicutes|c__CFGB1765|o__OFGB1765|f__FGB1765|g__GGB4605|s__GGB4605_SGB6378
Campylobacter_SGB19337	Campylobacter	Campylobacteraceae	Campylobacterales	Epsilonproteobacteria	Proteobacteria	Bacteria	k__Bacteria|p__Proteobacteria|c__Epsilonproteobacteria|o__Campylobacterales|f__Campylobacteraceae|g__Campylobacter|s__Campylobacter_SGB19337
GGB4644_SGB6428	GGB4644	FGB10312	OFGB10312	CFGB10312	Firmicutes	Bacteria	k__Bacteria|p__Firmicutes|c__CFGB10312|o__OFGB10312|f__FGB10312|g__GGB4644|s__GGB4644_SGB6428
GGB42389_SGB59559	GGB42389	FGB40183	OFGB40183	CFGB40183	Firmicutes	Bacteria	k__Bacteria|p__Firmicutes|c__CFGB40183|o__OFGB40183|f__FGB40183|g__GGB42389|s__GGB42389_SGB59559
GGB4604_SGB6372	GGB4604	FGB1765	OFGB1765	CFGB1765	Firmicutes	Bacteria	k__Bacteria|p__Firmicutes|c__CFGB1765|o__OFGB1765|f__FGB1765|g__GGB4604|s__GGB4604_SGB6372
Lachnospiraceae_unclassified_SGB4923	Lachnospiraceae_unclassified	Lachnospiraceae	Eubacteriales	Clostridia	Firmicutes	Bacteria	k__Bacteria|p__Firmicutes|c__Clostridia|o__Eubacteriales|f__Lachnospiraceae|g__Lachnospiraceae_unclassified|s__Lachnospiraceae_unclassified_SGB4923
Roseburia_SGB36997	Roseburia	Lachnospiraceae	Eubacteriales	Clostridia	Firmicutes	Bacteria	k__Bacteria|p__Firmicutes|c__Clostridia|o__Eubacteriales|f__Lachnospiraceae|g__Roseburia|s__Roseburia_SGB36997
Enterococcus_faecalis	Enterococcus	Enterococcaceae	Lactobacillales	Bacilli	Firmicutes	Bacteria	k__Bacteria|p__Firmicutes|c__Bacilli|o__Lactobacillales|f__Enterococcaceae|g__Enterococcus|s__Enterococcus_faecalis
GGB9784_SGB15407	GGB9784	FGB3072	OFGB3072	CFGB3072	Firmicutes	Bacteria	k__Bacteria|p__Firmicutes|c__CFGB3072|o__OFGB3072|f__FGB3072|g__GGB9784|s__GGB9784_SGB15407
Pseudoflavonifractor_sp_AF19_9AC	Pseudoflavonifractor	Oscillospiraceae	Eubacteriales	Clostridia	Firmicutes	Bacteria	k__Bacteria|p__Firmicutes|c__Clostridia|o__Eubacteriales|f__Oscillospiraceae|g__Pseudoflavonifractor|s__Pseudoflavonifractor_sp_AF19_9AC
Actinomyces_SGB17157	Actinomyces	Actinomycetaceae	Actinomycetales	Actinomycetia	Actinobacteria	Bacteria	k__Bacteria|p__Actinobacteria|c__Actinomycetia|o__Actinomycetales|f__Actinomycetaceae|g__Actinomyces|s__Actinomyces_SGB17157
Streptococcus_sanguinis	Streptococcus	Streptococcaceae	Lactobacillales	Bacilli	Firmicutes	Bacteria	k__Bacteria|p__Firmicutes|c__Bacilli|o__Lactobacillales|f__Streptococcaceae|g__Streptococcus|s__Streptococcus_sanguinis
Actinomyces_sp_ICM47	Actinomyces	Actinomycetaceae	Actinomycetales	Actinomycetia	Actinobacteria	Bacteria	k__Bacteria|p__Actinobacteria|c__Actinomycetia|o__Actinomycetales|f__Actinomycetaceae|g__Actinomyces|s__Actinomyces_sp_ICM47
Blautia_marasmi	Blautia	Lachnospiraceae	Eubacteriales	Clostridia	Firmicutes	Bacteria	k__Bacteria|p__Firmicutes|c__Clostridia|o__Eubacteriales|f__Lachnospiraceae|g__Blautia|s__Blautia_marasmi
Streptococcus_cristatus	Streptococcus	Streptococcaceae	Lactobacillales	Bacilli	Firmicutes	Bacteria	k__Bacteria|p__Firmicutes|c__Bacilli|o__Lactobacillales|f__Streptococcaceae|g__Streptococcus|s__Streptococcus_cristatus
Streptococcus_oralis	Streptococcus	Streptococcaceae	Lactobacillales	Bacilli	Firmicutes	Bacteria	k__Bacteria|p__Firmicutes|c__Bacilli|o__Lactobacillales|f__Streptococcaceae|g__Streptococcus|s__Streptococcus_oralis
Providencia_alcalifaciens	Providencia	Morganellaceae	Enterobacterales	Gammaproteobacteria	Proteobacteria	Bacteria	k__Bacteria|p__Proteobacteria|c__Gammaproteobacteria|o__Enterobacterales|f__Morganellaceae|g__Providencia|s__Providencia_alcalifaciens
GGB1123_SGB1437	GGB1123	FGB544	OFGB544	CFGB544	Bacteroidetes	Bacteria	k__Bacteria|p__Bacteroidetes|c__CFGB544|o__OFGB544|f__FGB544|g__GGB1123|s__GGB1123_SGB1437
Ruminococcus_SGB4253	Ruminococcus	Oscillospiraceae	Eubacteriales	Clostridia	Firmicutes	Bacteria	k__Bacteria|p__Firmicutes|c__Clostridia|o__Eubacteriales|f__Oscillospiraceae|g__Ruminococcus|s__Ruminococcus_SGB4253
GGB3264_SGB4312	GGB3264	Eubacteriaceae	Eubacteriales	Clostridia	Firmicutes	Bacteria	k__Bacteria|p__Firmicutes|c__Clostridia|o__Eubacteriales|f__Eubacteriaceae|g__GGB3264|s__GGB3264_SGB4312
Candidatus_Neoanaerotignum_tabaqchaliae	Candidatus_Neoanaerotignum	Clostridia_unclassified	Clostridia_unclassified	Clostridia	Firmicutes	Bacteria	k__Bacteria|p__Firmicutes|c__Clostridia|o__Clostridia_unclassified|f__Clostridia_unclassified|g__Candidatus_Neoanaerotignum|s__Candidatus_Neoanaerotignum_tabaqchaliae
Clostridium_celatum	Clostridium	Clostridiaceae	Eubacteriales	Clostridia	Firmicutes	Bacteria	k__Bacteria|p__Firmicutes|c__Clostridia|o__Eubacteriales|f__Clostridiaceae|g__Clostridium|s__Clostridium_celatum
Serratia_marcescens	Serratia	Yersiniaceae	Enterobacterales	Gammaproteobacteria	Proteobacteria	Bacteria	k__Bacteria|p__Proteobacteria|c__Gammaproteobacteria|o__Enterobacterales|f__Yersiniaceae|g__Serratia|s__Serratia_marcescens
GGB3281_SGB4335	GGB3281	Eubacteriaceae	Eubacteriales	Clostridia	Firmicutes	Bacteria	k__Bacteria|p__Firmicutes|c__Clostridia|o__Eubacteriales|f__Eubacteriaceae|g__GGB3281|s__GGB3281_SGB4335
GGB3583_SGB4799	GGB3583	Lachnospiraceae	Eubacteriales	Clostridia	Firmicutes	Bacteria	k__Bacteria|p__Firmicutes|c__Clostridia|o__Eubacteriales|f__Lachnospiraceae|g__GGB3583|s__GGB3583_SGB4799
Candidatus_Aristotella_avistercoris	Candidatus_Aristotella	Clostridia_unclassified	Clostridia_unclassified	Clostridia	Firmicutes	Bacteria	k__Bacteria|p__Firmicutes|c__Clostridia|o__Clostridia_unclassified|f__Clostridia_unclassified|g__Candidatus_Aristotella|s__Candidatus_Aristotella_avistercoris
Catenibacillus_scindens	Catenibacillus	Lachnospiraceae	Eubacteriales	Clostridia	Firmicutes	Bacteria	k__Bacteria|p__Firmicutes|c__Clostridia|o__Eubacteriales|f__Lachnospiraceae|g__Catenibacillus|s__Catenibacillus_scindens
Clostridium_porci	Clostridium	Clostridiaceae	Eubacteriales	Clostridia	Firmicutes	Bacteria	k__Bacteria|p__Firmicutes|c__Clostridia|o__Eubacteriales|f__Clostridiaceae|g__Clostridium|s__Clostridium_porci
Pseudomonas_fragi	Pseudomonas	Pseudomonadaceae	Pseudomonadales	Gammaproteobacteria	Proteobacteria	Bacteria	k__Bacteria|p__Proteobacteria|c__Gammaproteobacteria|o__Pseudomonadales|f__Pseudomonadaceae|g__Pseudomonas|s__Pseudomonas_fragi
Porphyromonas_SGB1984	Porphyromonas	Porphyromonadaceae	Bacteroidales	Bacteroidia	Bacteroidetes	Bacteria	k__Bacteria|p__Bacteroidetes|c__Bacteroidia|o__Bacteroidales|f__Porphyromonadaceae|g__Porphyromonas|s__Porphyromonas_SGB1984
Leuconostoc_gelidum	Leuconostoc	Lactobacillaceae	Lactobacillales	Bacilli	Firmicutes	Bacteria	k__Bacteria|p__Firmicutes|c__Bacilli|o__Lactobacillales|f__Lactobacillaceae|g__Leuconostoc|s__Leuconostoc_gelidum
Eubacteriales_Family_XIII_Incertae_Sedis_unclassified_SGB71368	Eubacteriales_Family_XIII_Incertae_Sedis_unclassified	Eubacteriales_Family_XIII_Incertae_Sedis	Eubacteriales	Clostridia	Firmicutes	Bacteria	k__Bacteria|p__Firmicutes|c__Clostridia|o__Eubacteriales|f__Eubacteriales_Family_XIII_Incertae_Sedis|g__Eubacteriales_Family_XIII_Incertae_Sedis_unclassified|s__Eubacteriales_Family_XIII_Incertae_Sedis_unclassified_SGB71368
Coprococcus_sp_AF21_14LB	Coprococcus	Lachnospiraceae	Eubacteriales	Clostridia	Firmicutes	Bacteria	k__Bacteria|p__Firmicutes|c__Clostridia|o__Eubacteriales|f__Lachnospiraceae|g__Coprococcus|s__Coprococcus_sp_AF21_14LB
GGB3176_SGB4194	GGB3176	FGB1325	OFGB1325	CFGB1325	Firmicutes	Bacteria	k__Bacteria|p__Firmicutes|c__CFGB1325|o__OFGB1325|f__FGB1325|g__GGB3176|s__GGB3176_SGB4194
GGB9712_SGB15244	GGB9712	FGB9989	OFGB9989	CFGB9989	Firmicutes	Bacteria	k__Bacteria|p__Firmicutes|c__CFGB9989|o__OFGB9989|f__FGB9989|g__GGB9712|s__GGB9712_SGB15244
GGB4711_SGB6524	GGB4711	FGB31455	OFGB31455	CFGB31455	Firmicutes	Bacteria	k__Bacteria|p__Firmicutes|c__CFGB31455|o__OFGB31455|f__FGB31455|g__GGB4711|s__GGB4711_SGB6524
GGB3321_SGB4395	GGB3321	FGB1359	OFGB1359	CFGB1359	Firmicutes	Bacteria	k__Bacteria|p__Firmicutes|c__CFGB1359|o__OFGB1359|f__FGB1359|g__GGB3321|s__GGB3321_SGB4395
GGB9696_SGB15212	GGB9696	FGB45555	OFGB45555	CFGB45555	Firmicutes	Bacteria	k__Bacteria|p__Firmicutes|c__CFGB45555|o__OFGB45555|f__FGB45555|g__GGB9696|s__GGB9696_SGB15212
GGB3124_SGB4136	GGB3124	FGB1303	OFGB1303	CFGB1303	Firmicutes	Bacteria	k__Bacteria|p__Firmicutes|c__CFGB1303|o__OFGB1303|f__FGB1303|g__GGB3124|s__GGB3124_SGB4136
GGB4584_SGB6338	GGB4584	FGB1765	OFGB1765	CFGB1765	Firmicutes	Bacteria	k__Bacteria|p__Firmicutes|c__CFGB1765|o__OFGB1765|f__FGB1765|g__GGB4584|s__GGB4584_SGB6338
GGB9258_SGB14205	GGB9258	FGB10021	OFGB10021	CFGB10021	Firmicutes	Bacteria	k__Bacteria|p__Firmicutes|c__CFGB10021|o__OFGB10021|f__FGB10021|g__GGB9258|s__GGB9258_SGB14205
GGB45620_SGB63333	GGB45620	FGB24517	OFGB24517	CFGB24517	Firmicutes	Bacteria	k__Bacteria|p__Firmicutes|c__CFGB24517|o__OFGB24517|f__FGB24517|g__GGB45620|s__GGB45620_SGB63333
Candidatus_Heteroscilispira_lomanii	Candidatus_Heteroscilispira	Clostridia_unclassified	Clostridia_unclassified	Clostridia	Firmicutes	Bacteria	k__Bacteria|p__Firmicutes|c__Clostridia|o__Clostridia_unclassified|f__Clostridia_unclassified|g__Candidatus_Heteroscilispira|s__Candidatus_Heteroscilispira_lomanii
Candidatus_Pseudolachnospira_avium	Candidatus_Pseudolachnospira	Clostridia_unclassified	Clostridia_unclassified	Clostridia	Firmicutes	Bacteria	k__Bacteria|p__Firmicutes|c__Clostridia|o__Clostridia_unclassified|f__Clostridia_unclassified|g__Candidatus_Pseudolachnospira|s__Candidatus_Pseudolachnospira_avium
GGB3142_SGB4155	GGB3142	FGB1311	OFGB1311	CFGB1311	Firmicutes	Bacteria	k__Bacteria|p__Firmicutes|c__CFGB1311|o__OFGB1311|f__FGB1311|g__GGB3142|s__GGB3142_SGB4155
Candidatus_Pseudoscilispira_falkowii	Candidatus_Pseudoscilispira	Clostridia_unclassified	Clostridia_unclassified	Clostridia	Firmicutes	Bacteria	k__Bacteria|p__Firmicutes|c__Clostridia|o__Clostridia_unclassified|f__Clostridia_unclassified|g__Candidatus_Pseudoscilispira|s__Candidatus_Pseudoscilispira_falkowii
Bacteroides_rodentium	Bacteroides	Bacteroidaceae	Bacteroidales	Bacteroidia	Bacteroidetes	Bacteria	k__Bacteria|p__Bacteroidetes|c__Bacteroidia|o__Bacteroidales|f__Bacteroidaceae|g__Bacteroides|s__Bacteroides_rodentium
Alistipes_SGB2302	Alistipes	Rikenellaceae	Bacteroidales	Bacteroidia	Bacteroidetes	Bacteria	k__Bacteria|p__Bacteroidetes|c__Bacteroidia|o__Bacteroidales|f__Rikenellaceae|g__Alistipes|s__Alistipes_SGB2302
Clostridiales_bacterium_Marseille_P2846	Eubacteriales_unclassified	Eubacteriales_unclassified	Eubacteriales	Clostridia	Firmicutes	Bacteria	k__Bacteria|p__Firmicutes|c__Clostridia|o__Eubacteriales|f__Eubacteriales_unclassified|g__Eubacteriales_unclassified|s__Clostridiales_bacterium_Marseille_P2846
Candidatus_Schneewindia_gallinarum	Candidatus_Schneewindia	Clostridia_unclassified	Clostridia_unclassified	Clostridia	Firmicutes	Bacteria	k__Bacteria|p__Firmicutes|c__Clostridia|o__Clostridia_unclassified|f__Clostridia_unclassified|g__Candidatus_Schneewindia|s__Candidatus_Schneewindia_gallinarum
GGB4605_SGB6376	GGB4605	FGB1765	OFGB1765	CFGB1765	Firmicutes	Bacteria	k__Bacteria|p__Firmicutes|c__CFGB1765|o__OFGB1765|f__FGB1765|g__GGB4605|s__GGB4605_SGB6376
Oscillibacter_sp_PC13	Oscillibacter	Oscillospiraceae	Eubacteriales	Clostridia	Firmicutes	Bacteria	k__Bacteria|p__Firmicutes|c__Clostridia|o__Eubacteriales|f__Oscillospiraceae|g__Oscillibacter|s__Oscillibacter_sp_PC13
GGB3532_SGB4720	GGB3532	Clostridiaceae	Eubacteriales	Clostridia	Firmicutes	Bacteria	k__Bacteria|p__Firmicutes|c__Clostridia|o__Eubacteriales|f__Clostridiaceae|g__GGB3532|s__GGB3532_SGB4720
GGB9580_SGB14998	GGB9580	Clostridiaceae	Eubacteriales	Clostridia	Firmicutes	Bacteria	k__Bacteria|p__Firmicutes|c__Clostridia|o__Eubacteriales|f__Clostridiaceae|g__GGB9580|s__GGB9580_SGB14998
Schaalia_turicensis	Schaalia	Actinomycetaceae	Actinomycetales	Actinomycetia	Actinobacteria	Bacteria	k__Bacteria|p__Actinobacteria|c__Actinomycetia|o__Actinomycetales|f__Actinomycetaceae|g__Schaalia|s__Schaalia_turicensis
Parvimonas_micra	Parvimonas	Peptoniphilaceae	Tissierellales	Tissierellia	Firmicutes	Bacteria	k__Bacteria|p__Firmicutes|c__Tissierellia|o__Tissierellales|f__Peptoniphilaceae|g__Parvimonas|s__Parvimonas_micra
GGB74403_SGB53807	GGB74403	Oscillospiraceae	Eubacteriales	Clostridia	Firmicutes	Bacteria	k__Bacteria|p__Firmicutes|c__Clostridia|o__Eubacteriales|f__Oscillospiraceae|g__GGB74403|s__GGB74403_SGB53807
GGB9708_SGB15235	GGB9708	Oscillospiraceae	Eubacteriales	Clostridia	Firmicutes	Bacteria	k__Bacteria|p__Firmicutes|c__Clostridia|o__Eubacteriales|f__Oscillospiraceae|g__GGB9708|s__GGB9708_SGB15235
Eisenbergiella_sp_OF01_20	Eisenbergiella	Lachnospiraceae	Eubacteriales	Clostridia	Firmicutes	Bacteria	k__Bacteria|p__Firmicutes|c__Clostridia|o__Eubacteriales|f__Lachnospiraceae|g__Eisenbergiella|s__Eisenbergiella_sp_OF01_20
GGB75036_SGB102224	GGB75036	FGB1227	OFGB1227	CFGB1227	Firmicutes	Bacteria	k__Bacteria|p__Firmicutes|c__CFGB1227|o__OFGB1227|f__FGB1227|g__GGB75036|s__GGB75036_SGB102224
Clostridiales_bacterium_VE202_01	Eubacteriales_unclassified	Eubacteriales_unclassified	Eubacteriales	Clostridia	Firmicutes	Bacteria	k__Bacteria|p__Firmicutes|c__Clostridia|o__Eubacteriales|f__Eubacteriales_unclassified|g__Eubacteriales_unclassified|s__Clostridiales_bacterium_VE202_01
Clostridium_sp_C5_48	Clostridium	Clostridiaceae	Eubacteriales	Clostridia	Firmicutes	Bacteria	k__Bacteria|p__Firmicutes|c__Clostridia|o__Eubacteriales|f__Clostridiaceae|g__Clostridium|s__Clostridium_sp_C5_48
GGB2722_SGB3663	GGB2722	Lawsonellaceae	Corynebacteriales	Actinomycetia	Actinobacteria	Bacteria	k__Bacteria|p__Actinobacteria|c__Actinomycetia|o__Corynebacteriales|f__Lawsonellaceae|g__GGB2722|s__GGB2722_SGB3663
Prevotella_hominis	Prevotella	Prevotellaceae	Bacteroidales	Bacteroidia	Bacteroidetes	Bacteria	k__Bacteria|p__Bacteroidetes|c__Bacteroidia|o__Bacteroidales|f__Prevotellaceae|g__Prevotella|s__Prevotella_hominis
Prevotella_stercorea	Prevotella	Prevotellaceae	Bacteroidales	Bacteroidia	Bacteroidetes	Bacteria	k__Bacteria|p__Bacteroidetes|c__Bacteroidia|o__Bacteroidales|f__Prevotellaceae|g__Prevotella|s__Prevotella_stercorea
GGB4769_SGB6602	GGB4769	FGB1798	OFGB1798	CFGB1798	Firmicutes	Bacteria	k__Bacteria|p__Firmicutes|c__CFGB1798|o__OFGB1798|f__FGB1798|g__GGB4769|s__GGB4769_SGB6602
Holdemanella_biformis	Holdemanella	Erysipelotrichaceae	Erysipelotrichales	Erysipelotrichia	Firmicutes	Bacteria	k__Bacteria|p__Firmicutes|c__Erysipelotrichia|o__Erysipelotrichales|f__Erysipelotrichaceae|g__Holdemanella|s__Holdemanella_biformis
Desulfovibrio_piger	Desulfovibrio	Desulfovibrionaceae	Desulfovibrionales	Deltaproteobacteria	Proteobacteria	Bacteria	k__Bacteria|p__Proteobacteria|c__Deltaproteobacteria|o__Desulfovibrionales|f__Desulfovibrionaceae|g__Desulfovibrio|s__Desulfovibrio_piger
Eubacteriaceae_bacterium_Marseille_Q4139	Eubacteriaceae_unclassified	Eubacteriaceae	Eubacteriales	Clostridia	Firmicutes	Bacteria	k__Bacteria|p__Firmicutes|c__Clostridia|o__Eubacteriales|f__Eubacteriaceae|g__Eubacteriaceae_unclassified|s__Eubacteriaceae_bacterium_Marseille_Q4139
GGB9065_SGB13984	GGB9065	FGB2834	OFGB2834	CFGB2834	Firmicutes	Bacteria	k__Bacteria|p__Firmicutes|c__CFGB2834|o__OFGB2834|f__FGB2834|g__GGB9065|s__GGB9065_SGB13984
GGB9634_SGB15093	GGB9634	Oscillospiraceae	Eubacteriales	Clostridia	Firmicutes	Bacteria	k__Bacteria|p__Firmicutes|c__Clostridia|o__Eubacteriales|f__Oscillospiraceae|g__GGB9634|s__GGB9634_SGB15093
Oscillibacter_sp_NSJ_62	Oscillibacter	Oscillospiraceae	Eubacteriales	Clostridia	Firmicutes	Bacteria	k__Bacteria|p__Firmicutes|c__Clostridia|o__Eubacteriales|f__Oscillospiraceae|g__Oscillibacter|s__Oscillibacter_sp_NSJ_62
Massiliimalia_massiliensis	Massiliimalia	Oscillospiraceae	Eubacteriales	Clostridia	Firmicutes	Bacteria	k__Bacteria|p__Firmicutes|c__Clostridia|o__Eubacteriales|f__Oscillospiraceae|g__Massiliimalia|s__Massiliimalia_massiliensis
Christensenella_hongkongensis	Christensenella	Christensenellaceae	Eubacteriales	Clostridia	Firmicutes	Bacteria	k__Bacteria|p__Firmicutes|c__Clostridia|o__Eubacteriales|f__Christensenellaceae|g__Christensenella|s__Christensenella_hongkongensis
Enterococcus_avium	Enterococcus	Enterococcaceae	Lactobacillales	Bacilli	Firmicutes	Bacteria	k__Bacteria|p__Firmicutes|c__Bacilli|o__Lactobacillales|f__Enterococcaceae|g__Enterococcus|s__Enterococcus_avium
Kluyvera_sichuanensis	Kluyvera	Enterobacteriaceae	Enterobacterales	Gammaproteobacteria	Proteobacteria	Bacteria	k__Bacteria|p__Proteobacteria|c__Gammaproteobacteria|o__Enterobacterales|f__Enterobacteriaceae|g__Kluyvera|s__Kluyvera_sichuanensis
Varibaculum_SGB15480	Varibaculum	Actinomycetaceae	Actinomycetales	Actinomycetia	Actinobacteria	Bacteria	k__Bacteria|p__Actinobacteria|c__Actinomycetia|o__Actinomycetales|f__Actinomycetaceae|g__Varibaculum|s__Varibaculum_SGB15480
Alloscardovia_omnicolens	Alloscardovia	Bifidobacteriaceae	Bifidobacteriales	Actinomycetia	Actinobacteria	Bacteria	k__Bacteria|p__Actinobacteria|c__Actinomycetia|o__Bifidobacteriales|f__Bifidobacteriaceae|g__Alloscardovia|s__Alloscardovia_omnicolens
GGB4727_SGB6548	GGB4727	FGB9119	OFGB9119	CFGB9119	Firmicutes	Bacteria	k__Bacteria|p__Firmicutes|c__CFGB9119|o__OFGB9119|f__FGB9119|g__GGB4727|s__GGB4727_SGB6548
GGB4659_SGB6447	GGB4659	FGB10318	OFGB10318	CFGB10318	Firmicutes	Bacteria	k__Bacteria|p__Firmicutes|c__CFGB10318|o__OFGB10318|f__FGB10318|g__GGB4659|s__GGB4659_SGB6447
GGB3593_SGB4817	GGB3593	Lachnospiraceae	Eubacteriales	Clostridia	Firmicutes	Bacteria	k__Bacteria|p__Firmicutes|c__Clostridia|o__Eubacteriales|f__Lachnospiraceae|g__GGB3593|s__GGB3593_SGB4817
GGB3247_SGB4294	GGB3247	Oscillospiraceae	Eubacteriales	Clostridia	Firmicutes	Bacteria	k__Bacteria|p__Firmicutes|c__Clostridia|o__Eubacteriales|f__Oscillospiraceae|g__GGB3247|s__GGB3247_SGB4294
Actinomyces_SGB17154	Actinomyces	Actinomycetaceae	Actinomycetales	Actinomycetia	Actinobacteria	Bacteria	k__Bacteria|p__Actinobacteria|c__Actinomycetia|o__Actinomycetales|f__Actinomycetaceae|g__Actinomyces|s__Actinomyces_SGB17154
GGB51269_SGB5061	GGB51269	FGB1474	OFGB1474	CFGB1474	Firmicutes	Bacteria	k__Bacteria|p__Firmicutes|c__CFGB1474|o__OFGB1474|f__FGB1474|g__GGB51269|s__GGB51269_SGB5061
GGB3627_SGB4906	GGB3627	Clostridiaceae	Eubacteriales	Clostridia	Firmicutes	Bacteria	k__Bacteria|p__Firmicutes|c__Clostridia|o__Eubacteriales|f__Clostridiaceae|g__GGB3627|s__GGB3627_SGB4906
GGB9593_SGB15015	GGB9593	FGB3035	OFGB3035	CFGB3035	Firmicutes	Bacteria	k__Bacteria|p__Firmicutes|c__CFGB3035|o__OFGB3035|f__FGB3035|g__GGB9593|s__GGB9593_SGB15015
GGB33665_SGB47358	GGB33665	FGB1776	OFGB1776	CFGB1776	Firmicutes	Bacteria	k__Bacteria|p__Firmicutes|c__CFGB1776|o__OFGB1776|f__FGB1776|g__GGB33665|s__GGB33665_SGB47358
GGB4723_SGB6540	GGB4723	FGB1780	OFGB1780	CFGB1780	Firmicutes	Bacteria	k__Bacteria|p__Firmicutes|c__CFGB1780|o__OFGB1780|f__FGB1780|g__GGB4723|s__GGB4723_SGB6540
Weissella_confusa	Weissella	Lactobacillaceae	Lactobacillales	Bacilli	Firmicutes	Bacteria	k__Bacteria|p__Firmicutes|c__Bacilli|o__Lactobacillales|f__Lactobacillaceae|g__Weissella|s__Weissella_confusa
Peptoniphilus_pacaensis	Peptoniphilus	Peptoniphilaceae	Tissierellales	Tissierellia	Firmicutes	Bacteria	k__Bacteria|p__Firmicutes|c__Tissierellia|o__Tissierellales|f__Peptoniphilaceae|g__Peptoniphilus|s__Peptoniphilus_pacaensis
GGB28645_SGB41268	GGB28645	Eubacteriaceae	Eubacteriales	Clostridia	Firmicutes	Bacteria	k__Bacteria|p__Firmicutes|c__Clostridia|o__Eubacteriales|f__Eubacteriaceae|g__GGB28645|s__GGB28645_SGB41268
Desulfovibrio_porci	Desulfovibrio	Desulfovibrionaceae	Desulfovibrionales	Deltaproteobacteria	Proteobacteria	Bacteria	k__Bacteria|p__Proteobacteria|c__Deltaproteobacteria|o__Desulfovibrionales|f__Desulfovibrionaceae|g__Desulfovibrio|s__Desulfovibrio_porci
Victivallis_vadensis	Victivallis	Victivallaceae	Victivallales	Lentisphaeria	Lentisphaerae	Bacteria	k__Bacteria|p__Lentisphaerae|c__Lentisphaeria|o__Victivallales|f__Victivallaceae|g__Victivallis|s__Victivallis_vadensis
Micrococcus_flavus	Micrococcus	Micrococcaceae	Micrococcales	Actinomycetia	Actinobacteria	Bacteria	k__Bacteria|p__Actinobacteria|c__Actinomycetia|o__Micrococcales|f__Micrococcaceae|g__Micrococcus|s__Micrococcus_flavus
Sutterella_sp_AM11_39	Sutterella	Sutterellaceae	Burkholderiales	Betaproteobacteria	Proteobacteria	Bacteria	k__Bacteria|p__Proteobacteria|c__Betaproteobacteria|o__Burkholderiales|f__Sutterellaceae|g__Sutterella|s__Sutterella_sp_AM11_39
Bacteroidales_bacterium	Bacteroidales_unclassified	Bacteroidales_unclassified	Bacteroidales	Bacteroidia	Bacteroidetes	Bacteria	k__Bacteria|p__Bacteroidetes|c__Bacteroidia|o__Bacteroidales|f__Bacteroidales_unclassified|g__Bacteroidales_unclassified|s__Bacteroidales_bacterium
GGB9524_SGB14923	GGB9524	FGB74461	OFGB74461	CFGB74461	Firmicutes	Bacteria	k__Bacteria|p__Firmicutes|c__CFGB74461|o__OFGB74461|f__FGB74461|g__GGB9524|s__GGB9524_SGB14923
GGB3033_SGB4028	GGB3033	FGB1249	OFGB1249	CFGB1249	Firmicutes	Bacteria	k__Bacteria|p__Firmicutes|c__CFGB1249|o__OFGB1249|f__FGB1249|g__GGB3033|s__GGB3033_SGB4028
GGB9536_SGB14939	GGB9536	Clostridia_unclassified	Clostridia_unclassified	Clostridia	Firmicutes	Bacteria	k__Bacteria|p__Firmicutes|c__Clostridia|o__Clostridia_unclassified|f__Clostridia_unclassified|g__GGB9536|s__GGB9536_SGB14939
GGB3003_SGB3994	GGB3003	FGB1227	OFGB1227	CFGB1227	Firmicutes	Bacteria	k__Bacteria|p__Firmicutes|c__CFGB1227|o__OFGB1227|f__FGB1227|g__GGB3003|s__GGB3003_SGB3994
Eubacteriales_unclassified_SGB71281	Eubacteriales_unclassified	Eubacteriales_unclassified	Eubacteriales	Clostridia	Firmicutes	Bacteria	k__Bacteria|p__Firmicutes|c__Clostridia|o__Eubacteriales|f__Eubacteriales_unclassified|g__Eubacteriales_unclassified|s__Eubacteriales_unclassified_SGB71281
GGB10692_SGB17347	GGB10692	FGB3172	OFGB3172	CFGB3172	Firmicutes	Bacteria	k__Bacteria|p__Firmicutes|c__CFGB3172|o__OFGB3172|f__FGB3172|g__GGB10692|s__GGB10692_SGB17347
Candidatus_Pseudoruminococcus_merdavium	Candidatus_Pseudoruminococcus	Clostridia_unclassified	Clostridia_unclassified	Clostridia	Firmicutes	Bacteria	k__Bacteria|p__Firmicutes|c__Clostridia|o__Clostridia_unclassified|f__Clostridia_unclassified|g__Candidatus_Pseudoruminococcus|s__Candidatus_Pseudoruminococcus_merdavium
GGB32024_SGB48242	GGB32024	Muribaculaceae	Bacteroidales	Bacteroidia	Bacteroidetes	Bacteria	k__Bacteria|p__Bacteroidetes|c__Bacteroidia|o__Bacteroidales|f__Muribaculaceae|g__GGB32024|s__GGB32024_SGB48242
GGB3654_SGB4965	GGB3654	FGB4529	OFGB4529	CFGB4529	Firmicutes	Bacteria	k__Bacteria|p__Firmicutes|c__CFGB4529|o__OFGB4529|f__FGB4529|g__GGB3654|s__GGB3654_SGB4965
GGB3516_SGB4695	GGB3516	Lachnospiraceae	Eubacteriales	Clostridia	Firmicutes	Bacteria	k__Bacteria|p__Firmicutes|c__Clostridia|o__Eubacteriales|f__Lachnospiraceae|g__GGB3516|s__GGB3516_SGB4695
GGB4897_SGB106351	GGB4897	Turicibacteraceae	Erysipelotrichales	Erysipelotrichia	Firmicutes	Bacteria	k__Bacteria|p__Firmicutes|c__Erysipelotrichia|o__Erysipelotrichales|f__Turicibacteraceae|g__GGB4897|s__GGB4897_SGB106351
Candidatus_Alloscillospira_gallinarum	Candidatus_Alloscillospira	Clostridia_unclassified	Clostridia_unclassified	Clostridia	Firmicutes	Bacteria	k__Bacteria|p__Firmicutes|c__Clostridia|o__Clostridia_unclassified|f__Clostridia_unclassified|g__Candidatus_Alloscillospira|s__Candidatus_Alloscillospira_gallinarum
Blautia_SGB47660	Blautia	Lachnospiraceae	Eubacteriales	Clostridia	Firmicutes	Bacteria	k__Bacteria|p__Firmicutes|c__Clostridia|o__Eubacteriales|f__Lachnospiraceae|g__Blautia|s__Blautia_SGB47660
GGB3626_SGB4905	GGB3626	Clostridiaceae	Eubacteriales	Clostridia	Firmicutes	Bacteria	k__Bacteria|p__Firmicutes|c__Clostridia|o__Eubacteriales|f__Clostridiaceae|g__GGB3626|s__GGB3626_SGB4905
GGB3524_SGB4704	GGB3524	Clostridiaceae	Eubacteriales	Clostridia	Firmicutes	Bacteria	k__Bacteria|p__Firmicutes|c__Clostridia|o__Eubacteriales|f__Clostridiaceae|g__GGB3524|s__GGB3524_SGB4704
Veillonella_seminalis	Veillonella	Veillonellaceae	Veillonellales	Negativicutes	Firmicutes	Bacteria	k__Bacteria|p__Firmicutes|c__Negativicutes|o__Veillonellales|f__Veillonellaceae|g__Veillonella|s__Veillonella_seminalis
Eubacterium_callanderi	Eubacterium	Eubacteriaceae	Eubacteriales	Clostridia	Firmicutes	Bacteria	k__Bacteria|p__Firmicutes|c__Clostridia|o__Eubacteriales|f__Eubacteriaceae|g__Eubacterium|s__Eubacterium_callanderi
GGB74827_SGB4137	GGB74827	FGB1304	OFGB1304	CFGB1304	Firmicutes	Bacteria	k__Bacteria|p__Firmicutes|c__CFGB1304|o__OFGB1304|f__FGB1304|g__GGB74827|s__GGB74827_SGB4137
Enterobacter_kobei	Enterobacter	Enterobacteriaceae	Enterobacterales	Gammaproteobacteria	Proteobacteria	Bacteria	k__Bacteria|p__Proteobacteria|c__Gammaproteobacteria|o__Enterobacterales|f__Enterobacteriaceae|g__Enterobacter|s__Enterobacter_kobei
Clostridiales_bacterium_BX7	Eubacteriales_unclassified	Eubacteriales_unclassified	Eubacteriales	Clostridia	Firmicutes	Bacteria	k__Bacteria|p__Firmicutes|c__Clostridia|o__Eubacteriales|f__Eubacteriales_unclassified|g__Eubacteriales_unclassified|s__Clostridiales_bacterium_BX7
Porphyromonas_pasteri	Porphyromonas	Porphyromonadaceae	Bacteroidales	Bacteroidia	Bacteroidetes	Bacteria	k__Bacteria|p__Bacteroidetes|c__Bacteroidia|o__Bacteroidales|f__Porphyromonadaceae|g__Porphyromonas|s__Porphyromonas_pasteri
Prevotella_salivae	Prevotella	Prevotellaceae	Bacteroidales	Bacteroidia	Bacteroidetes	Bacteria	k__Bacteria|p__Bacteroidetes|c__Bacteroidia|o__Bacteroidales|f__Prevotellaceae|g__Prevotella|s__Prevotella_salivae
GGB1144_SGB1468	GGB1144	Prevotellaceae	Bacteroidales	Bacteroidia	Bacteroidetes	Bacteria	k__Bacteria|p__Bacteroidetes|c__Bacteroidia|o__Bacteroidales|f__Prevotellaceae|g__GGB1144|s__GGB1144_SGB1468
Ligilactobacillus_salivarius	Ligilactobacillus	Lactobacillaceae	Lactobacillales	Bacilli	Firmicutes	Bacteria	k__Bacteria|p__Firmicutes|c__Bacilli|o__Lactobacillales|f__Lactobacillaceae|g__Ligilactobacillus|s__Ligilactobacillus_salivarius
Actinomyces_sp_ph3	Actinomyces	Actinomycetaceae	Actinomycetales	Actinomycetia	Actinobacteria	Bacteria	k__Bacteria|p__Actinobacteria|c__Actinomycetia|o__Actinomycetales|f__Actinomycetaceae|g__Actinomyces|s__Actinomyces_sp_ph3
Clostridium_massiliamazoniense	Clostridium	Clostridiaceae	Eubacteriales	Clostridia	Firmicutes	Bacteria	k__Bacteria|p__Firmicutes|c__Clostridia|o__Eubacteriales|f__Clostridiaceae|g__Clostridium|s__Clostridium_massiliamazoniense
Bifidobacterium_catenulatum	Bifidobacterium	Bifidobacteriaceae	Bifidobacteriales	Actinomycetia	Actinobacteria	Bacteria	k__Bacteria|p__Actinobacteria|c__Actinomycetia|o__Bifidobacteriales|f__Bifidobacteriaceae|g__Bifidobacterium|s__Bifidobacterium_catenulatum
GGB48165_SGB66168	GGB48165	FGB45503	OFGB45503	CFGB45503	Firmicutes	Bacteria	k__Bacteria|p__Firmicutes|c__CFGB45503|o__OFGB45503|f__FGB45503|g__GGB48165|s__GGB48165_SGB66168
Candidatus_Neochristensenella_gallicola	Candidatus_Neochristensenella	Clostridia_unclassified	Clostridia_unclassified	Clostridia	Firmicutes	Bacteria	k__Bacteria|p__Firmicutes|c__Clostridia|o__Clostridia_unclassified|f__Clostridia_unclassified|g__Candidatus_Neochristensenella|s__Candidatus_Neochristensenella_gallicola
Bacteroides_clarus	Bacteroides	Bacteroidaceae	Bacteroidales	Bacteroidia	Bacteroidetes	Bacteria	k__Bacteria|p__Bacteroidetes|c__Bacteroidia|o__Bacteroidales|f__Bacteroidaceae|g__Bacteroides|s__Bacteroides_clarus
Bacteroides_sp_AM10_21B	Bacteroides	Bacteroidaceae	Bacteroidales	Bacteroidia	Bacteroidetes	Bacteria	k__Bacteria|p__Bacteroidetes|c__Bacteroidia|o__Bacteroidales|f__Bacteroidaceae|g__Bacteroides|s__Bacteroides_sp_AM10_21B
GGB1455_SGB2018	GGB1455	FGB618	OFGB618	CFGB618	Bacteroidetes	Bacteria	k__Bacteria|p__Bacteroidetes|c__CFGB618|o__OFGB618|f__FGB618|g__GGB1455|s__GGB1455_SGB2018
Pseudomonas_guguanensis	Pseudomonas	Pseudomonadaceae	Pseudomonadales	Gammaproteobacteria	Proteobacteria	Bacteria	k__Bacteria|p__Proteobacteria|c__Gammaproteobacteria|o__Pseudomonadales|f__Pseudomonadaceae|g__Pseudomonas|s__Pseudomonas_guguanensis
Aggregatibacter_kilianii	Aggregatibacter	Pasteurellaceae	Pasteurellales	Gammaproteobacteria	Proteobacteria	Bacteria	k__Bacteria|p__Proteobacteria|c__Gammaproteobacteria|o__Pasteurellales|f__Pasteurellaceae|g__Aggregatibacter|s__Aggregatibacter_kilianii
GGB32451_SGB47419	GGB32451	Clostridia_unclassified	Clostridia_unclassified	Clostridia	Firmicutes	Bacteria	k__Bacteria|p__Firmicutes|c__Clostridia|o__Clostridia_unclassified|f__Clostridia_unclassified|g__GGB32451|s__GGB32451_SGB47419
Lachnoclostridium_sp_An14	Lachnoclostridium	Lachnospiraceae	Eubacteriales	Clostridia	Firmicutes	Bacteria	k__Bacteria|p__Firmicutes|c__Clostridia|o__Eubacteriales|f__Lachnospiraceae|g__Lachnoclostridium|s__Lachnoclostridium_sp_An14
Candidatus_Avispirillum_faecium	Candidatus_Avispirillum	Clostridia_unclassified	Clostridia_unclassified	Clostridia	Firmicutes	Bacteria	k__Bacteria|p__Firmicutes|c__Clostridia|o__Clostridia_unclassified|f__Clostridia_unclassified|g__Candidatus_Avispirillum|s__Candidatus_Avispirillum_faecium
GGB79432_SGB105802	GGB79432	Clostridia_unclassified	Clostridia_unclassified	Clostridia	Firmicutes	Bacteria	k__Bacteria|p__Firmicutes|c__Clostridia|o__Clostridia_unclassified|f__Clostridia_unclassified|g__GGB79432|s__GGB79432_SGB105802
GGB4588_SGB6347	GGB4588	FGB1765	OFGB1765	CFGB1765	Firmicutes	Bacteria	k__Bacteria|p__Firmicutes|c__CFGB1765|o__OFGB1765|f__FGB1765|g__GGB4588|s__GGB4588_SGB6347
Lacticaseibacillus_paracasei	Lacticaseibacillus	Lactobacillaceae	Lactobacillales	Bacilli	Firmicutes	Bacteria	k__Bacteria|p__Firmicutes|c__Bacilli|o__Lactobacillales|f__Lactobacillaceae|g__Lacticaseibacillus|s__Lacticaseibacillus_paracasei
GGB4707_SGB6517	GGB4707	FGB31455	OFGB31455	CFGB31455	Firmicutes	Bacteria	k__Bacteria|p__Firmicutes|c__CFGB31455|o__OFGB31455|f__FGB31455|g__GGB4707|s__GGB4707_SGB6517
Streptococcus_australis	Streptococcus	Streptococcaceae	Lactobacillales	Bacilli	Firmicutes	Bacteria	k__Bacteria|p__Firmicutes|c__Bacilli|o__Lactobacillales|f__Streptococcaceae|g__Streptococcus|s__Streptococcus_australis
Anaerococcus_lactolyticus	Anaerococcus	Peptoniphilaceae	Tissierellales	Tissierellia	Firmicutes	Bacteria	k__Bacteria|p__Firmicutes|c__Tissierellia|o__Tissierellales|f__Peptoniphilaceae|g__Anaerococcus|s__Anaerococcus_lactolyticus
Clostridiales_bacterium_S5_A14a	Eubacteriales_Family_XIII_Incertae_Sedis_unclassified	Eubacteriales_Family_XIII_Incertae_Sedis	Eubacteriales	Clostridia	Firmicutes	Bacteria	k__Bacteria|p__Firmicutes|c__Clostridia|o__Eubacteriales|f__Eubacteriales_Family_XIII_Incertae_Sedis|g__Eubacteriales_Family_XIII_Incertae_Sedis_unclassified|s__Clostridiales_bacterium_S5_A14a
GGB3491_SGB4665	GGB3491	FGB1425	OFGB1425	CFGB1425	Firmicutes	Bacteria	k__Bacteria|p__Firmicutes|c__CFGB1425|o__OFGB1425|f__FGB1425|g__GGB3491|s__GGB3491_SGB4665
GGB39037_SGB4393	GGB39037	FGB1359	OFGB1359	CFGB1359	Firmicutes	Bacteria	k__Bacteria|p__Firmicutes|c__CFGB1359|o__OFGB1359|f__FGB1359|g__GGB39037|s__GGB39037_SGB4393
GGB1153_SGB1481	GGB1153	Prevotellaceae	Bacteroidales	Bacteroidia	Bacteroidetes	Bacteria	k__Bacteria|p__Bacteroidetes|c__Bacteroidia|o__Bacteroidales|f__Prevotellaceae|g__GGB1153|s__GGB1153_SGB1481
GGB1354_SGB1818	GGB1354	Bacteroidaceae	Bacteroidales	Bacteroidia	Bacteroidetes	Bacteria	k__Bacteria|p__Bacteroidetes|c__Bacteroidia|o__Bacteroidales|f__Bacteroidaceae|g__GGB1354|s__GGB1354_SGB1818
GGB4386_SGB6036	GGB4386	Fusobacteriaceae	Fusobacteriales	Fusobacteriia	Fusobacteria	Bacteria	k__Bacteria|p__Fusobacteria|c__Fusobacteriia|o__Fusobacteriales|f__Fusobacteriaceae|g__GGB4386|s__GGB4386_SGB6036
Streptococcus_intermedius	Streptococcus	Streptococcaceae	Lactobacillales	Bacilli	Firmicutes	Bacteria	k__Bacteria|p__Firmicutes|c__Bacilli|o__Lactobacillales|f__Streptococcaceae|g__Streptococcus|s__Streptococcus_intermedius
Anaeromassilibacillus_sp_An172	Anaeromassilibacillus	Oscillospiraceae	Eubacteriales	Clostridia	Firmicutes	Bacteria	k__Bacteria|p__Firmicutes|c__Clostridia|o__Eubacteriales|f__Oscillospiraceae|g__Anaeromassilibacillus|s__Anaeromassilibacillus_sp_An172
GGB6002_SGB24096	GGB6002	FGB2107	OFGB2107	CFGB2107	Candidatus_Melainabacteria	Bacteria	k__Bacteria|p__Candidatus_Melainabacteria|c__CFGB2107|o__OFGB2107|f__FGB2107|g__GGB6002|s__GGB6002_SGB24096
GGB3569_SGB4776	GGB3569	Lachnospiraceae	Eubacteriales	Clostridia	Firmicutes	Bacteria	k__Bacteria|p__Firmicutes|c__Clostridia|o__Eubacteriales|f__Lachnospiraceae|g__GGB3569|s__GGB3569_SGB4776
